,region_id2,calBP,mean_kde,lo10_kde,hi90_kde,StKDE,StKDE_lo,StKDE_hi,PeriodID
1,SE China (20),11490,7.35021021820956E-06,3.95097819140861E-13,1.16817337540896E-05,0,-0.00299518166780449,0.00176507884816259,Early Holocence
2,SE China (20),11460,7.83211789875372E-06,4.63950304403688E-16,1.63501731458852E-05,0.000196375489282153,-0.00299518182861624,0.00366744958587889,Early Holocence
3,SE China (20),11430,8.35743852514357E-06,2.40741883546838E-16,2.22682973429086E-05,0.000410441583686017,-0.0029951818287072,0.00607906197917114,Early Holocence
4,SE China (20),11400,9.14930781321285E-06,1.47253183399532E-17,2.88042484375463E-05,0.000733125212045132,-0.0029951818287993,0.00874243640948609,Early Holocence
5,SE China (20),11370,1.0510181697101E-05,2.09307092750643E-20,3.60991205811468E-05,0.00128767598097681,-0.00299518182880529,0.0117150681899813,Early Holocence
6,SE China (20),11340,1.18898535369113E-05,3.26253248363817E-20,4.11226538262542E-05,0.00184988684320173,-0.00299518182880529,0.0137621382798773,Early Holocence
7,SE China (20),11310,1.4058127286593E-05,1.49598207180337E-18,5.44082444617815E-05,0.00273344988998819,-0.00299518182880469,0.0191759643440481,Early Holocence
8,SE China (20),11280,1.76543821815724E-05,1.26545885023269E-19,7.27584316132517E-05,0.00419890965146672,-0.00299518182880525,0.0266535936198878,Early Holocence
9,SE China (20),11250,2.1280086028504E-05,1.4363204731223E-19,8.78613009450633E-05,0.00567636974533658,-0.00299518182880524,0.0328079536235506,Early Holocence
10,SE China (20),11220,2.51762410991467E-05,1.29650595203813E-17,9.91901807031863E-05,0.00726403765187967,-0.00299518182880002,0.0374244276814199,Early Holocence
11,SE China (20),11190,2.94867454638062E-05,4.57483949697122E-17,0.000100372391946613,0.00902055127022884,-0.00299518182878666,0.037906174125263,Early Holocence
12,SE China (20),11160,3.38016602389061E-05,7.87428345947883E-17,0.000105255014019865,0.0107788621135302,-0.00299518182877321,0.039895823465427,Early Holocence
13,SE China (20),11130,3.76613463948139E-05,5.26035164915904E-13,0.000108961254721262,0.0123516690803876,-0.00299518161444803,0.0414061020115428,Early Holocence
14,SE China (20),11100,4.09348967136227E-05,1.72921100815423E-12,0.000108599493460606,0.0136856279930573,-0.0029951811241586,0.0412586857170267,Early Holocence
15,SE China (20),11070,4.42061754959485E-05,2.935011295709E-12,0.000129496385104314,0.0150186612635214,-0.00299518063279971,0.0497740870826483,Early Holocence
16,SE China (20),11040,4.47577818066225E-05,4.01751197322966E-12,0.000128414958647421,0.0152434386711514,-0.00299518019168493,0.0493334100439358,Early Holocence
17,SE China (20),11010,4.2387676875171E-05,1.23499663743694E-11,0.000106160277671,0.0142776302095841,-0.00299517679624245,0.0402647148518856,Early Holocence
18,SE China (20),10980,4.00176558694768E-05,2.11236507981379E-11,0.000113811306609806,0.0133118559474336,-0.00299517322100047,0.0433824791292123,Early Holocence
19,SE China (20),10950,3.80385072872692E-05,1.1191948440935E-10,0.000113807626188189,0.0125053606644487,-0.00299513622205447,0.0433809793718418,Early Holocence
20,SE China (20),10920,3.64068401214993E-05,6.57101838579769E-11,0.000101002329119153,0.0118404626954811,-0.00299515505216316,0.0381628710518088,Early Holocence
21,SE China (20),10890,3.47856869552106E-05,9.35645938426808E-11,0.00010532632390222,0.0111798491400553,-0.00299514370160037,0.0399248819627357,Early Holocence
22,SE China (20),10860,3.51822324071295E-05,1.02496231402391E-10,0.00010702923668668,0.0113414398560515,-0.0029951400619931,0.0406188122418206,Early Holocence
23,SE China (20),10830,3.70774714131385E-05,5.93219255402897E-11,0.000106659808169434,0.0121137423159156,-0.00299515765535336,0.040468271570323,Early Holocence
24,SE China (20),10800,3.89616444812712E-05,3.57530366209051E-10,0.000123189437440743,0.0128815354495071,-0.00299503613658367,0.0472040306521051,Early Holocence
25,SE China (20),10770,3.99931113792935E-05,1.60301239058296E-10,0.000114800800466914,0.0133018541639728,-0.00299511650667925,0.043785693994167,Early Holocence
26,SE China (20),10740,4.04909794821425E-05,3.93690733548792E-10,0.000109071627904244,0.0135047334627309,-0.00299502140137584,0.0414510786506104,Early Holocence
27,SE China (20),10710,4.09901921928603E-05,1.51766809841787E-09,0.00013099460471253,0.0137081606839206,-0.00299456338500906,0.0503846056954318,Early Holocence
28,SE China (20),10680,4.15466488528112E-05,1.02722882953401E-08,0.000117819408974388,0.0139349145898529,-0.00299099591162347,0.0450157651188628,Early Holocence
29,SE China (20),10650,4.21334292718171E-05,2.54459102848425E-08,0.000111626718069939,0.0141740253086391,-0.00298481272018937,0.0424922678694288,Early Holocence
30,SE China (20),10620,4.2927552783542E-05,7.92665921214788E-08,0.00012710068990101,0.0144976275242944,-0.00296288100348123,0.0487978506856926,Early Holocence
31,SE China (20),10590,4.93939359147863E-05,1.10452406412977E-06,0.00011678784634573,0.0171326532824439,-0.00254509260575645,0.0445954073945386,Early Holocence
32,SE China (20),10560,5.84104447939764E-05,2.56387570160631E-06,0.000131212954930005,0.0208068452786547,-0.00195041253856897,0.0504735825524579,Early Holocence
33,SE China (20),10530,6.7624209408607E-05,4.45715677027137E-06,0.000148829594407288,0.0245614182132167,-0.00117890793049151,0.0576522940287978,Early Holocence
34,SE China (20),10500,8.06088022579525E-05,1.3393095616305E-05,0.000163473823719508,0.0298525888603425,0.00246245209328683,0.0636197600237369,Early Neolithic
35,SE China (20),10470,9.50342017124504E-05,2.53038743834855E-05,0.000180217367479429,0.0357308825467366,0.00731604771453822,0.0704426884204349,Early Neolithic
36,SE China (20),10440,0.000109263749083971,3.09919710447507E-05,0.000194679423462034,0.0415293672776512,0.0096339247894145,0.0763359194982278,Early Neolithic
37,SE China (20),10410,0.000120710830173023,5.19401491465919E-05,0.000187387784435445,0.0461940079141666,0.0181702251855269,0.0733646052002312,Early Neolithic
38,SE China (20),10380,0.000131256308328288,6.60387633427978E-05,0.000194802129844756,0.0504912488921812,0.0239153551611562,0.0763859218678058,Early Neolithic
39,SE China (20),10350,0.000141738448145017,6.55852049944967E-05,0.000224913246021073,0.0547626797457209,0.0237305319135477,0.0886560835827614,Early Neolithic
40,SE China (20),10320,0.000151528718026096,7.76293831587385E-05,0.000223338793242835,0.0587521763147118,0.0286384872657714,0.0880145002522591,Early Neolithic
41,SE China (20),10290,0.000161129114684617,8.38225097463182E-05,0.000238909840936056,0.0626643002903891,0.031162162054372,0.0943596411015173,Early Neolithic
42,SE China (20),10260,0.00017165990511671,7.73481027735991E-05,0.000265250602222825,0.0669555560788318,0.0285238666122993,0.105093397990208,Early Neolithic
43,SE China (20),10230,0.000190259895165375,9.41277226604705E-05,0.000289231257381663,0.0745349790552935,0.0353614958892017,0.114865420890539,Early Neolithic
44,SE China (20),10200,0.000210723152866446,0.000102374074787794,0.000322204024726109,0.0828736762904506,0.0387218520303769,0.128301694230156,Early Neolithic
45,SE China (20),10170,0.000232167659659721,8.95919389110796E-05,0.000364677408523352,0.0916122286812086,0.0335131818053529,0.145609431503059,Early Neolithic
46,SE China (20),10140,0.000260491700741123,0.000117197405777757,0.000401144255529487,0.10315416430574,0.0447623012563745,0.160469528597426,Early Neolithic
47,SE China (20),10110,0.000290144989141808,0.000131094332744423,0.000446386002180153,0.115237762998199,0.0504252444771919,0.17890536287272,Early Neolithic
48,SE China (20),10080,0.00031687759418738,0.000125644750924061,0.000501507041803369,0.126131194681386,0.0482045612642821,0.201366970277539,Early Neolithic
49,SE China (20),10050,0.000326769398392731,0.000172344495075948,0.000478707238585204,0.130162066089195,0.0672345238015523,0.192076139910511,Early Neolithic
50,SE China (20),10020,0.000333968285673121,0.000177061001835534,0.000494463524712354,0.133095584414483,0.0691564818030733,0.198496764694899,Early Neolithic
51,SE China (20),9990,0.000338790136450545,0.00016971065647465,0.000520844140574218,0.135060469690006,0.0661612449041584,0.209246762166589,Early Neolithic
52,SE China (20),9960,0.000332214750855574,0.000176652076285646,0.000475727164639828,0.132381025855508,0.0689898462457223,0.190861771468698,Early Neolithic
53,SE China (20),9930,0.000324149971226632,0.000159791130629321,0.000479305958029569,0.129094659795108,0.0621190770368111,0.192320115735294,Early Neolithic
54,SE China (20),9900,0.000314687613037168,0.000149613129319744,0.00048413370111352,0.125238785954042,0.0579715814317905,0.19428740210261,Early Neolithic
55,SE China (20),9870,0.000299604717057322,0.000141347386269469,0.000443501364089333,0.119092565012949,0.0546033235655838,0.177729884167241,Early Neolithic
56,SE China (20),9840,0.000283931940790186,0.000133028929898537,0.000421230870199545,0.112705970168905,0.0512135852280054,0.168654745275028,Early Neolithic
57,SE China (20),9810,0.00026834632317346,0.000110331718712555,0.00041555114047356,0.106354892132977,0.0419645607116196,0.166340277693454,Early Neolithic
58,SE China (20),9780,0.000253056696758814,0.000103284701578814,0.000412177057000996,0.100124429350713,0.0390929288752989,0.164965351915025,Early Neolithic
59,SE China (20),9750,0.000237791405124421,8.86822793556362E-05,0.000430108050100026,0.0939038828959363,0.0331424991051339,0.172272161259007,Early Neolithic
60,SE China (20),9720,0.000224020989175673,7.44022242175021E-05,0.000419915906744608,0.0882924924186138,0.0273234326574676,0.168118902825786,Early Neolithic
61,SE China (20),9690,0.00021455048169968,7.8638093124638E-05,0.0003769609823085,0.0844332977752572,0.0290495326196733,0.150614939631645,Early Neolithic
62,SE China (20),9660,0.000205348864359718,7.62925675724273E-05,0.000330961315207618,0.0806836748074682,0.0280937401587209,0.131870255746234,Early Neolithic
63,SE China (20),9630,0.000198406431047476,7.72298613805424E-05,0.000324199519062871,0.0778546604681225,0.0284756837084935,0.129114850343997,Early Neolithic
64,SE China (20),9600,0.000196987621643568,8.94601956594166E-05,0.000318666906095768,0.0772765012020659,0.0334594969471334,0.126860332264525,Early Neolithic
65,SE China (20),9570,0.000195818340366045,9.85048235417647E-05,0.000294698066199234,0.076800023668604,0.0371451473268192,0.11709312403723,Early Neolithic
66,SE China (20),9540,0.000196298890697425,8.80392105360218E-05,0.000307333374324918,0.0769958460434266,0.0328804510839211,0.122241962529719,Early Neolithic
67,SE China (20),9510,0.00020020312201703,9.12122366635149E-05,0.000308267445844642,0.0785868049897387,0.0341734467829892,0.122622593009613,Early Neolithic
68,SE China (20),9480,0.000204212790400511,9.16095215676964E-05,0.000312694419130511,0.080220729125947,0.0343353388228815,0.124426567256444,Early Neolithic
69,SE China (20),9450,0.000213280422580405,8.74786731967406E-05,0.000339613089154733,0.083915753666636,0.0326520343171703,0.135395819688492,Early Neolithic
70,SE China (20),9420,0.00023125421880273,0.000106735596435417,0.000358856080888044,0.0912400051154429,0.0404991549913912,0.14323726332893,Early Neolithic
71,SE China (20),9390,0.000249393925454824,0.000120605088988952,0.000403892787496374,0.0986318644135087,0.0461509187964838,0.161589544591351,Early Neolithic
72,SE China (20),9360,0.000277166817871366,0.000138764096105811,0.000425287745257292,0.109949209119284,0.053550642958225,0.170307905945806,Early Neolithic
73,SE China (20),9330,0.000319266893325239,0.000178886034836072,0.000462130735452583,0.127104824706765,0.0699001755911284,0.185321279914132,Early Neolithic
74,SE China (20),9300,0.000361501352427809,0.000207743663670369,0.000509024182049095,0.144315201103897,0.0816595461316826,0.204430175437686,Early Neolithic
75,SE China (20),9270,0.000405247553448139,0.000242895905983343,0.000561402932357173,0.162141606401904,0.0959839469708232,0.225774310704677,Early Neolithic
76,SE China (20),9240,0.000450882317317584,0.000298028912651153,0.000614218202113185,0.180737593652032,0.118450430899367,0.247296325934221,Early Neolithic
77,SE China (20),9210,0.000496522628007727,0.000335480740628037,0.000690728012322214,0.199335841209834,0.133711903875201,0.278473773443912,Early Neolithic
78,SE China (20),9180,0.000524596352554777,0.000355352662980789,0.000747554603056333,0.210775773828617,0.141809634275747,0.301630386235492,Early Neolithic
79,SE China (20),9150,0.000534404614070074,0.000371503837833822,0.000717882341817532,0.21477260191797,0.14839117466677,0.289539056185932,Early Neolithic
80,SE China (20),9120,0.000544209606339144,0.000356478393007256,0.000722649733060346,0.21876809780231,0.142268364845256,0.291481749414747,Early Neolithic
81,SE China (20),9090,0.000551576165627303,0.000359301003716337,0.000729635124393821,0.221769941812982,0.143418567636012,0.294328268979219,Early Neolithic
82,SE China (20),9060,0.000556842051491298,0.000372696199624899,0.000743674916277899,0.223915769644317,0.14887705741896,0.300049429093418,Early Neolithic
83,SE China (20),9030,0.000562139999984724,0.00035314290603041,0.000772059253420767,0.226074662871363,0.140909166987416,0.311615935126454,Early Neolithic
84,SE China (20),9000,0.000572556608867191,0.000362296340888748,0.000773663745784715,0.230319390126271,0.144639155782964,0.312269759470287,Early Neolithic
85,SE China (20),8970,0.00058666278446497,0.000380223664058422,0.000781811339275482,0.236067601343378,0.151944469645131,0.315589871854498,Early Neolithic
86,SE China (20),8940,0.000600755049940216,0.000388470079375356,0.000809739716980696,0.241810144240123,0.155304851535825,0.326970576205434,Early Neolithic
87,SE China (20),8910,0.000613896444803399,0.000411871468288476,0.000806698529218755,0.247165211092748,0.164840825713507,0.325731304123122,Early Neolithic
88,SE China (20),8880,0.00062645962345154,0.000438952728405536,0.000806858964087158,0.252284657106104,0.17587633297054,0.325796680702605,Early Neolithic
89,SE China (20),8850,0.000639142248814469,0.000435892491272706,0.000829662165753709,0.257452777187144,0.174629298344322,0.335088895924018,Early Neolithic
90,SE China (20),8820,0.000656527389765622,0.000466767442474034,0.000848128440001688,0.264537153922262,0.18721071983542,0.342613830236272,Early Neolithic
91,SE China (20),8790,0.000676332960520737,0.000499458175695085,0.000867962252013961,0.272607846307069,0.200532065376182,0.35069603082258,Early Neolithic
92,SE China (20),8760,0.000696064995244165,0.000508900127608054,0.000902692483974763,0.280648573047449,0.204379623739631,0.364848464098771,Early Neolithic
93,SE China (20),8730,0.000713918664989632,0.000540986065276188,0.000907485202148307,0.287923873428196,0.217454517465213,0.3668014779525,Early Neolithic
94,SE China (20),8700,0.000730950804469358,0.0005420318565541,0.00091019973951101,0.294864403448544,0.217880673308289,0.367907641278583,Early Neolithic
95,SE China (20),8670,0.000748039275390893,0.000528496488654936,0.000967494906224372,0.30182788831044,0.21236506398907,0.391255196943465,Early Neolithic
96,SE China (20),8640,0.00076614914180557,0.000544271269630064,0.000988217281745265,0.309207587828822,0.218793225351453,0.399699483673671,Early Neolithic
97,SE China (20),8610,0.000784638358343148,0.000576800730983507,0.000990256899415692,0.316741871034084,0.23204885323884,0.400530619872884,Early Neolithic
98,SE China (20),8580,0.000804201614803069,0.000572820381082894,0.00103764461248264,0.324713821294207,0.230426876269383,0.419840927044116,Early Neolithic
99,SE China (20),8550,0.000838293482796791,0.000644621702823185,0.00106375284983506,0.338606123758135,0.259685633199618,0.430479931341757,Early Neolithic
100,SE China (20),8520,0.000876964556751554,0.000717791239367242,0.0010800464959544,0.354364434686813,0.289501932294836,0.437119528214885,Early Neolithic
101,SE China (20),8490,0.000912229845890908,0.000744882660562784,0.00108837242871216,0.368734901664217,0.300541580151488,0.440512313150765,Early Neolithic
102,SE China (20),8460,0.000911786737472822,0.000770008728346315,0.00106371913039776,0.368554336722176,0.310780354202892,0.430466190803342,Early Neolithic
103,SE China (20),8430,0.000901826401945292,0.000762281673666933,0.00104662784686473,0.36449553906943,0.307631609734532,0.423501559813294,Early Neolithic
104,SE China (20),8400,0.000889805717629795,0.000722566192964586,0.00105622851407386,0.359597157368402,0.291447707153455,0.427413794037284,Early Neolithic
105,SE China (20),8370,0.000860583692035314,0.000700959666285361,0.00101967237949142,0.347689296577614,0.282643132294782,0.412517312605852,Early Neolithic
106,SE China (20),8340,0.000827506071197418,0.000679810452983617,0.000985957760541186,0.334210295850759,0.274024910843376,0.398778737647185,Early Neolithic
107,SE China (20),8310,0.000799417332092036,0.000645806585641745,0.000958437058030416,0.322764244858358,0.260168468299847,0.387564159338662,Early Neolithic
108,SE China (20),8280,0.000805117432096105,0.00067527795227627,0.000953405103200884,0.325087013248338,0.272177934586281,0.385513657486151,Early Neolithic
109,SE China (20),8250,0.000817143640875151,0.000686261965974794,0.000969032597593485,0.329987646146589,0.276653877077785,0.391881800143965,Early Neolithic
110,SE China (20),8220,0.000830542461600625,0.000682262749490168,0.00098186226485955,0.335447613028207,0.275024212049357,0.397109839223682,Early Neolithic
111,SE China (20),8190,0.000851609041814897,0.000715344775897848,0.000998499152510007,0.34403216182064,0.288505008028615,0.403889305674189,Early Neolithic
112,SE China (20),8160,0.000873860471440162,0.000720195055047529,0.00103537196293108,0.353099532099849,0.290481477754306,0.418914831267536,Early Neolithic
113,SE China (20),8130,0.00090773516050452,0.000728010475849379,0.00108855821485178,0.366903335002062,0.293666231070908,0.440588020273814,Early Neolithic
114,SE China (20),8100,0.000995642413841011,0.000837920596623878,0.00115389827414059,0.402725195873652,0.338454174105518,0.467213838102816,Early Neolithic
115,SE China (20),8070,0.00109036292709952,0.00091573974057527,0.00125596760697806,0.441323433434821,0.370165169978663,0.50880669081275,Early Neolithic
116,SE China (20),8040,0.00120707495665731,0.00100267968060244,0.00138604237977659,0.488883127614512,0.405592854471508,0.561811650440563,Early Neolithic
117,SE China (20),8010,0.00140972478520308,0.00121985816252417,0.00159929343938289,0.57146213774501,0.494092233856323,0.648710620639249,Early Neolithic
118,SE China (20),7980,0.00162103067898793,0.00140838100111587,0.00184425029552262,0.657568460502404,0.570914551001179,0.748529578542432,Middle Neolithic
119,SE China (20),7950,0.00182454907558217,0.00155681855466863,0.00207131531746484,0.74050140870523,0.631402271748551,0.841057684200376,Middle Neolithic
120,SE China (20),7920,0.00200237892026322,0.00177833382273144,0.00221492237679993,0.81296637278046,0.721668874472506,0.899576997504237,Middle Neolithic
121,SE China (20),7890,0.00217818605343788,0.00196468936410953,0.00240629890439976,0.884607089852,0.797608026505194,0.977562181724789,Middle Neolithic
122,SE China (20),7860,0.00232238027694349,0.00211378966528955,0.00256880456152616,0.943365670251881,0.858365814310692,1.04378259948879,Middle Neolithic
123,SE China (20),7830,0.00237812783229814,0.00217927224034499,0.0025721891733375,0.966082580359419,0.885049706755499,1.04516181552397,Middle Neolithic
124,SE China (20),7800,0.00242862768551769,0.00221426640804457,0.00264390644826744,0.98666107243381,0.899309692809814,1.07438632370871,Middle Neolithic
125,SE China (20),7770,0.00246136156522879,0.00223889192330827,0.00268045047278486,1,0.909344493673071,1.08927787033615,Middle Neolithic
126,SE China (20),7740,0.00245188093949442,0.00225256525649369,0.00264859258077159,0.996136682206049,0.914916323305195,1.07629590432029,Middle Neolithic
127,SE China (20),7710,0.00244059953587816,0.00220668918809876,0.00264558363474187,0.991539554489737,0.896222005407578,1.07506977061738,Middle Neolithic
128,SE China (20),7680,0.00240647179143699,0.00214511739817669,0.0026682257450641,0.97763263251422,0.871131742562479,1.08429634174794,Middle Neolithic
129,SE China (20),7650,0.00232623930250191,0.00209396845753648,0.00254872780718855,0.944938208027851,0.850288749910561,1.03560140085798,Middle Neolithic
130,SE China (20),7620,0.00224469178764942,0.00204074822916831,0.00244483668107985,0.911707915639032,0.828601715635231,0.993266174536966,Middle Neolithic
131,SE China (20),7590,0.00212330148801751,0.00194384613266394,0.00232923613412248,0.862241844757142,0.789114491459792,0.946159405156568,Middle Neolithic
132,SE China (20),7560,0.00193373077692031,0.00175873850402581,0.00211500645732096,0.784992523677135,0.713683858973035,0.858861652289976,Middle Neolithic
133,SE China (20),7530,0.00174301161523081,0.00158249772598515,0.00190075476026761,0.707275213486175,0.641866433319805,0.771554926257152,Middle Neolithic
134,SE China (20),7500,0.00153582408268836,0.00137908911452397,0.00168351142871995,0.622847106778591,0.558978222128011,0.683029120904175,Middle Neolithic
135,SE China (20),7470,0.00130485444346767,0.00116700465680981,0.00144214751394056,0.528727884897608,0.472554637623753,0.584674272510106,Middle Neolithic
136,SE China (20),7440,0.00107369248330708,0.000920739128705178,0.00122652321037583,0.434530292988101,0.372202401028837,0.496808214708674,Middle Neolithic
137,SE China (20),7410,0.000887695413452073,0.000735930880168416,0.00103692033497195,0.358737216694773,0.296893764758911,0.419545786799875,Middle Neolithic
138,SE China (20),7380,0.000756445187574506,0.000617957649783853,0.000891795296408369,0.305253264548594,0.248820136190043,0.360407902915489,Middle Neolithic
139,SE China (20),7350,0.000625304574131699,0.00047767914665311,0.000764749711136523,0.251813979039565,0.191657196481421,0.308637325321198,Middle Neolithic
140,SE China (20),7320,0.000558793665027847,0.000416477915240046,0.000712555274711943,0.224711044504217,0.16671793477503,0.287368297238663,Middle Neolithic
141,SE China (20),7290,0.000557309973330264,0.000409707506310501,0.000705283164141003,0.224106445958023,0.163959019696776,0.284404940709732,Middle Neolithic
142,SE China (20),7260,0.000555857702723244,0.000400301895923082,0.000718696914511914,0.223514651382968,0.16012627036242,0.289870991363297,Middle Neolithic
143,SE China (20),7230,0.000571622470866695,0.000408393853425053,0.000736812183045082,0.229938732555723,0.163423711299459,0.297252892223772,Middle Neolithic
144,SE China (20),7200,0.000601759259584673,0.000448408649275108,0.000775371573111385,0.242219355730692,0.179729583629004,0.312965692406042,Middle Neolithic
145,SE China (20),7170,0.000631811254447461,0.000463176600415454,0.000811400639990812,0.254465425742319,0.185747465783539,0.327647395816201,Middle Neolithic
146,SE China (20),7140,0.000650701916210116,0.000482060405351512,0.000825635764754181,0.262163296301917,0.193442542213198,0.333448153312414,Middle Neolithic
147,SE China (20),7110,0.00066177873718517,0.000496949625983088,0.000826167191273573,0.26667705739452,0.199509841209666,0.333664707534262,Middle Neolithic
148,SE China (20),7080,0.00067276206633783,0.00049417133244656,0.000848875063851069,0.27115272093627,0.198377697492867,0.342918076525865,Middle Neolithic
149,SE China (20),7050,0.000677991426201934,0.000504336790090842,0.000873829113911652,0.273283664565942,0.20252008160349,0.353086754029998,Middle Neolithic
150,SE China (20),7020,0.000679821604355715,0.000520127793459159,0.000868983709103788,0.274029454983759,0.208954853527456,0.351112270579475,Middle Neolithic
151,Upland Southwest (6),3970,0.00146033621020694,0.0010581907087327,0.00186576306167706,0.0105217450994821,-0.0217131277629923,0.0430196419160899,Early Agricultural Period
152,Upland Southwest (6),3940,0.00139025308571405,0.00103600328757734,0.00173866259750241,0.0049040753765792,-0.0234916101716413,0.0328316196992259,Early Agricultural Period
153,Upland Southwest (6),3910,0.00133672151226353,0.00100757789128548,0.00167676408715237,0.000613132277676692,-0.0257701114408949,0.0278700060439809,Early Agricultural Period
154,Upland Southwest (6),3880,0.00132907239299049,0.000949032740363836,0.0017161134127243,0,-0.0304629290647531,0.0310241393175972,Early Agricultural Period
155,Upland Southwest (6),3850,0.00138024902851968,0.000953320577120763,0.00181239340203061,0.00410217777835404,-0.0301192279112952,0.0387416773805916,Early Agricultural Period
156,Upland Southwest (6),3820,0.00147784465193232,0.00108305519776459,0.00186166911295406,0.0119251734381523,-0.0197200589861565,0.0426914822920046,Early Agricultural Period
157,Upland Southwest (6),3790,0.00159158295742427,0.00121618007478014,0.00195788735527585,0.0210421219149745,-0.00904913647254559,0.0504040708872359,Early Agricultural Period
158,Upland Southwest (6),3760,0.00170060456474618,0.00132032567582258,0.00205596781286231,0.0297809928917753,-0.000701112693883152,0.0582659295155246,Early Agricultural Period
159,Upland Southwest (6),3730,0.00181525980073757,0.00143647769714032,0.00223482099718216,0.0389714399853037,0.00860931257799251,0.0726023068626888,Early Agricultural Period
160,Upland Southwest (6),3700,0.00195758120761816,0.0015705376795278,0.00235494562527224,0.0503795309364304,0.0193551905558985,0.0822311653229736,Early Agricultural Period
161,Upland Southwest (6),3670,0.00212582934323762,0.00173868279015841,0.00250979747950944,0.0638658368659002,0.0328332382867687,0.0946436623310357,Early Agricultural Period
162,Upland Southwest (6),3640,0.00228654807861557,0.00188627644295721,0.0026837224859643,0.0767486068646536,0.0446639379112486,0.108585010549839,Early Agricultural Period
163,Upland Southwest (6),3610,0.00239594007630263,0.00197866445881275,0.00279014137646392,0.085517167310282,0.0520695061302186,0.117115254933638,Early Agricultural Period
164,Upland Southwest (6),3580,0.00242983395254698,0.00203929530456471,0.00280715886935866,0.0882340068311712,0.0569295072919724,0.118479330169813,Early Agricultural Period
165,Upland Southwest (6),3550,0.00239505510209369,0.00203116114156855,0.00278573467866193,0.085446230221574,0.0562774952489116,0.116762026207046,Early Agricultural Period
166,Upland Southwest (6),3520,0.00232510448375178,0.00192126676833396,0.00268342581377121,0.0798391818258141,0.0474686657667171,0.108561230126109,Early Agricultural Period
167,Upland Southwest (6),3490,0.0022645009224415,0.00185723803132934,0.00264745833641821,0.0749813677095592,0.0423362990255186,0.105678176466656,Early Agricultural Period
168,Upland Southwest (6),3460,0.00225301533663948,0.00182337520523183,0.00267991054562459,0.0740607148694259,0.0396219483986548,0.108279455938984,Early Agricultural Period
169,Upland Southwest (6),3430,0.00231545299906874,0.0018969448879588,0.00267931262165913,0.0790655454664584,0.045519091001376,0.108231528005096,BMII
170,Upland Southwest (6),3400,0.00245547926527148,0.00202386048107692,0.00284285742652635,0.0902896642789411,0.0556922944648746,0.121340827929842,BMII
171,Upland Southwest (6),3370,0.00264586403106086,0.00223972360873308,0.00311532917166794,0.105550381351928,0.0729952866659154,0.143181410582284,BMII
172,Upland Southwest (6),3340,0.0028348807985317,0.00239811373699641,0.00330077859167643,0.120701443457465,0.0856914019488726,0.158046523966565,BMII
173,Upland Southwest (6),3310,0.00297842135054701,0.00243808630119164,0.00356447246545263,0.132207257715888,0.0888954923094429,0.179183496690687,BMII
174,Upland Southwest (6),3280,0.00307587089825549,0.00255507065543571,0.00365861468440997,0.140018544350633,0.098272635090183,0.186729676986019,BMII
175,Upland Southwest (6),3250,0.00316115582292191,0.00265043650310486,0.00374059285372885,0.146854748395263,0.10591689808397,0.193300820653684,BMII
176,Upland Southwest (6),3220,0.00326061596092044,0.00275917888816657,0.00377115210064168,0.154827198395358,0.114633387375473,0.195750365496028,BMII
177,Upland Southwest (6),3190,0.00336373893435649,0.00280419233622809,0.00398307618113441,0.163093251169107,0.118241541066227,0.212737614554234,BMII
178,Upland Southwest (6),3160,0.00343685937173542,0.00283012785535772,0.00402035643984998,0.168954383505332,0.12032046065802,0.215725897142429,BMII
179,Upland Southwest (6),3130,0.00345853690534037,0.00284845243831125,0.00401270964465779,0.170691994736008,0.121789308623743,0.215112951156655,BMII
180,Upland Southwest (6),3100,0.00342809014553587,0.00277762963084563,0.0040807208340597,0.168251466549632,0.116112347956401,0.22056454028437,BMII
181,Upland Southwest (6),3070,0.00335459684615612,0.00277020195969886,0.00401736689289359,0.162360446625089,0.11551696634899,0.21548626331412,BMII
182,Upland Southwest (6),3040,0.00325177822756866,0.00273903424751698,0.00387618590130191,0.15411879009552,0.113018648610973,0.204169584903265,BMII
183,Upland Southwest (6),3010,0.00313813529785576,0.00261718683469596,0.00372508490348598,0.145009486677764,0.103251696484173,0.19205774618784,BMII
184,Upland Southwest (6),2980,0.00303212481000699,0.00246128820042243,0.00357162854842068,0.136511978722641,0.0907552924791098,0.179757108539688,BMII
185,Upland Southwest (6),2950,0.00294696546719629,0.0024123041180145,0.00345804410006298,0.129685840972769,0.086828863704161,0.170652492825868,BMII
186,Upland Southwest (6),2920,0.00289051852806258,0.00233168798738567,0.00343557470474475,0.125161210211563,0.0803668972965833,0.168851408147002,BMII
187,Upland Southwest (6),2890,0.00286558495948617,0.0023392990170028,0.00337608376302575,0.123162604209202,0.0809769764126279,0.164082778544655,BMII
188,Upland Southwest (6),2860,0.00287697415771221,0.00239549144000861,0.00335175960441322,0.124075530887423,0.0854812058638751,0.162133021162098,BMII
189,Upland Southwest (6),2830,0.00294581076300376,0.00254939905528707,0.00335216214854623,0.129593283073443,0.0978180152845456,0.162165287988163,BMII
190,Upland Southwest (6),2800,0.00311329449281889,0.00273071612878238,0.00351006537701346,0.143018316344565,0.112351891183917,0.174822374728052,BMII
191,Upland Southwest (6),2770,0.00341123492830921,0.00292419069959763,0.00389369150717327,0.166900398882882,0.127860278495198,0.205572785927708,BMII
192,Upland Southwest (6),2740,0.00381847702174286,0.00320098613233617,0.00442631848564476,0.199543800482446,0.150047436005431,0.248266693658148,BMII
193,Upland Southwest (6),2710,0.00424965699368322,0.00359060916821954,0.00497821410949543,0.234105996318009,0.181278542607269,0.292505122791296,BMII
194,Upland Southwest (6),2680,0.00461069867554626,0.00386498789318681,0.00540387811661383,0.263046100509761,0.203271983496362,0.326625174119216,BMII
195,Upland Southwest (6),2650,0.00485794549262527,0.00410801634335841,0.00564230524865429,0.282864722588029,0.222752472932466,0.345736834600593,BMII
196,Upland Southwest (6),2620,0.0049970229638943,0.00419185860803968,0.00576789770957175,0.294012788618748,0.229473037336631,0.355803979440752,BMII
197,Upland Southwest (6),2590,0.00505053162464367,0.00425691492474934,0.0058978527406322,0.298301895098802,0.234687772029295,0.366220815856218,BMII
198,Upland Southwest (6),2560,0.00503588442312433,0.00416873033096347,0.00584978926814405,0.297127815873655,0.227619138515565,0.36236818063015,BMII
199,Upland Southwest (6),2530,0.00496485405585384,0.00410614127719795,0.00583687539178702,0.291434217785536,0.22260217280709,0.36133303996339,BMII
200,Upland Southwest (6),2500,0.00485283569778774,0.00401714936188861,0.00569890238336258,0.282455135544689,0.215468826629478,0.350273504624289,BMII
201,Upland Southwest (6),2470,0.00473286437889454,0.00400460593226142,0.00547546066577437,0.272838565926259,0.214463379949584,0.332363033582775,BMII
202,Upland Southwest (6),2440,0.00465395262862212,0.00399134064541761,0.00537038108871512,0.266513217941358,0.213400071188633,0.323940144865806,BMII
203,Upland Southwest (6),2410,0.00467765567283966,0.00401290120292925,0.00542587069862232,0.268413188509238,0.215128305938702,0.328388038759906,BMII
204,Upland Southwest (6),2380,0.00488399213511453,0.00412690648108594,0.00561047001046515,0.284952549521459,0.224266654207077,0.343185009821224,BMII
205,Upland Southwest (6),2350,0.00535049671219054,0.00455191666090373,0.00621067743562305,0.32234626815484,0.258334296544142,0.391295979532812,BMII
206,Upland Southwest (6),2320,0.00606284497017882,0.0051914418531969,0.00696620039369759,0.379446137346162,0.309596869892214,0.451856613454944,BMII
207,Upland Southwest (6),2290,0.00684382275512417,0.00586579622418189,0.00778849801882443,0.442047159896064,0.3636512540225,0.517769720287936,BMII
208,Upland Southwest (6),2260,0.00743927452701877,0.00651893996658519,0.0083377793835622,0.489776929574931,0.416005452739405,0.561798597629942,BMII
209,Upland Southwest (6),2230,0.00775649538323564,0.00690766019920638,0.00864977870802404,0.515204477395284,0.447164193124862,0.586807601884214,BMII
210,Upland Southwest (6),2200,0.00794173270667924,0.00711151484330244,0.00877075261068378,0.530052589704635,0.463504618445479,0.596504535848708,BMII
211,Upland Southwest (6),2170,0.0082166463063981,0.00735241176578222,0.00911176581126715,0.552088904676743,0.482814250508078,0.623839212290276,BMII
212,Upland Southwest (6),2140,0.00865367436563782,0.00768496172459307,0.00963408560783402,0.58711986704057,0.509470536860633,0.665706924782803,BMII
213,Upland Southwest (6),2110,0.00911674767993884,0.0081812369550498,0.0101861894526884,0.624238545125434,0.549250588856547,0.709962044336598,BMII
214,Upland Southwest (6),2080,0.00941936363845268,0.00858037487919208,0.0104273584120501,0.648495404677733,0.581244382625598,0.729293482124422,BMII
215,Upland Southwest (6),2050,0.00947082231176778,0.00860616691525991,0.0102899254925184,0.65262018982615,0.583311801011389,0.718277238819492,BMII
216,Upland Southwest (6),2020,0.00928584652618969,0.00844024341853658,0.0101491807305031,0.637793041669855,0.570011831716279,0.706995527366813,BMII
217,Upland Southwest (6),1990,0.00892908314354964,0.00805213524334531,0.00976475484744736,0.609195874129178,0.53890215216419,0.676181010183563,BMII
218,Upland Southwest (6),1960,0.00848641976028119,0.00763957114513355,0.0093160713059225,0.573713199753308,0.505832153358473,0.640215776546689,BMII
219,Upland Southwest (6),1930,0.00805646979922768,0.00721376255746675,0.00892784420960864,0.539249598193727,0.471700512853056,0.609096564605817,BMII
220,Upland Southwest (6),1900,0.007738031131399,0.00694911128501888,0.00847993208149565,0.513724433957591,0.450486797695295,0.57319316533776,BMII
221,Upland Southwest (6),1870,0.00760321141495634,0.00680874720576531,0.00837408709109209,0.502917657795848,0.439235600721538,0.56470892320082,BMII
222,Upland Southwest (6),1840,0.00767182252525324,0.00689169423248152,0.00845457213058081,0.508417334925807,0.445884405322648,0.571160381704618,BMII
223,Upland Southwest (6),1810,0.00790357813224189,0.0071962325784859,0.00862999247583699,0.526994224382628,0.470295358147463,0.585221592152316,BMII
224,Upland Southwest (6),1780,0.00823547398177445,0.0075259089041426,0.00895653342867098,0.553598079141775,0.496721302001997,0.611396213179798,BMII
225,Upland Southwest (6),1750,0.00861388499214364,0.00788888760391378,0.00946114134814768,0.58393046074071,0.525816672200139,0.651844190516607,BMII
226,Upland Southwest (6),1720,0.00899002616241424,0.0081566809578984,0.00987147011010332,0.614080898225566,0.547282247936942,0.684735010940974,BMII
227,Upland Southwest (6),1690,0.00930743064927589,0.00846030200708167,0.0101857462135861,0.639523165371304,0.571619672781718,0.709926515514177,BMII
228,Upland Southwest (6),1660,0.00952406164455553,0.00873323693135265,0.0103378354846023,0.656887707720556,0.593497382594089,0.722117571480196,BMII
229,Upland Southwest (6),1630,0.00964272981733764,0.00902195258780656,0.0103462095796436,0.666399820745395,0.616640032319326,0.722788815813412,BMII
230,Upland Southwest (6),1600,0.0097122660206533,0.00902301167089879,0.0105399289175666,0.671973650777068,0.616724925495312,0.738316822980116,BMII
231,Upland Southwest (6),1570,0.00980336905939049,0.00907551899812932,0.0106795723898735,0.679276218778731,0.620933767845704,0.749510258091004,BMII
232,Upland Southwest (6),1540,0.00995929432953797,0.00920586818344128,0.0109122982668358,0.691774757841894,0.631382198577503,0.768164921709487,BMII
233,Upland Southwest (6),1510,0.0101416480948418,0.00935595323751249,0.0110507181693817,0.706391732093786,0.643412602047908,0.779260278847259,BMII
234,Upland Southwest (6),1480,0.0102546571519278,0.00949087842425256,0.0109676295923368,0.715450226032228,0.654227832417432,0.772600127962698,BMII
235,Upland Southwest (6),1450,0.0102254552762829,0.00952039490595055,0.010805984756635,0.713109484322302,0.656593792079779,0.759643124319434,BMIII
236,Upland Southwest (6),1420,0.0100580424250991,0.00935828290923075,0.0106268947177479,0.699690132486534,0.643599342099392,0.745287761364238,BMIII
237,Upland Southwest (6),1390,0.00984401410523179,0.00917053630552904,0.0105562650161327,0.682534213410974,0.628550092813996,0.739626279528597,BMIII
238,Upland Southwest (6),1360,0.00974454345166945,0.00905793619825617,0.0104551584349368,0.674560920512323,0.619524379163251,0.731521855188502,BMIII
239,Upland Southwest (6),1330,0.00992304516455507,0.00928372262801314,0.0105411385046952,0.688869124879917,0.637622795857225,0.738413780144042,BMIII
240,Upland Southwest (6),1300,0.010458435180844,0.00974757428089011,0.0111237759484769,0.7317845100916,0.674803863412933,0.785116388668491,BMIII
241,Upland Southwest (6),1270,0.0112727592647319,0.0105255816691002,0.0121247325799573,0.79705847987803,0.737166787163366,0.865350308079096,BMIII
242,Upland Southwest (6),1240,0.0121472338177337,0.0113391708181431,0.0129549249149158,0.867153945161473,0.802381846602165,0.931896233050741,BMIII
243,Upland Southwest (6),1210,0.0128754338245309,0.0120191417944635,0.0136440025388625,0.925524446762283,0.856886442305726,0.987130792479774,PI
244,Upland Southwest (6),1180,0.0133961756959018,0.0125013955749119,0.0141928367820985,0.967265677128589,0.895542573589589,1.03112382979694,PI
245,Upland Southwest (6),1150,0.0137193198203663,0.0129265700407865,0.0146053539002705,0.993168017774404,0.929623384643288,1.06419006281241,PI
246,Upland Southwest (6),1120,0.0138045520758151,0.0129232343159638,0.0147215196534951,1,0.929356002153198,1.07350158879601,PI
247,Upland Southwest (6),1090,0.013584217573213,0.0125939277661332,0.0146289771489793,0.982338594731115,0.902959698507732,1.06608363719266,PI
248,Upland Southwest (6),1060,0.0131030777395002,0.0121862131392328,0.0141500438746353,0.943771754341388,0.87027841993039,1.02769366850846,PI
249,Upland Southwest (6),1030,0.0125202041471109,0.0116071541505782,0.0134794702200259,0.897050216796677,0.823862650486926,0.973942336162293,PII
250,Upland Southwest (6),1000,0.0120081099133883,0.0111763119596887,0.0129650432878148,0.856002157183577,0.789327530247615,0.932707293880159,PII
251,Upland Southwest (6),970,0.0116811938031868,0.0109091091047343,0.0124394188840071,0.829797464577523,0.767909287282389,0.890574693196976,PII
252,Upland Southwest (6),940,0.0115928409482932,0.0107017029842088,0.012370216340578,0.822715343718061,0.751284185418687,0.885027608420397,PII
253,Upland Southwest (6),910,0.0117061772071631,0.0107775736141755,0.0126021230204463,0.831800065247916,0.757365765598015,0.903616607462053,PII
254,Upland Southwest (6),880,0.011907652747586,0.0111783434362904,0.012746675920663,0.847949788188052,0.789490367802022,0.91520356875668,PII
255,Upland Southwest (6),850,0.0120688189290625,0.0113854582102001,0.0127768058553806,0.860868424230436,0.806092116125567,0.917618701119009,PII
256,Upland Southwest (6),820,0.0120913963968891,0.0114722051076286,0.0127484840629076,0.862678171703126,0.813045507869524,0.91534850444577,PIII
257,Upland Southwest (6),790,0.0118678612361033,0.0111447206866784,0.0125845079909251,0.844760210512934,0.786795261043261,0.902204635340015,PIII
258,Upland Southwest (6),760,0.0112651797108715,0.0105136198065923,0.0119491924581408,0.796450923771723,0.736207957297745,0.851279496673092,PIII
259,Upland Southwest (6),730,0.0101951269849022,0.00949250435445507,0.0108742562551228,0.71067845223762,0.654358162492415,0.765115579104623,PIII
260,Upland Southwest (6),700,0.008723833903103,0.00811658051918476,0.00935539919665036,0.592743661816315,0.544067907508105,0.643368191662398,PIII
261,Upland Southwest (6),670,0.00709361436104755,0.00658872390537428,0.00763159891548256,0.462069765220594,0.4215991405625,0.505193121445177,PIV
262,Upland Southwest (6),640,0.00562794958593785,0.00523667392682934,0.00608484074938891,0.344586124320795,0.313222548004993,0.381209258265703,PIV
263,Upland Southwest (6),610,0.00455058186214947,0.00423244897522968,0.00488318664671349,0.258227302762083,0.232726649079182,0.28488798379561,PIV
264,Upland Southwest (6),580,0.00389459414547872,0.0036485265178577,0.00413810627012104,0.205645138921613,0.185921037413934,0.22516439836761,PIV
265,Upland Southwest (6),550,0.00355707747077559,0.0033104449695555,0.00385483152656571,0.178590734338853,0.158821354123387,0.202457877195095,PIV
266,Upland Southwest (6),520,0.00343320210189996,0.00310982727876731,0.00381442355700775,0.168661226854971,0.142740394040995,0.199218885943032,PIV
267,Central Texas (1),3970,0.00277007237887406,0.00225001077501255,0.00334582835523933,0.125523694797789,0.0588197177168608,0.199371125883865,Late Archaic
268,Central Texas (1),3940,0.00267817151383473,0.00214713886344061,0.00318946891500719,0.113736335089278,0.045625193105132,0.179316200774629,Late Archaic
269,Central Texas (1),3910,0.00263397796753232,0.00220520607429975,0.00315633659633739,0.108067996419796,0.0530729913535353,0.175066593788114,Late Archaic
270,Central Texas (1),3880,0.00264270570405067,0.00213452813228154,0.00321860759969755,0.109187430602911,0.0440077194905405,0.183053577541771,Late Archaic
271,Central Texas (1),3850,0.0026868555829261,0.00213386427755272,0.0032687170120237,0.114850168414674,0.0439225723651084,0.189480695149614,Late Archaic
272,Central Texas (1),3820,0.00273596848981817,0.00216381198340531,0.00326094405437155,0.121149472557456,0.0477637155488859,0.188483722511699,Late Archaic
273,Central Texas (1),3790,0.00276598635629498,0.0022170404541968,0.00329949694681737,0.124999614661046,0.0545908888479058,0.193428581418827,Late Archaic
274,Central Texas (1),3760,0.00276386115713183,0.00220862995249521,0.00328038490421242,0.124727033037601,0.053512143736603,0.190977238650154,Late Archaic
275,Central Texas (1),3730,0.00272060918915475,0.00214927041078352,0.00325532510722416,0.119179462789719,0.0458985889568018,0.187763026888421,Late Archaic
276,Central Texas (1),3700,0.00262942866125349,0.00206962271415708,0.00320077704986688,0.107484494735565,0.0356828412629306,0.180766601194326,Late Archaic
277,Central Texas (1),3670,0.0024946405788805,0.0019391241447202,0.00307951420767863,0.0901963483109259,0.0189448749909013,0.16521322485192,Late Archaic
278,Central Texas (1),3640,0.00234449742408608,0.00179167544840262,0.00293973430514234,0.0709387344399896,3.28569015984067E-05,0.147284819167046,Late Archaic
279,Central Texas (1),3610,0.00223117375217992,0.00175872990787243,0.00279997308849501,0.0564036494473113,-0.00419279360620094,0.129358810165758,Late Archaic
280,Central Texas (1),3580,0.00220501958582308,0.00171180041071129,0.00272932816491771,0.0530490720274761,-0.0102120499400908,0.120297773303595,Late Archaic
281,Central Texas (1),3550,0.00227863465016066,0.00178862856649624,0.00277314779810878,0.0624910641451874,-0.000357941302579974,0.125918153247758,Late Archaic
282,Central Texas (1),3520,0.00241726754604381,0.00199907630759061,0.00285776205659616,0.0802723528252011,0.0266344403584782,0.136770920529467,Late Archaic
283,Central Texas (1),3490,0.00256646579842941,0.00219058693362441,0.00297841850043133,0.0994087719219926,0.0511979157522787,0.152246519197949,Late Archaic
284,Central Texas (1),3460,0.00268792409637913,0.00231328431931969,0.00310373730256383,0.114987217749508,0.0669352890606288,0.168320119792931,Late Archaic
285,Central Texas (1),3430,0.00277634882888541,0.00234539646568453,0.00316617947629519,0.126328722845617,0.0710540470293683,0.176329058146644,Late Archaic
286,Central Texas (1),3400,0.00285293437840684,0.00239690955062501,0.00327104246562799,0.136151714395226,0.0776612020504737,0.189778961744902,Late Archaic
287,Central Texas (1),3370,0.00294284043346533,0.00245809758282317,0.00342972440973788,0.147683216416388,0.0855092820991976,0.210131775112531,Late Archaic
288,Central Texas (1),3340,0.00305336577370002,0.00253919409678794,0.00360676270810427,0.161859382676568,0.0959108575446514,0.232839005388703,Late Archaic
289,Central Texas (1),3310,0.00317193160930161,0.0026525260002106,0.00373142894473101,0.177066836412484,0.110446998325497,0.248828906833013,Late Archaic
290,Central Texas (1),3280,0.00328496582761634,0.00273778111700063,0.00388540913484495,0.191564795600092,0.121381963172293,0.268578665315496,Late Archaic
291,Central Texas (1),3250,0.00338963676515496,0.00284893083464077,0.0039452016612636,0.204990066311819,0.135638213129931,0.276247755442946,Late Archaic
292,Central Texas (1),3220,0.00347450507196884,0.00296618972620172,0.00409650762782476,0.215875418259696,0.150678036022334,0.295654513509229,Late Archaic
293,Central Texas (1),3190,0.00349594058279297,0.0029316222212585,0.00410482915246087,0.218624772974819,0.146244349627575,0.296721846272279,Late Archaic
294,Central Texas (1),3160,0.00340352586209902,0.00279087940882196,0.00401655446085421,0.206771505274727,0.128192439497382,0.285399585674619,Late Archaic
295,Central Texas (1),3130,0.00319743021352199,0.00255483926786949,0.00385820176459549,0.180337330328748,0.0979175335336153,0.265089002190825,Late Archaic
296,Central Texas (1),3100,0.00293537402865494,0.00232870460047332,0.00346395914843122,0.146725562762185,0.0689131202887288,0.214522780347712,Late Archaic
297,Central Texas (1),3070,0.00267825343526887,0.00211519355301264,0.00320772311244886,0.113746842470374,0.0415278337946032,0.181657514878071,Late Archaic
298,Central Texas (1),3040,0.00244941449878325,0.00191357468984036,0.0029942157540804,0.0843955751181592,0.0156678588834232,0.154272701553125,Late Archaic
299,Central Texas (1),3010,0.00224564183628655,0.00168746341085561,0.00270391603193922,0.0582593502786899,-0.0133335545244284,0.117038370334431,Late Archaic
300,Central Texas (1),2980,0.0020632637064549,0.00153052743671835,0.00253879376306212,0.0348672242266528,-0.0334624268432021,0.0958595100668265,Late Archaic
301,Central Texas (1),2950,0.001913706021082,0.00149235310629663,0.00238254447653592,0.0156847036496343,-0.0383587307476307,0.0758187134574115,Late Archaic
302,Central Texas (1),2920,0.0018189787388899,0.00137772460282309,0.00226967393129278,0.00353482291749825,-0.0530611756344415,0.0613417472535851,Late Archaic
303,Central Texas (1),2890,0.00179141927757607,0.00140948071055696,0.00218626633206865,0,-0.048988083780069,0.0506437481209614,Late Archaic
304,Central Texas (1),2860,0.00182298701683782,0.00147505154126331,0.00217236423634932,0.00404893139693046,-0.0405778586141708,0.0488606419132474,Late Archaic
305,Central Texas (1),2830,0.00190218446409363,0.00159520310343188,0.00223969123671257,0.0142069293483157,-0.0251670169184545,0.0574961163566829,Late Archaic
306,Central Texas (1),2800,0.00204752526069296,0.0017446642006871,0.00238163702861125,0.03284858467011,-0.00599688489606108,0.0757023226584749,Late Archaic
307,Central Texas (1),2770,0.00232130465049146,0.00188535992414036,0.00272172504056027,0.0679639902427405,0.01204898552184,0.119322583770054,Late Archaic
308,Central Texas (1),2740,0.00278364377667906,0.00221901047609794,0.00345898816993674,0.127264385134125,0.0548435671744101,0.213885194275017,Late Archaic
309,Central Texas (1),2710,0.00340522574807659,0.00260026454644698,0.00428233620962789,0.206989535512772,0.103743856258903,0.319489200341595,Late Archaic
310,Central Texas (1),2680,0.00404084016087027,0.00297055594244764,0.00503865779495451,0.28851451045514,0.151238054270626,0.416496280500647,Late Archaic
311,Central Texas (1),2650,0.00452378608708604,0.00339816617126027,0.00546514971364003,0.35045796821943,0.206084062302174,0.471198852192089,Late Archaic
312,Central Texas (1),2620,0.00478676168109652,0.00377387969352907,0.00577699857780131,0.38418766075099,0.254273711359763,0.511197112654452,Late Archaic
313,Central Texas (1),2590,0.0048813802489703,0.00393755174781072,0.00592155702740044,0.396323597601586,0.275266564661233,0.529738422832549,Late Archaic
314,Central Texas (1),2560,0.00489827210299856,0.00395907794714651,0.00589580365938321,0.398490175244675,0.278027551237578,0.526435252482686,Late Archaic
315,Central Texas (1),2530,0.00488210828004147,0.00386851442464312,0.00583193124612534,0.396416976092759,0.266411721334774,0.518242869198818,Late Archaic
316,Central Texas (1),2500,0.00480898947014718,0.00378740291506302,0.0058421835184154,0.387038634405622,0.256008222526446,0.51955784290729,Late Archaic
317,Central Texas (1),2470,0.00463486962497237,0.00372446909721197,0.00569476956505734,0.364705729850399,0.247936225070027,0.500650281008482,Late Archaic
318,Central Texas (1),2440,0.0043601600616819,0.00339570750502345,0.00547472497870533,0.329471018659301,0.205768709630313,0.472426991813851,Late Archaic
319,Central Texas (1),2410,0.00404584839290557,0.00311800660969373,0.00485911339612267,0.289156874729715,0.170150325154539,0.393467613558571,Late Archaic
320,Central Texas (1),2380,0.00378521185243885,0.00294606475967707,0.00456761985315876,0.25572719314458,0.148096773925985,0.356080160870791,Late Archaic
321,Central Texas (1),2350,0.0036704937552157,0.00294664418720909,0.0045973916862755,0.241013256812571,0.148171092276982,0.359898746321305,Late Archaic
322,Central Texas (1),2320,0.00374549680804683,0.00296646628433654,0.00467474595566454,0.250633274671801,0.150713507834422,0.369820335175637,Late Archaic
323,Central Texas (1),2290,0.0039513268599552,0.00318692513480435,0.00468873008749399,0.277033383741799,0.178989931242156,0.371613963472981,Late Archaic
324,Central Texas (1),2260,0.004151700595728,0.00338457259234191,0.00484683659941511,0.302733656515961,0.204340526978887,0.391892970939067,Late Archaic
325,Central Texas (1),2230,0.00426158756902657,0.0035352082750154,0.00495956229621412,0.316827944757922,0.223661313304998,0.406351358637527,Late Archaic
326,Central Texas (1),2200,0.00433150301684298,0.00366740447030108,0.00497120976082617,0.325795417830574,0.24061701992715,0.407845282062684,Late Archaic
327,Central Texas (1),2170,0.00446582654510688,0.00379453168446869,0.00526612093381362,0.343023979762885,0.256922570495072,0.44567108573248,Late Archaic
328,Central Texas (1),2140,0.00468192269653829,0.00390114881119621,0.00547841940616169,0.370740836045542,0.270597462709497,0.472900845300719,Late Archaic
329,Central Texas (1),2110,0.00489304559313017,0.00408899403366335,0.00565899415112186,0.397819814287655,0.294690807269398,0.496061666172289,Late Archaic
330,Central Texas (1),2080,0.0050124372999329,0.00420250421840085,0.00573802498416572,0.413133195654572,0.309249814711906,0.506198293904276,Late Archaic
331,Central Texas (1),2050,0.00502945976372421,0.00426798470615377,0.00568502594423864,0.415316525525813,0.317648452338463,0.499400547794282,Late Archaic
332,Central Texas (1),2020,0.00499425423415262,0.00425453984143807,0.00574373519589151,0.410801005017803,0.315923991349238,0.506930695276067,Late Archaic
333,Central Texas (1),1990,0.00496918780211931,0.00420070604258747,0.00571211971672799,0.407585942234018,0.309019177654002,0.502875640678945,Late Archaic
334,Central Texas (1),1960,0.00499566724107565,0.00428914504700757,0.00573088346471651,0.410982239665217,0.320362513289811,0.505282310593596,Late Archaic
335,Central Texas (1),1930,0.00507962608065863,0.00440281799186909,0.0058549823051707,0.421750941814541,0.334942396619909,0.521199436849335,Late Archaic
336,Central Texas (1),1900,0.00519453062850863,0.00446121976124902,0.0058980014254084,0.436488792617927,0.342433105907577,0.526717141654055,Late Archaic
337,Central Texas (1),1870,0.00530355744395865,0.00463261966474503,0.00606609474740307,0.45047275556575,0.364417146162768,0.548277074197692,Late Archaic
338,Central Texas (1),1840,0.00538764092199913,0.00478210434627791,0.00621077684602197,0.461257444053522,0.38359030314433,0.566834243807286,Late Archaic
339,Central Texas (1),1810,0.00544827258084684,0.00476379570902962,0.00616896439794004,0.469034162719399,0.381242006499615,0.561471308805268,Late Archaic
340,Central Texas (1),1780,0.00548709058041636,0.00479907592464035,0.0062021264899394,0.474013024712646,0.385767106364774,0.56572473456917,Late Archaic
341,Central Texas (1),1750,0.00549765359071417,0.00477849806576384,0.00638092800398984,0.475367854201266,0.383127755532717,0.588658117858186,Late Archaic
342,Central Texas (1),1720,0.00548191742302299,0.00475603537000946,0.00626154312698547,0.473349506833915,0.380246652348689,0.573345612492706,Late Archaic
343,Central Texas (1),1690,0.00546351435477585,0.00473842373499762,0.00624271981518312,0.470989098310268,0.377987754384553,0.57093130282299,Late Archaic
344,Central Texas (1),1660,0.00547262806473605,0.00476966184776124,0.00612535334835318,0.472158038097005,0.381994407331751,0.555877682145431,Late Archaic
345,Central Texas (1),1630,0.00552079795377369,0.00489869084053191,0.00611293907999345,0.47833638918176,0.398543883225845,0.554285407180321,Late Archaic
346,Central Texas (1),1600,0.00560009132824642,0.00493603679176962,0.00627023035162694,0.488506690919527,0.403333937821164,0.574459850554272,Late Archaic
347,Central Texas (1),1570,0.00570655301200829,0.0050458685326747,0.00645987253877676,0.502161645757416,0.417421141863325,0.598783676830414,Late Archaic
348,Central Texas (1),1540,0.00585321378863521,0.00519746984314521,0.00659213156810089,0.520972603940359,0.436865781236773,0.615747442652149,Late Archaic
349,Central Texas (1),1510,0.00604481103144556,0.00533817893942096,0.00674148747840711,0.545547188947781,0.454913366875407,0.634904083219331,Late Archaic
350,Central Texas (1),1480,0.00623803647228977,0.00554082065211892,0.00686641306579172,0.570330609376866,0.480904534189201,0.650927249428585,Late Archaic
351,Central Texas (1),1450,0.00635220963490152,0.00571771795587877,0.00689982000178022,0.584974651477962,0.503593680259706,0.655212079294846,Late Archaic
352,Central Texas (1),1420,0.0063407460555632,0.00577243755662023,0.00700648604184565,0.583504313487672,0.510612108397131,0.668893245216359,Late Archaic
353,Central Texas (1),1390,0.00624839812298446,0.00567405092328112,0.00694599218762707,0.571659612143707,0.497992873124631,0.661134201604273,Late Archaic
354,Central Texas (1),1360,0.00619897874620593,0.00554278631352883,0.00692720092616022,0.5653209996572,0.481156653231756,0.658724002764559,Late Archaic
355,Central Texas (1),1330,0.00632828790391259,0.00566513767939003,0.00705927901281973,0.581906409977775,0.4968496454535,0.675664560575427,Late Archaic
356,Central Texas (1),1300,0.00670138511125916,0.00594740382652873,0.00753018582488515,0.629760486077635,0.533053576814053,0.736063861285252,Late Archaic
357,Central Texas (1),1270,0.00726327302379515,0.00639870476625607,0.00806798561957747,0.701829175943523,0.590938195322039,0.805042968592773,Late Archaic
358,Central Texas (1),1240,0.00787543183901846,0.00696755024687527,0.00874897544580223,0.780345696442925,0.663899274586634,0.892387870472779,Late Archaic
359,Central Texas (1),1210,0.00842123830419222,0.00756703405242823,0.00938273516254127,0.850351752789411,0.740790077001344,0.97367495897592,Austin
360,Central Texas (1),1180,0.00887004696805538,0.00801842638241962,0.00969468480508417,0.907916707798131,0.798686417378495,1.01368614544322,Austin
361,Central Texas (1),1150,0.00923273299723757,0.00840105262046656,0.010120289469926,0.954435428654485,0.847762703002614,1.06827491646256,Austin
362,Central Texas (1),1120,0.00948834563460934,0.00857674180844322,0.0104733500929901,0.987220735968546,0.870296894108333,1.11355906652129,Austin
363,Central Texas (1),1090,0.00958797994187568,0.00864846458884767,0.0105968526581729,1,0.879496178702226,1.1293997135066,Austin
364,Central Texas (1),1060,0.00952205274910898,0.00858289960046752,0.0104766879000812,0.991544067236136,0.871086702882925,1.11398717927956,Austin
365,Central Texas (1),1030,0.00935659536188972,0.00836224003966477,0.0103178929871878,0.970322224125637,0.842784536029641,1.09361987634552,Austin
366,Central Texas (1),1000,0.00918928059413034,0.00814291002607853,0.0100554021010518,0.948862150259283,0.81465289914127,1.05995235326218,Austin
367,Central Texas (1),970,0.00907331212949845,0.00818654271209783,0.00986575623615421,0.933987839697844,0.820249300926366,1.03562805527192,Austin
368,Central Texas (1),940,0.0089914839296099,0.00809923481563531,0.00987877188839312,0.923492416983667,0.809051043101952,1.03729746474609,Austin
369,Central Texas (1),910,0.00890453591387255,0.00804373033391049,0.00977078481457861,0.912340318067091,0.801931944807881,1.02344686081133,Austin
370,Central Texas (1),880,0.00880326410203217,0.00803937425564313,0.00961732076093338,0.899351024941456,0.801373226873793,1.00376330286148,Austin
371,Central Texas (1),850,0.00869767079032542,0.00800698049349825,0.00931156074163142,0.885807448965673,0.797218348390873,0.964546007894226,Austin
372,Central Texas (1),820,0.00858442616000003,0.0079274896094782,0.0092009136406476,0.871282501979249,0.787022713745966,0.950354224395322,Austin
373,Central Texas (1),790,0.00846980679464765,0.00779292835208294,0.00917246324400531,0.856581229163246,0.769763660274938,0.946705128612284,Toya
374,Central Texas (1),760,0.00840856156115349,0.00766666243454591,0.00919193883444622,0.848725812379972,0.753568581063254,0.949203100638602,Toya
375,Central Texas (1),730,0.00845781867254368,0.00770387741589763,0.00918137048674158,0.855043612434518,0.758341837240446,0.947847586565194,Toya
376,Central Texas (1),700,0.00858672177697624,0.00787888898907254,0.00933437936540396,0.871576941678375,0.780789116330608,0.967472763005237,Toya
377,Central Texas (1),670,0.00868520170424329,0.00807672333439181,0.00936846124711218,0.884208142987176,0.806163682608935,0.971844162546098,Toya
378,Central Texas (1),640,0.00867832817542165,0.0080712894538431,0.00926871858792367,0.883326532605675,0.80546672393925,0.959051001114644,Toya
379,Central Texas (1),610,0.00858865381474386,0.00803810742415874,0.00911109443963559,0.871824748095949,0.801210740934295,0.938833862420421,Toya
380,Central Texas (1),580,0.00846888210738359,0.00807485620563484,0.00893989041711301,0.85646262721761,0.805924201530371,0.916874946188738,Toya
381,Central Texas (1),550,0.00833522738762803,0.00782420210326042,0.00881372017564453,0.839319847790835,0.773774884265111,0.900692138550723,Toya
382,Central Texas (1),520,0.00818516207803614,0.00756610794391988,0.00883053971307311,0.820072218476663,0.740671292764522,0.902849440744957,Toya
383,East S. Africa (31),2080,0.00243873067128938,0.00201862715505073,0.00289476229911455,0,-0.102753088297567,0.111540742481629,Agg
384,East S. Africa (31),2050,0.00246613135639492,0.00202098799372219,0.00293596607419732,0.00670193156503683,-0.102175650939659,0.121618770814218,Agg
385,East S. Africa (31),2020,0.00251809858756053,0.00205057159901126,0.0030146709009949,0.0194125928333592,-0.0949397990866567,0.140869178641755,Agg
386,East S. Africa (31),1990,0.00261791554199071,0.00225323306568493,0.00300098940204482,0.0438268144137648,-0.0453708457818142,0.137522821814639,Agg
387,East S. Africa (31),1960,0.00271895581994638,0.00238680618405805,0.00308524875212401,0.0685402486057597,-0.0127002065325633,0.158131810085196,Agg
388,East S. Africa (31),1930,0.00281933302467193,0.00247442261066645,0.00323767810030209,0.0930915017649167,0.00872988884063493,0.195414493202721,Agg
389,East S. Africa (31),1900,0.00290263008424338,0.00256312260137345,0.00327569478361096,0.113465123470599,0.0304250130774248,0.204712990991532,Agg
390,East S. Africa (31),1870,0.0029784305526863,0.00266130081665487,0.00331055553194799,0.132005154500683,0.0544384155693437,0.213239578876501,Agg
391,East S. Africa (31),1840,0.00305423102112921,0.00264087672515699,0.00342664572374675,0.150545185530767,0.0494428885243202,0.241634070394165,Agg
392,East S. Africa (31),1810,0.00310876184997113,0.00262667978699783,0.00359982790983851,0.163882876967156,0.0459704604587708,0.283992688618498,Agg
393,East S. Africa (31),1780,0.00308782052548569,0.00265319091394015,0.00350531102180413,0.158760839943552,0.0524548150577569,0.26087480989003,Agg
394,East S. Africa (31),1750,0.00306024002529094,0.0026601727789531,0.00345187948225843,0.152014927419001,0.0541625089104065,0.247805993542167,Agg
395,East S. Africa (31),1720,0.0030327215885065,0.00259253406326897,0.00345295755679273,0.145284194979436,0.0376187603903943,0.248069679713629,Agg
396,East S. Africa (31),1690,0.00303028894460428,0.00262659934438778,0.00346568867017113,0.14468919478539,0.0459507850066641,0.251183581803307,Agg
397,East S. Africa (31),1660,0.0030482315104375,0.00271360818191794,0.00339650977982721,0.149077765649669,0.0672322702116744,0.234263122075952,Agg
398,East S. Africa (31),1630,0.00306617407627073,0.00268954273181949,0.00345631896170051,0.153466336513948,0.061346103532979,0.248891845494066,Agg
399,East S. Africa (31),1600,0.0031046084383916,0.00268919242155304,0.00352415859251207,0.162866994332826,0.0612604211705401,0.265484735830397,Agg
400,East S. Africa (31),1570,0.00328434367512423,0.00288749168265071,0.00365113774754515,0.206828422733916,0.109762422932735,0.296542558068792,Agg
401,East S. Africa (31),1540,0.00349097734342394,0.00313436915352921,0.00388938915801374,0.257368936543825,0.170146165470723,0.354816453122295,Agg
402,East S. Africa (31),1510,0.00369761101172366,0.00319220984139762,0.00416235370017477,0.307909450353734,0.184293415084217,0.42158083051647,Agg
403,East S. Africa (31),1480,0.00392516655951985,0.00340587115939978,0.00440777841279182,0.363567245138817,0.236552821220628,0.481609243017588,Agg
404,East S. Africa (31),1450,0.00418565360971167,0.0038176012110462,0.00456259221200468,0.427279753685231,0.337257844426273,0.519475138839237,Agg
405,East S. Africa (31),1420,0.00444653866858319,0.00409297800799354,0.00480713250628187,0.491089611145488,0.404612235042127,0.579287231523322,Agg
406,East S. Africa (31),1390,0.00470408510507658,0.0042908605278737,0.00516077342492948,0.554082875202567,0.453012306100423,0.665784237939208,Agg
407,East S. Africa (31),1360,0.0049057218815904,0.00447557951373338,0.00532491136831865,0.603401199616188,0.498192709335833,0.705930725502686,Agg
408,East S. Africa (31),1330,0.00508744053511515,0.00459471732266591,0.00557685530600836,0.647847751785335,0.527332617305253,0.767553674787311,Agg
409,East S. Africa (31),1300,0.0052691591886399,0.00468479904898851,0.00584515375609486,0.692294303954483,0.549365700155159,0.833176773062399,Agg
410,East S. Africa (31),1270,0.00546510796606301,0.00484116771616064,0.00614128736717839,0.740221401086705,0.587611901017193,0.905608071329032,Agg
411,East S. Africa (31),1240,0.00570189802214635,0.00518927138966447,0.00624371136179849,0.798137863578045,0.672754553048525,0.930659948678732,Agg
412,East S. Africa (31),1210,0.0059412317086484,0.00544781068451879,0.00648502472763988,0.856676472447383,0.735990660259455,0.989682767172824,Agg
413,East S. Africa (31),1180,0.00617953492723363,0.00556124127383569,0.00677926464770493,0.914963039244343,0.763734639800687,1.06165088769181,Agg
414,East S. Africa (31),1150,0.00632253638403974,0.00577712245589522,0.00687932995925511,0.949939755101042,0.816537002324463,1.08612585492202,Agg
415,East S. Africa (31),1120,0.00640358276427914,0.00597782102987802,0.0068698666057207,0.96976288331358,0.865625851849671,1.08381121397348,Agg
416,East S. Africa (31),1090,0.00648462914451853,0.00601397742410126,0.00703122498570939,0.989586011526118,0.874469341667148,1.12327784832822,Agg
417,East S. Africa (31),1060,0.00652720648451319,0.00587063374738484,0.00721789033032542,1,0.839408922267628,1.16893431130943,Agg
418,East S. Africa (31),1030,0.00636247249176028,0.00580592515470105,0.0069515954215834,0.959707724766258,0.823581852317868,1.10380125906519,Agg
419,East S. Africa (31),1000,0.00616684065968033,0.00561759683212206,0.00675555060330338,0.911858149272331,0.777518641678377,1.0558506713068,Agg
420,East S. Africa (31),970,0.00597120882760038,0.00534404765623287,0.0066005145053601,0.864008573778404,0.71061126876341,1.01793040345495,Agg
421,East S. Africa (31),940,0.00582183727614833,0.00522287289183347,0.00648905594620809,0.827473796938358,0.680973142005398,0.990668762627455,Agg
422,East S. Africa (31),910,0.00573081277798683,0.00524401095739907,0.0062195974701968,0.805210121593359,0.686143299915401,0.924761933696304,Agg
423,East S. Africa (31),880,0.00563997718193377,0.00518224431117223,0.00608516167535271,0.782992649801239,0.671035800434284,0.891880292472141,Agg
424,East S. Africa (31),850,0.00556307849754219,0.00502247049841044,0.00605743246787694,0.76418400621263,0.63195673526163,0.885098007644606,Agg
425,East S. Africa (31),820,0.00565040678265406,0.00524500505709021,0.0060387491781456,0.785543625078275,0.686386446686118,0.880528263176286,Agg
426,East S. Africa (31),790,0.00578507026038094,0.00546711882888774,0.00614659347041991,0.818480955242079,0.740713237877869,0.906905890732623,Agg
427,East S. Africa (31),760,0.00591973373810782,0.0055398842130451,0.00630958104442136,0.851418285405883,0.758510917864626,0.946771009531732,Agg
428,East S. Africa (31),730,0.00596500711235214,0.00547473148929876,0.00641999117455742,0.862491696699618,0.742575217930776,0.973776215182931,Agg
429,East S. Africa (31),700,0.00580201580539852,0.00541585853213204,0.00619672566777347,0.822625664858011,0.728175485645142,0.919167721215126,Polity
430,East S. Africa (31),670,0.00563051048952702,0.00527561264101642,0.00599257121372057,0.780677192198157,0.693872753399052,0.869233598236441,Polity
431,East S. Africa (31),640,0.00546396863858705,0.00507729753333955,0.00584570646061664,0.739942733062725,0.645366875723212,0.833311959020939,Polity
432,East S. Africa (31),610,0.00550390623314781,0.00514647895341217,0.00585735195910587,0.749711066394081,0.662287954196724,0.83616033064431,Polity
433,Fremont (7),2680,0.00169398474536719,0.00113817902630143,0.00231584625920637,0.00913448206467359,-0.0204271151810373,0.0422093839307826,Late Archaic
434,Fremont (7),2650,0.00160402332813755,0.00104134690668693,0.00222221801343687,0.00434971088911599,-0.0255773178909051,0.0372295854196898,Late Archaic
435,Fremont (7),2620,0.00154300793865154,0.00100366330570595,0.00211759992077817,0.00110448992808012,-0.0275815927602613,0.0316652707433504,Late Archaic
436,Fremont (7),2590,0.00152224174616285,0.00102316560725267,0.00203410499607777,0,-0.0265443253052635,0.0272244324227174,Late Archaic
437,Fremont (7),2560,0.00153900199634931,0.00106385008691916,0.00203131388175921,0.000891426174207589,-0.0243804429255106,0.0270759816340309,Late Archaic
438,Fremont (7),2530,0.00158386952214723,0.00107168484690057,0.0021134857823852,0.00327779191596174,-0.0239637361318551,0.0314464523720851,Late Archaic
439,Fremont (7),2500,0.00164315765824197,0.00108221726163407,0.00220156097822266,0.0064311455799501,-0.0234035493764908,0.0361309012314101,Late Archaic
440,Fremont (7),2470,0.00171307364870614,0.001121076813416,0.00230819478471941,0.0101497621400871,-0.0213367292997609,0.0418024255290236,Late Archaic
441,Fremont (7),2440,0.00181295788164799,0.00118167079605717,0.00236741990669825,0.015462297373418,-0.0181139216730909,0.0449524276659385,Late Archaic
442,Fremont (7),2410,0.0019821133713645,0.0013959492595376,0.00258131173353403,0.024459157764322,-0.00671710904855445,0.0563286762761486,Late Archaic
443,Fremont (7),2380,0.00226159957921238,0.00169160678480082,0.00284979073769651,0.0393241698156868,0.00900800565373049,0.0706082490076447,Late Archaic
444,Fremont (7),2350,0.00266017482230723,0.00198303943231984,0.00329820848334311,0.0605231614854493,0.024508412099151,0.0944582101359975,Late Archaic
445,Fremont (7),2320,0.00311820615697066,0.00233995134086276,0.00380834722868389,0.0848844398544361,0.0434914591075169,0.121590921462799,Late Archaic
446,Fremont (7),2290,0.0035344502363174,0.00275723388566136,0.00428713468235078,0.107023182597572,0.0656854346350376,0.14705615398216,Late Archaic
447,Fremont (7),2260,0.003833090052705,0.0030865069065381,0.00457768458596883,0.122906916195028,0.0831984541905004,0.162509609993685,Late Archaic
448,Fremont (7),2230,0.00400982378366823,0.0032712058448778,0.00466167202214209,0.132306839936815,0.0930220228217955,0.166976643485221,Late Archaic
449,Fremont (7),2200,0.0041182105787549,0.00344735226838561,0.00476951181727725,0.138071600307563,0.102390709485839,0.172712310610424,Late Archaic
450,Fremont (7),2170,0.00422172862663593,0.00355944277268587,0.00498031485548592,0.143577406984517,0.108352458761759,0.183924276050743,Late Archaic
451,Fremont (7),2140,0.00435157265738556,0.00365318373657838,0.00512368914346261,0.150483411745015,0.113338252403237,0.191549913591288,Late Archaic
452,Fremont (7),2110,0.00449918881320384,0.00376515128721201,0.00527030873959369,0.158334661193464,0.119293462151679,0.199348159094126,Late Archaic
453,Fremont (7),2080,0.00464023920454667,0.00388702175885858,0.00546267358321134,0.165836697817404,0.125775377820011,0.209579453656581,Late Archaic
454,Fremont (7),2050,0.00475738417137769,0.00410009497834206,0.00551593408878359,0.172067278414239,0.137108087222148,0.212412216186402,Late Archaic
455,Fremont (7),2020,0.00483988249420936,0.00406175139431497,0.00558354564834254,0.176455110545754,0.135068709883837,0.216008267152189,Late Archaic
456,Fremont (7),1990,0.00488070683754194,0.00406225582624957,0.00563622080567681,0.178626431843863,0.135095539067448,0.218809896809019,Late Archaic
457,Fremont (7),1960,0.00489198663228824,0.00404989502071555,0.00564468165457144,0.179226369444118,0.134438105827207,0.219259903346915,Late Archaic
458,Fremont (7),1930,0.00490501747602739,0.00412745296883416,0.00559326433603068,0.179919439956304,0.138563174618043,0.216525174268,Late Archaic
459,Fremont (7),1900,0.00495082879026866,0.00423759475119356,0.00565340489402192,0.182356002903467,0.14442127736572,0.219723865631697,Late Archaic
460,Fremont (7),1870,0.00504991418125473,0.00433349696253481,0.00576002350847709,0.187626050189392,0.149522021113748,0.225394581911331,Late Archaic
461,Fremont (7),1840,0.00522054335874287,0.00449955852040241,0.00598421815099369,0.19670129150168,0.158354324782607,0.237318805609248,Fremont
462,Fremont (7),1810,0.00548915837211998,0.00478791683251147,0.00624582930256964,0.21098809814511,0.173691216780317,0.251233098378445,Fremont
463,Fremont (7),1780,0.00589498792649145,0.00517645584732022,0.00656607211180102,0.232572924326642,0.194356412326214,0.268265828741936,Fremont
464,Fremont (7),1750,0.00647746756828083,0.00573425515344312,0.00721781567176589,0.263553225506966,0.224024042337757,0.302930064762306,Fremont
465,Fremont (7),1720,0.0072163492679372,0.00631062301901875,0.00807766283989933,0.302852071251451,0.25467927693332,0.348662691839177,Fremont
466,Fremont (7),1690,0.00798711677540157,0.00714820343079758,0.00897115797547656,0.343846825073059,0.299227603703907,0.396184950846035,Fremont
467,Fremont (7),1660,0.00862487774255247,0.00769212062727908,0.00956440977936275,0.377767369974324,0.328156886987335,0.42773819020682,Fremont
468,Fremont (7),1630,0.00906764625848727,0.00819142016354089,0.00997418044343325,0.401316865944151,0.354713094110845,0.449532631895403,Fremont
469,Fremont (7),1600,0.00939600357233935,0.00857151226322383,0.0102582336575339,0.418781181858522,0.374929024213167,0.464640548967049,Fremont
470,Fremont (7),1570,0.0097132344615344,0.00880731033061727,0.0106089224414686,0.435653717456115,0.387470398402908,0.483292607111918,Fremont
471,Fremont (7),1540,0.0100657032207273,0.00904755569741706,0.0110191221438646,0.454400447012028,0.400248310773837,0.505109868029859,Fremont
472,Fremont (7),1510,0.0104372945566295,0.00945665259687838,0.0114509975429971,0.474164247626387,0.4220069169945,0.528079992610346,Fremont
473,Fremont (7),1480,0.0107651993771666,0.00993164268938639,0.0116695635988811,0.491604496812632,0.447270179549673,0.539704849091646,Fremont
474,Fremont (7),1450,0.0109769497737887,0.0101377506650163,0.0118092501555541,0.502866849334091,0.458232429047469,0.547134347542921,Fremont
475,Fremont (7),1420,0.0110417828495504,0.010221415110953,0.0118970154096754,0.506315121289781,0.462682283681427,0.55180231155535,Fremont
476,Fremont (7),1390,0.0109961855150132,0.0100879875338139,0.0120029168096812,0.503889939265149,0.455585681106904,0.55743488140366,Fremont
477,Fremont (7),1360,0.010945199962364,0.0100730974806099,0.0119389751244118,0.501178174486442,0.454793724959848,0.554034019767467,Fremont
478,Fremont (7),1330,0.0110322062720066,0.0102599988972318,0.0119349607821927,0.505805772575601,0.464734436638953,0.553820509247846,Fremont
479,Fremont (7),1300,0.0113645803375802,0.0105904033523337,0.0121969742732275,0.523483727163618,0.482307633701998,0.567756201215773,Fremont
480,Fremont (7),1270,0.0119217196320848,0.0110843144355569,0.0128573727532313,0.553116253186539,0.508577245576409,0.602880765821491,Fremont
481,Fremont (7),1240,0.0125790040909382,0.0116777990960577,0.0135313832247119,0.588075192582034,0.540142869864555,0.638729310400685,Fremont
482,Fremont (7),1210,0.0132191046794393,0.0121135927339037,0.0141398661259277,0.62212017474922,0.563321393514691,0.671092644996952,Fremont
483,Fremont (7),1180,0.0138057778157677,0.0127753816845455,0.0147714536495507,0.653323515010217,0.598519912978328,0.704684843418627,Fremont
484,Fremont (7),1150,0.0143480125318899,0.0132528663150406,0.0154507686996349,0.682163312336503,0.623915852339008,0.740815522223615,Fremont
485,Fremont (7),1120,0.0148267383875854,0.0137490515788416,0.0159163810152776,0.707625268649165,0.650306420885868,0.765580009661436,Fremont
486,Fremont (7),1090,0.0151957884646966,0.0142593865048731,0.0164184825564105,0.727253907522108,0.677449566460408,0.792285246808635,Fremont
487,Fremont (7),1060,0.0154450159858214,0.0143626973356919,0.0168061334533271,0.740509553063906,0.682944351898954,0.812903206094568,Fremont
488,Fremont (7),1030,0.0156533041545526,0.0145759284146136,0.0169725540413483,0.751587760329257,0.694285457359237,0.82175460547338,Fremont
489,Fremont (7),1000,0.0159884811457706,0.0148695003987865,0.0172292419914787,0.76941479391407,0.7098996485434,0.835407048295193,Fremont
490,Fremont (7),970,0.0166362905236225,0.0154051260836577,0.017859432000104,0.803869782884392,0.738387931818414,0.868924917191117,Fremont
491,Fremont (7),940,0.0176626042583522,0.0163299371467812,0.0190878794560951,0.858456254799107,0.787575788723504,0.934262260233521,Fremont
492,Fremont (7),910,0.018883688938226,0.0176203090575394,0.0202779017717586,0.923401994418359,0.856206703114108,0.99755588820875,Fremont
493,Fremont (7),880,0.0199205728871228,0.0187532126917981,0.021145622151604,0.978550663524088,0.916462364049826,1.04370726720859,Fremont
494,Fremont (7),850,0.0203238550164471,0.0193015082956481,0.0213183597776645,1,0.945624521358774,1.05289465041754,Fremont
495,Fremont (7),820,0.019691118335803,0.0186499159440142,0.0207374067758255,0.966346681449721,0.910968327644602,1.02199554652217,Fremont
496,Fremont (7),790,0.0178813166057816,0.0166214929787923,0.0191003022785495,0.870088892077902,0.803082746973298,0.93492299196307,Fremont
497,Fremont (7),760,0.0152227760677119,0.0140530084461457,0.0163797686378142,0.728689295146958,0.666472952073089,0.790226172513268,Fremont
498,Fremont (7),730,0.012359308840569,0.0112620315609035,0.0133073055302085,0.576390277718034,0.518029473041777,0.626811306808011,Fremont
499,Fremont (7),700,0.00983582510758853,0.0090151360305377,0.0106476235781123,0.442173936986845,0.39852400837418,0.485351001574534,Post-Fremont
500,Fremont (7),670,0.00790649153624082,0.00725153477895016,0.00870489729903207,0.339558616502778,0.304723480396355,0.382023364145105,Post-Fremont
501,Fremont (7),640,0.00658604199211903,0.00605706828448232,0.00710957937880607,0.269327965274101,0.241193480215164,0.297173309136932,Post-Fremont
502,Fremont (7),610,0.00576567334595252,0.00540771761077275,0.00615080643617114,0.225695079394936,0.206656514457239,0.246179124284175,Post-Fremont
503,Fremont (7),580,0.00527553044667727,0.00494169978433842,0.00563319252562992,0.199625885638572,0.181870459147248,0.218648831904462,Post-Fremont
504,Fremont (7),550,0.00496914537251256,0.00456074827793696,0.00542752497921228,0.183330205594512,0.16160881984401,0.207710007482267,Post-Fremont
505,Fremont (7),520,0.00479729245096039,0.00428381596830987,0.00530131858043597,0.174189877098139,0.146879641786466,0.200997477181701,Post-Fremont
506,Fremont (7),490,0.00477649065953913,0.0041437052831128,0.0054054837893714,0.173083493772292,0.139427585243079,0.206537704365294,Post-Fremont
507,Fremont (7),460,0.0048920273457869,0.00415514308857462,0.00556195369780116,0.179228534869929,0.140035926947452,0.214859857692267,Post-Fremont
508,Fremont (7),430,0.00506195639534207,0.00436398423650493,0.00567673292700839,0.188266538530165,0.151143545476144,0.220964611978892,Post-Fremont
509,Greece (23),9480,0.000388764290315591,0.000178943164498689,0.000643153421724552,0.00338244299847216,-0.0569781055294249,0.0765641469455738,Mesolithic
510,Greece (23),9450,0.000387711077855315,0.000178256747086739,0.00066375910860436,0.00307945881815584,-0.0571755714964149,0.0824919130750182,Mesolithic
511,Greece (23),9420,0.000384257257319549,0.000193241720413081,0.000628171716231619,0.00208587677895879,-0.0528647510004694,0.0722542665275937,Mesolithic
512,Greece (23),9390,0.000380616009397617,0.000187412838309771,0.000634977664782843,0.00103837633762735,-0.0545415817756853,0.0742121760860575,Mesolithic
513,Greece (23),9360,0.000377006478048148,0.000150607442088184,0.00068209677658796,0,-0.0651296190673171,0.0877672240996024,Mesolithic
514,Greece (23),9330,0.000379662867026786,0.00013912191054039,0.000642838076140051,0.000764179942462096,-0.0684337333773523,0.0764734295195653,Mesolithic
515,Greece (23),9300,0.00038699712826628,0.000149673511759324,0.000618971524999827,0.00287407249851029,-0.0653982886148538,0.0696075902830048,Mesolithic
516,Greece (23),9270,0.000394331389505774,0.000153542542753704,0.000692100350944714,0.00498396505455849,-0.0642852604000684,0.090645014565469,Mesolithic
517,Greece (23),9240,0.000402521796030477,0.000122126149467728,0.000754844669738021,0.00734015025074775,-0.0733230096930755,0.108695063075256,Mesolithic
518,Greece (23),9210,0.000416076524308144,0.000154207268496495,0.000693727607216911,0.0112395232562123,-0.0640940346104858,0.0911131375001967,Mesolithic
519,Greece (23),9180,0.00043056321455159,0.000156971157616566,0.000695965287422972,0.0154069995579608,-0.0632989294335963,0.0917568648853301,Mesolithic
520,Greece (23),9150,0.000445049904795036,0.00013468002977069,0.000759009841350007,0.0195744758597093,-0.069711556850612,0.109893283903752,Mesolithic
521,Greece (23),9120,0.000489068441655945,0.000167822952872757,0.000842272422924654,0.032237562190866,-0.0601771259849402,0.133845948708726,Mesolithic
522,Greece (23),9090,0.000575783858089939,0.000237715675986883,0.000937462471549781,0.0571835254793693,-0.0400706515350865,0.161229862159003,Mesolithic
523,Greece (23),9060,0.000662846769280458,0.000284704804481524,0.00108503502368972,0.0822294547461921,-0.0265529966290719,0.203682976258683,Mesolithic
524,Greece (23),9030,0.000754283333441283,0.000307098450202116,0.00127201518961224,0.108533579970789,-0.0201108772572892,0.257472723763753,Mesolithic
525,Greece (23),9000,0.000909038923383691,0.000434602686097297,0.00145275684956425,0.153053083239652,0.01656905946643,0.309467801447524,Mesolithic
526,Greece (23),8970,0.0010845441245555,0.000577198151242703,0.00161617050956744,0.203541756250936,0.0575903839887196,0.356478025591259,Neolithic
527,Greece (23),8940,0.0012600493257273,0.000648649984683055,0.00186854224384133,0.25403042926222,0.0781453774050983,0.429079372354608,Neolithic
528,Greece (23),8910,0.00140728300452146,0.000772682023220564,0.00207707840972314,0.296386057558442,0.113826445514943,0.489070268464442,Neolithic
529,Greece (23),8880,0.00147992692343788,0.000990156112082216,0.00207487405394026,0.317283985619497,0.1763885695298,0.488436127723431,Neolithic
530,Greece (23),8850,0.00154860820692101,0.0010470722274793,0.00208239818556676,0.337041957694528,0.19276198251226,0.490600641474864,Neolithic
531,Greece (23),8820,0.00161716281783678,0.00103871512477143,0.00219106745132763,0.356763489084094,0.190357842788069,0.521862205170664,Neolithic
532,Greece (23),8790,0.00167770745143488,0.00114440692538341,0.00219066239868869,0.374180740469882,0.220762860562148,0.521745681158253,Neolithic
533,Greece (23),8760,0.00173348294986424,0.00127857184816057,0.00215803084151552,0.39022602507364,0.259358918516291,0.512358358110474,Neolithic
534,Greece (23),8730,0.00178925844829361,0.00130540457176039,0.00230008954191538,0.406271309677398,0.267078055036395,0.553225268179284,Neolithic
535,Greece (23),8700,0.0018445748036261,0.00123078673734923,0.0024654305156006,0.422184509730223,0.245612278425552,0.600789934639444,Neolithic
536,Greece (23),8670,0.00189764555996441,0.00129910684331624,0.0025453977451867,0.437451704350875,0.265266348317691,0.623794605038008,Neolithic
537,Greece (23),8640,0.00195041642095033,0.00132887188613193,0.00264073213884506,0.452632626209901,0.27382904334812,0.651220043121943,Neolithic
538,Greece (23),8610,0.00200318728193624,0.00129343945683196,0.00278457553080668,0.467813548068928,0.263635975991838,0.692600366514609,Neolithic
539,Greece (23),8580,0.00203283400096947,0.0013307546974135,0.00280038658871596,0.476342204160782,0.274370683382159,0.69714883190147,Neolithic
540,Greece (23),8550,0.00203604411790318,0.00146198821486919,0.00259253610620817,0.477265678468735,0.312123445731664,0.637355190593368,Neolithic
541,Greece (23),8520,0.00203922512141764,0.00157832950153074,0.00245280574804432,0.47818077753826,0.345592067406398,0.59715808921984,Neolithic
542,Greece (23),8490,0.00203665144138263,0.00165219259813932,0.00241840407922896,0.47744039099213,0.366840723898468,0.587261547144368,Neolithic
543,Greece (23),8460,0.00197492473579689,0.00163036107351575,0.00231267768346488,0.459683085604174,0.360560313399533,0.556846577167671,Neolithic
544,Greece (23),8430,0.00189766505469995,0.00156567023581306,0.00225661549328952,0.437457312522722,0.341950297686094,0.540718818165879,Neolithic
545,Greece (23),8400,0.00182040537360302,0.00142931803800572,0.00225082833200711,0.415231539441269,0.302725012717329,0.53905398947875,Neolithic
546,Greece (23),8370,0.00176227661133912,0.00132197121089628,0.00224375802695216,0.398509276790947,0.271843883175067,0.537020030840338,Neolithic
547,Greece (23),8340,0.00174482119066405,0.00136717911550467,0.00218383136985214,0.39348776733793,0.284849122325011,0.519780556598089,Neolithic
548,Greece (23),8310,0.00172869654369335,0.00136020264971965,0.00214959569690105,0.38884908983498,0.28284215901314,0.509931767585524,Neolithic
549,Greece (23),8280,0.00171330712480499,0.00131500065447086,0.00219326109918461,0.384421919968216,0.269838619845433,0.522493265496019,Neolithic
550,Greece (23),8250,0.00172135613082731,0.00136688311882226,0.00213601724918232,0.386737427602256,0.284763971118033,0.506025571060894,Neolithic
551,Greece (23),8220,0.00174061938496272,0.0014498551531803,0.00210995606857769,0.392279007753056,0.308633052397756,0.498528389113865,Neolithic
552,Greece (23),8190,0.00175988263909812,0.00141546153130661,0.00214072943194486,0.397820587903855,0.298738825236053,0.50738115398994,Neolithic
553,Greece (23),8160,0.00177164696509712,0.00133853804135749,0.00217556787166982,0.401204904748004,0.276609766353483,0.517403344670061,Neolithic
554,Greece (23),8130,0.00175432999405174,0.00139734906939561,0.00212893618725263,0.396223223961233,0.293528300643344,0.503988517925409,Neolithic
555,Greece (23),8100,0.00173411707349151,0.00141111198419214,0.00207251241401562,0.390408447362278,0.297487563959785,0.48775674007492,Neolithic
556,Greece (23),8070,0.00171392215455942,0.0013734621762914,0.00209660603462666,0.384598849403679,0.286656609507461,0.494687901798715,Neolithic
557,Greece (23),8040,0.00171628002798154,0.00137143076196457,0.00210120663213654,0.385277153518977,0.286072219910951,0.496011384303975,Neolithic
558,Greece (23),8010,0.001738742101162,0.00141773966482427,0.00204500495752423,0.391738957843818,0.299394190076988,0.479843498946491,Neolithic
559,Greece (23),7980,0.00176120417434247,0.00139899226873197,0.0021175187293989,0.398200762168658,0.294001010018518,0.500703986798422,Neolithic
560,Greece (23),7950,0.00180105898970331,0.00143140167955968,0.00222836194077979,0.409666044834036,0.303324426845162,0.532590942954508,Neolithic
561,Greece (23),7920,0.00197389674073981,0.00161724451495252,0.00237771867607574,0.459387355871111,0.356786991401604,0.5755573241218,Neolithic
562,Greece (23),7890,0.00217444903163713,0.00181917817641028,0.00255694409095353,0.517081480997731,0.414878503990633,0.627116214152748,Neolithic
563,Greece (23),7860,0.00237500132253445,0.00198368009622272,0.0028066161184065,0.57477560612435,0.462201794603591,0.698940919460469,Neolithic
564,Greece (23),7830,0.00257008181357581,0.00217255335127978,0.00301674654166924,0.630895624547202,0.516536138836603,0.759390445508702,Neolithic
565,Greece (23),7800,0.00275580959325973,0.00241242907843242,0.00308918509024906,0.684325090312115,0.585542681495687,0.780229293407451,Neolithic
566,Greece (23),7770,0.00294138042431675,0.00260224504571244,0.00326751943775536,0.737709405689175,0.640148221618342,0.831531844544453,Neolithic
567,Greece (23),7740,0.00311898721749913,0.00269636988234627,0.00354657457070269,0.788802656747815,0.667225698908569,0.911809370597404,Neolithic
568,Greece (23),7710,0.00314165978224767,0.00271847897534161,0.0036047007776123,0.795325014491479,0.67358595922772,0.928530898133063,Neolithic
569,Greece (23),7680,0.00310460351516801,0.0027523216031229,0.00355995644913118,0.784664807619475,0.683321678491215,0.915659018811483,Neolithic
570,Greece (23),7650,0.00306754724808834,0.00266311619207132,0.00349609053836284,0.774004600747472,0.657659402961209,0.897286314960992,Neolithic
571,Greece (23),7620,0.00301554837440626,0.00256866232471631,0.00344601734126079,0.759045761278552,0.630487271356574,0.882881446853179,Neolithic
572,Greece (23),7590,0.00291717262367397,0.00253837759417678,0.0032694168664215,0.730745397085354,0.621775074525732,0.832077689652445,Neolithic
573,Greece (23),7560,0.00281549854017259,0.00248360864941885,0.00318970290901182,0.701496180986067,0.606019351478246,0.80914587963644,Neolithic
574,Greece (23),7530,0.00271464506403603,0.00232784241022741,0.00310312641326175,0.672483034112286,0.561209108452824,0.784239880525283,Neolithic
575,Greece (23),7500,0.00272550767776665,0.00236377427930953,0.00310883690692466,0.675607949778779,0.57154585275817,0.785882653761374,Neolithic
576,Greece (23),7470,0.00281501765053555,0.00243527142921652,0.00315625977817424,0.70135784047264,0.592113882644414,0.799525086143948,Neolithic
577,Greece (23),7440,0.00290452762330445,0.00249955818150764,0.0033040886942155,0.727107731166501,0.610607652593752,0.842051950041921,Neolithic
578,Greece (23),7410,0.00300591198456431,0.00255604950104703,0.00351482074422765,0.756273601066254,0.626858861909243,0.902674549799782,Neolithic
579,Greece (23),7380,0.00317697013080742,0.00277193525302794,0.0036186026599837,0.805482962121774,0.688964059172823,0.932530139116261,Neolithic
580,Greece (23),7350,0.003359378483554,0.00290597968596302,0.00378485910002434,0.857957507689989,0.727525455064545,0.980358163477859,Neolithic
581,Greece (23),7320,0.00354178683630057,0.00306090387465394,0.00404680867456133,0.910432053258205,0.772093460184219,1.05571482713192,Neolithic
582,Greece (23),7290,0.0036736735018563,0.00319199882019653,0.00416049817198968,0.948372710784779,0.809806358689446,1.08842059210158,Neolithic
583,Greece (23),7260,0.00373662969549732,0.0032660621084404,0.00418512538212158,0.966483710650047,0.831112605554603,1.09550525484222,Neolithic
584,Greece (23),7230,0.00379919997876456,0.00327479806349984,0.00427613791409651,0.984483693277403,0.83362573209155,1.12168739609006,Neolithic
585,Greece (23),7200,0.00385313668120441,0.00326349850362887,0.00442403394580646,1,0.830375117410689,1.16423356756996,Neolithic
586,Greece (23),7170,0.00379341874026274,0.00322177369674136,0.00429864900984942,0.982820568433413,0.818371882649912,1.12816330304328,Neolithic
587,Greece (23),7140,0.00369845742969879,0.00318326374081212,0.00420571967267266,0.955502457484135,0.80729348406338,1.10142974251888,Neolithic
588,Greece (23),7110,0.00360349611913483,0.00304701964612644,0.0041350412601186,0.928184346534857,0.768099297792114,1.08109724390019,Neolithic
589,Greece (23),7080,0.00348712717484093,0.00288038688620928,0.00400596097850141,0.894707768416972,0.720163015150614,1.04396391629929,Neolithic
590,Greece (23),7050,0.00331729696011278,0.00283492601582404,0.00380873843102258,0.845851654059132,0.707085003761984,0.987227679175676,Neolithic
591,Greece (23),7020,0.00314493067637894,0.00264291292811641,0.00358510366208799,0.796265972953936,0.651847404337978,0.922893273999617,Neolithic
592,Greece (23),6990,0.00297392984856958,0.00233130949877752,0.00350197728725315,0.747073101048825,0.562206507384246,0.898979792634803,Neolithic
593,Greece (23),6960,0.00287368811507184,0.0022853053227118,0.00343150341658174,0.718235937985508,0.548972199870693,0.878706135851919,Neolithic
594,Greece (23),6930,0.00281326000953282,0.00228906107975255,0.0032988425776703,0.700852208951377,0.550052641862577,0.840542767060099,Neolithic
595,Greece (23),6900,0.00275283190399379,0.00220903019805303,0.00329614295958469,0.683468479917246,0.527029660264578,0.839766151131514,Neolithic
596,Greece (23),6870,0.00273164430099763,0.00216689586753225,0.00332979270506947,0.677373310358602,0.514908615292634,0.849446382744881,Neolithic
597,Greece (23),6840,0.00289094847442373,0.00238433775764275,0.00339774020693493,0.723201332934241,0.577461476492447,0.868993263297217,Neolithic
598,Greece (23),6810,0.00307272228698358,0.00258472090769299,0.003542161330446,0.775493336379567,0.635106943819386,0.91053978631869,Neolithic
599,Greece (23),6780,0.00325449609954344,0.00280729594566088,0.00369961681768368,0.827785339824894,0.699136489595834,0.955835985838119,Neolithic
600,Greece (23),6750,0.00338734459580184,0.0029589821556107,0.00380624673150915,0.866002693173102,0.742773005228101,0.986510876476178,Neolithic
601,Greece (23),6720,0.00346762016075982,0.00305339911949576,0.00388444485613442,0.8890960643262,0.769934520581966,1.00900661744534,Neolithic
602,Greece (23),6690,0.00354789109088298,0.00310883766434126,0.00399097287621665,0.912188102147534,0.785882871652119,1.03965219567641,Neolithic
603,Greece (23),6660,0.00361786492783866,0.00305544780577982,0.0041108952675933,0.932317911120783,0.770523878909856,1.07415101602202,Neolithic
604,Greece (23),6630,0.00359013023598554,0.00307287220483714,0.00409455025643523,0.924339299782249,0.775536464181116,1.06944894498244,Neolithic
605,Greece (23),6600,0.00353817262007291,0.00305437133892884,0.00399741965823918,0.909392329192526,0.770214204994304,1.04150678156525,Neolithic
606,Greece (23),6570,0.00348621500416029,0.00299173892259663,0.00402498814266016,0.894445358602802,0.752196348161629,1.04943757897783,Neolithic
607,Greece (23),6540,0.00344833350260354,0.00287094946792117,0.00402571809223514,0.883547751395124,0.717448094322982,1.04964756811296,Neolithic
608,Greece (23),6510,0.00343876453135708,0.00287072407371037,0.00397071307513927,0.880794985909591,0.717383253768219,1.03382393266745,Neolithic
609,Greece (23),6480,0.00342999537775244,0.0028725017805215,0.00401122163080939,0.878272308940622,0.717894657745411,1.04547728087441,Neolithic
610,Greece (23),6450,0.00341724289514309,0.00279564774100066,0.00405556859477196,0.874603722937207,0.695785578099584,1.058234847873,Neolithic
611,Greece (23),6420,0.00329362993881692,0.00277483044051459,0.00383578852476297,0.839043214814141,0.689796935767613,0.995009347916344,Neolithic
612,Greece (23),6390,0.00311985150677001,0.00266717334230569,0.00351416409787019,0.789051292218975,0.658826548608021,0.902485648257237,Neolithic
613,Greece (23),6360,0.0029460730747231,0.00243171103028202,0.00342204795770906,0.739059369623809,0.591089640534247,0.875986025177096,Neolithic
614,Greece (23),6330,0.00276987552236202,0.00215838050963372,0.00332199840381683,0.688371523638898,0.512458949313265,0.847204147616415,Neolithic
615,Greece (23),6300,0.00258483059295928,0.00204277126032473,0.00309547165746653,0.635138497662275,0.479200917377634,0.782037789306644,Neolithic
616,Greece (23),6270,0.00239897140089273,0.00185525272260594,0.0028862178753554,0.581671227679754,0.425256293108806,0.721840452071942,Neolithic
617,Greece (23),6240,0.00221326418344578,0.00165171126222399,0.00273693718953019,0.528247677181466,0.366702255001389,0.678895948528989,Neolithic
618,Greece (23),6210,0.00211332794211936,0.00164375329510151,0.00263633395109581,0.499498396951489,0.364412937094006,0.649954789091683,Neolithic
619,Greece (23),6180,0.00208524104702951,0.00168700634554857,0.00251576230257562,0.491418465116845,0.376855811186521,0.615269192904662,Neolithic
620,Greece (23),6150,0.00205715415193966,0.00165494147368934,0.00247701583112616,0.483338533282201,0.367631510028262,0.604122754427105,Neolithic
621,Greece (23),6120,0.00203293267340694,0.00160808926035611,0.00251737455694355,0.476370589874695,0.35415324235846,0.615733000148264,Neolithic
622,Greece (23),6090,0.00203626582869127,0.00164392480901949,0.00244360836380525,0.477329459390372,0.364462277569754,0.59451222048031,Neolithic
623,Greece (23),6060,0.00204500043103561,0.0016421136097604,0.00243311407085389,0.479842196783352,0.363941238611705,0.591493261943651,Neolithic
624,Greece (23),6030,0.00205373503337995,0.00159320124084985,0.00247574965982681,0.482354934176333,0.349870313171072,0.603758507052769,Neolithic
625,Greece (23),6000,0.00205437525182042,0.0015527297597551,0.00252387554793689,0.4825391097978,0.338227630437839,0.617603180668958,Neolithic
626,Greece (23),5970,0.00204194772227307,0.00157749025571624,0.00249957797270798,0.478964005063211,0.345350636342125,0.610613346051473,Neolithic
627,Greece (23),5940,0.00202934285098134,0.00153165035113394,0.00253185166957037,0.475337883325804,0.332163585828113,0.619897721197457,Neolithic
628,Greece (23),5910,0.00201519030269795,0.0014511469064114,0.002597810857561,0.471266531720347,0.30900465908554,0.638872611128432,Neolithic
629,Greece (23),5880,0.00197389804300528,0.00147926669298641,0.00250536640972991,0.459387730501918,0.317094053018333,0.612278541738526,Neolithic
630,Greece (23),5850,0.00192271449157964,0.00152064174053213,0.0023473046302552,0.444663439858501,0.328996670333458,0.566807926359622,Neolithic
631,Greece (23),5820,0.00187153094015401,0.00150680312903898,0.00225013647399652,0.429939149215084,0.325015630877404,0.538854958380905,Neolithic
632,Greece (23),5790,0.00181567559068999,0.00145712769620294,0.00213455916030833,0.413870893367444,0.310725190090423,0.505606113563973,Neolithic
633,Greece (23),5760,0.001746115236361,0.00142815278517072,0.00207460491753163,0.393860033513626,0.302389797185429,0.488358703578507,Neolithic
634,Greece (23),5730,0.00167566744523649,0.00133985616523045,0.00204423581895871,0.373593879196235,0.276988959247858,0.479622236070658,Neolithic
635,Greece (23),5700,0.00160491083028219,0.00119039030930369,0.0020465289164131,0.353238883606583,0.23399118666988,0.480281905680362,Neolithic
636,Greece (23),5670,0.00150297526613496,0.00108545434592453,0.00189466227479561,0.323914445743273,0.20380360529451,0.43659348414782,Neolithic
637,Greece (23),5640,0.00138033045945667,0.00101720964786575,0.00175262341527078,0.28863245125212,0.18417122846443,0.395732281826958,Neolithic
638,Greece (23),5610,0.00125768565277838,0.000909592365418262,0.00164233150573279,0.253350456760967,0.153212295352612,0.36400392210158,Neolithic
639,Greece (23),5580,0.00114125043255041,0.000757736412197859,0.00149336058740427,0.219854812632835,0.109526948617752,0.321148531301415,Neolithic
640,Greece (23),5550,0.00105901406332151,0.000727145845882371,0.00139079968725997,0.196197364717268,0.100726770106684,0.291644199141711,Cooper Age
641,Greece (23),5520,0.000981988886171954,0.00068443965239546,0.00131195327232718,0.17403905284517,0.0884412137578071,0.268961960466876,Cooper Age
642,Greece (23),5490,0.0009049637090224,0.00058853784165945,0.00124855841513864,0.151880740973073,0.0608525432733317,0.250724767530036,Cooper Age
643,Greece (23),5460,0.000877742499423437,0.000559836863420304,0.00120891835407432,0.144049846268885,0.0525959543190153,0.239321264569092,Cooper Age
644,Greece (23),5430,0.00091450859459769,0.000613249566603527,0.00126837814503754,0.154626577583745,0.0679615189157399,0.256426432525468,Cooper Age
645,Greece (23),5400,0.000951518430624198,0.00059831895941891,0.00129866240136296,0.165273427345847,0.0636663382659875,0.265138492936188,Cooper Age
646,Greece (23),5370,0.000993770890725694,0.000619565091270907,0.00139280239255673,0.177428455389138,0.0697783451846885,0.292220329832944,Cooper Age
647,Greece (23),5340,0.00109930491844401,0.000677402107685737,0.00150465464636426,0.207788085653416,0.0864166794917045,0.324397563500996,Cooper Age
648,Greece (23),5310,0.00122337316978326,0.000762240134758615,0.00172428065810481,0.243479571325213,0.110822562503753,0.387578744557199,Cooper Age
649,Greece (23),5280,0.00134744142112251,0.000773994924059281,0.00192951369468869,0.27917105699701,0.114204135866566,0.446619408913652,Cooper Age
650,Greece (23),5250,0.00145690818567635,0.000864383546436614,0.00209674584836931,0.310662042131699,0.140206793159225,0.49472812288782,Cooper Age
651,Greece (23),5220,0.00153187388777834,0.000973966807572616,0.00202576055936236,0.332227892005195,0.171731291590412,0.474307343210898,Cooper Age
652,Greece (23),5190,0.00160538521254045,0.00108515670928322,0.0020920937939041,0.353375352101873,0.203717982310352,0.493389837440116,Cooper Age
653,Greece (23),5160,0.00167805602822359,0.0011716585739995,0.00222892906967676,0.374281017723132,0.228602511847749,0.53275409245232,Cooper Age
654,Greece (23),5130,0.00171447092383347,0.00121924148098371,0.00223709552119505,0.384756717274552,0.24229098270566,0.535103386362793,Cooper Age
655,Greece (23),5100,0.00173159273358284,0.00126796036950712,0.00220907286720949,0.389682254797232,0.256306248439715,0.527041935166255,Cooper Age
656,Greece (23),5070,0.00174871454333221,0.0011951812761931,0.00224755066710491,0.394607792319912,0.235369433918806,0.538111083226496,Cooper Age
657,Greece (23),5040,0.00176731906446457,0.00106907797252032,0.00236385425968585,0.399959870649851,0.199092512082482,0.571568861210571,Cooper Age
658,Greece (23),5010,0.00179235420181515,0.00116419898757746,0.00231388990188364,0.407161884351135,0.226456566216809,0.557195303581216,Cooper Age
659,Italy (24),8970,0.00026430383271676,0.000108293763526071,0.000435844497698087,0.0229609909014672,-0.016518542751776,0.0663706598488751,Mesolithic
660,Italy (24),8940,0.000231943391161947,7.7315237866172E-05,0.000420750413523431,0.0147719352333007,-0.0243578941004571,0.0625509871365332,Mesolithic
661,Italy (24),8910,0.000205781627163198,3.58625380117502E-05,0.000405613267061908,0.00815150202937464,-0.0348478148306385,0.0587204171852355,Mesolithic
662,Italy (24),8880,0.000194499004089224,3.19774502183598E-05,0.000370487355646279,0.00529634851488357,-0.0358309658226266,0.0498315383517855,Mesolithic
663,Italy (24),8850,0.000183864522280114,2.97186647797059E-05,0.000354100563010538,0.0026052120732069,-0.0364025686441841,0.045684735939047,Mesolithic
664,Italy (24),8820,0.000173569585177582,1.82658576205029E-05,0.000351059957799467,0,-0.0393007885348067,0.0449152876824093,Mesolithic
665,Italy (24),8790,0.000178625354728904,2.87419564456085E-05,0.000354994334029044,0.00127940090777402,-0.0366497321109106,0.0459109114877565,Mesolithic
666,Italy (24),8760,0.000191978063481293,5.65670571184173E-05,0.000345899148958873,0.0046584053354148,-0.0296083789205962,0.0436093057842078,Mesolithic
667,Italy (24),8730,0.000205330772233682,6.72375898055308E-05,0.000361612085566449,0.00803740976305561,-0.0269081195302614,0.0475855838078517,Mesolithic
668,Italy (24),8700,0.000224493970408189,7.79382945192767E-05,0.000383283245968397,0.0128868026974919,-0.0242002248792861,0.0530696356439405,Mesolithic
669,Italy (24),8670,0.000269269139143544,0.000120637497518466,0.000410708829650128,0.0242174994280756,-0.0133948670551531,0.0600098880234154,Mesolithic
670,Italy (24),8640,0.000317063309014046,0.000174551171775981,0.000467310042213948,0.036312177339698,0.000248397948581549,0.0743332550203006,Mesolithic
671,Italy (24),8610,0.000364857478884548,0.000197926077027823,0.000555696254097979,0.0484068552513204,0.00616359536704761,0.0967000576546434,Mesolithic
672,Italy (24),8580,0.000417104305981923,0.000234617570691928,0.000597382734967911,0.0616283119134851,0.0154486566865786,0.107249138447487,Mesolithic
673,Italy (24),8550,0.000473914952345121,0.000292442669155609,0.000663187008103466,0.0760046777249569,0.0300817373117055,0.123901409863424,Mesolithic
674,Italy (24),8520,0.000530725598708319,0.000351634904139384,0.000738942396767596,0.0903810435364287,0.0450607822231997,0.143071886690304,Mesolithic
675,Italy (24),8490,0.000584414449877461,0.000388833187938382,0.000819344257539963,0.103967415349041,0.0544740906378663,0.163418188596408,Neolithic
676,Italy (24),8460,0.000610102005480052,0.000434880978640679,0.000825935864286056,0.110467846514433,0.0661268340288507,0.165086244778367,Neolithic
677,Italy (24),8430,0.000629140654743929,0.000443972424497811,0.000812217257089176,0.115285721400488,0.0684274934961224,0.161614646968594,Neolithic
678,Italy (24),8400,0.000648179304007807,0.000426065416970071,0.000840596665646874,0.120103596286543,0.0638959891516422,0.168796271981806,Neolithic
679,Italy (24),8370,0.000660313179876588,0.00040734609763653,0.000873268766910484,0.123174165790107,0.0591589231313006,0.177064195507834,Neolithic
680,Italy (24),8340,0.000659111918555792,0.000440791657768916,0.00084047337417431,0.12287017748354,0.0676225763022006,0.168765072137684,Neolithic
681,Italy (24),8310,0.000657577161377136,0.000469420368399237,0.000841728139644988,0.122481795515641,0.0748672890995344,0.169082600075999,Neolithic
682,Italy (24),8280,0.000655950996051927,0.000448703224514168,0.000854239108031057,0.122070282021574,0.0696246583933718,0.172248595706889,Neolithic
683,Italy (24),8250,0.000652024762271112,0.00046409480741487,0.00086073856626769,0.121076718724767,0.0735196154192688,0.173893333008219,Neolithic
684,Italy (24),8220,0.000647098974472138,0.000458474574482166,0.000826633941090393,0.119830210687259,0.0720973727630299,0.165262898418945,Neolithic
685,Italy (24),8190,0.000642173186673163,0.00043627728622591,0.000865411840601537,0.118583702649751,0.0664801802749448,0.175075940594326,Neolithic
686,Italy (24),8160,0.000647311024517969,0.000420510480215189,0.000903656770506942,0.119883871562893,0.0624902701894388,0.184754110760514,Neolithic
687,Italy (24),8130,0.000687737483928827,0.000485885745639309,0.00090305649073292,0.130114094349614,0.0790339779436258,0.184602205401695,Neolithic
688,Italy (24),8100,0.000731210803427721,0.000529538475623106,0.000922188561099181,0.141115348237124,0.0900806330178233,0.189443721207689,Neolithic
689,Italy (24),8070,0.000774887978384002,0.000548007260682838,0.000998077642143513,0.152168189297385,0.0947542994361685,0.208648029907414,Neolithic
690,Italy (24),8040,0.000887973173602405,0.000665239634231404,0.00112229177780439,0.1807852573717,0.124420842504636,0.240081360938362,Neolithic
691,Italy (24),8010,0.00105661755431896,0.000827975358769911,0.00130868654608155,0.22346199957474,0.165602354357246,0.287249973612922,Neolithic
692,Italy (24),7980,0.00122526193503551,0.000940207900644078,0.00151597950374323,0.26613874177778,0.194003652022812,0.339707031933186,Neolithic
693,Italy (24),7950,0.00139965387808667,0.00105693909441062,0.00174798254858501,0.310269948309888,0.223543367738574,0.398417165605973,Neolithic
694,Italy (24),7920,0.00161294163724497,0.00129053147729558,0.00194224339279766,0.364244036708136,0.282655695481831,0.447576348576569,Neolithic
695,Italy (24),7890,0.00183350611219828,0.00153735682947822,0.00215293160370091,0.420059553339858,0.345116726673719,0.500892601532843,Neolithic
696,Italy (24),7860,0.00205407058715159,0.00171881387238585,0.00239006980177278,0.475875069971581,0.391035810417816,0.560902224756616,Neolithic
697,Italy (24),7830,0.0022476338940055,0.00189251654866338,0.00261570757553201,0.52485773581241,0.43499259275457,0.618001578207207,Neolithic
698,Italy (24),7800,0.00239942616303043,0.00208905000723859,0.00270450676913904,0.56326992307929,0.484726878061017,0.64047288900513,Neolithic
699,Italy (24),7770,0.0025507568736263,0.00227754791423102,0.00285406603883461,0.60156530947795,0.532427705970899,0.678319998821381,Neolithic
700,Italy (24),7740,0.00270226976548361,0.00235294354454901,0.00303299705560825,0.639906798229356,0.551507143214197,0.723599852454992,Neolithic
701,Italy (24),7710,0.00285672697220673,0.00253176058025531,0.00319042805399521,0.678993368233744,0.596758153072486,0.763438963040122,Neolithic
702,Italy (24),7680,0.00301221369282911,0.00268576944146928,0.00335746910727882,0.718340464554434,0.63573126583845,0.805709971051295,Neolithic
703,Italy (24),7650,0.00316770041345148,0.00277315213852863,0.00355464475952185,0.757687560875123,0.6578441214199,0.855606768345925,Neolithic
704,Italy (24),7620,0.00332927133291721,0.00286336096764258,0.00378444244512601,0.798574309951787,0.680672151195791,0.913758819103353,Neolithic
705,Italy (24),7590,0.00350795032950135,0.00312296999630402,0.00390687870580617,0.843790387961143,0.74636818887396,0.944742245358948,Neolithic
706,Italy (24),7560,0.00368765441738461,0.00331091664249951,0.00405881394211926,0.889265873114225,0.793929516049705,0.983190611584618,Neolithic
707,Italy (24),7530,0.00386647326249055,0.00347052459053681,0.00423386327716863,0.934517340854845,0.834319520288225,1.02748817615792,Neolithic
708,Italy (24),7500,0.00397204653248875,0.00360932079614589,0.00432941440307995,0.961233459163096,0.869442954940307,1.05166811473874,Neolithic
709,Italy (24),7470,0.00403108578537345,0.00372092727360482,0.00432019232019226,0.976173790791785,0.897685822247635,1.04933439657808,Neolithic
710,Italy (24),7440,0.00409012503825814,0.00374670206023965,0.00441202250473468,0.991114122420474,0.904208327888673,1.07257272266711,Neolithic
711,Italy (24),7410,0.00412523908971016,0.00371478842594034,0.00453214084856807,1,0.896132340192155,1.10296958244893,Neolithic
712,Italy (24),7380,0.00403492175423944,0.00366874946830156,0.00443649079837227,0.977144511865901,0.884481832075023,1.07876461032612,Neolithic
713,Italy (24),7350,0.00392645400220869,0.00352419956582357,0.00429587676886303,0.949695922881845,0.847902380703346,1.04318116152101,Neolithic
714,Italy (24),7320,0.00381798625017795,0.00338690106691739,0.0042885183613149,0.922247333897789,0.813157952114695,1.04131906056857,Neolithic
715,Italy (24),7290,0.00377544431621396,0.00334035815020934,0.00423721469423203,0.911481774198225,0.8013799133251,1.02833627771589,Neolithic
716,Italy (24),7260,0.00381376049877602,0.00339667899175707,0.00423780715243386,0.921177975390685,0.815632330305601,1.02848620376643,Neolithic
717,Italy (24),7230,0.00385226683045703,0.00339626793408996,0.00428753941598745,0.93092229526279,0.815528309038985,1.04107133101367,Neolithic
718,Italy (24),7200,0.00389181206145936,0.00341134064454786,0.00440464939607285,0.94092951650358,0.819342572969865,1.07070690148612,Neolithic
719,Italy (24),7170,0.00394306925330967,0.00349814889911213,0.00443650246923751,0.953900538445449,0.841310061512289,1.07876756372726,Neolithic
720,Italy (24),7140,0.00399760933772998,0.00354087898143107,0.00442028185988627,0.967702321301466,0.852123233582962,1.07466281525762,Neolithic
721,Italy (24),7110,0.00405214942215028,0.00355620564903621,0.00450900653934582,0.981504104157484,0.856001763299974,1.09711526968424,Neolithic
722,Italy (24),7080,0.00409266482995668,0.00355106473607753,0.00456219529910186,0.991756836011684,0.854700816205896,1.11057508956417,Neolithic
723,Italy (24),7050,0.00410145011284022,0.00362286837710625,0.00453215599294449,0.993980018611714,0.872871273261164,1.10297341484848,Neolithic
724,Italy (24),7020,0.00410902443684798,0.00363269681729104,0.00454377665104256,0.995896758865188,0.875358434744055,1.10591411069482,Neolithic
725,Italy (24),6990,0.00411528544974718,0.00355448088491958,0.00465814789502916,0.997481155761744,0.855565298632408,1.13485662318363,Neolithic
726,Italy (24),6960,0.00407158810807656,0.00352754561247029,0.00463995256286776,0.986423211361156,0.848749123236566,1.13025215609939,Neolithic
727,Italy (24),6930,0.00400246506334411,0.00351101067456333,0.00450183279203724,0.968931099570641,0.844564831537074,1.09529989840879,Neolithic
728,Italy (24),6900,0.00393334201861166,0.00345685312857318,0.00444880071948873,0.951438987780127,0.830859852938019,1.08187972941751,Neolithic
729,Italy (24),6870,0.00383383941514035,0.00331820908320361,0.00438191879766978,0.926259097772328,0.795774923590932,1.06495475081234,Neolithic
730,Italy (24),6840,0.00360871993183405,0.0031064862930539,0.00403605886758988,0.869290901659751,0.742196862493751,0.977432267041059,Neolithic
731,Italy (24),6810,0.00336991763783333,0.00294654847348939,0.00379739788227732,0.808860166314396,0.701723381758316,0.917037290933158,Neolithic
732,Italy (24),6780,0.00313111534383261,0.00265643206526047,0.00357607737205732,0.748429430969041,0.628307219830767,0.861030453831487,Neolithic
733,Italy (24),6750,0.00291122616074912,0.00237883225811583,0.00333807440503808,0.692784802077054,0.558058478931198,0.800801994253516,Neolithic
734,Italy (24),6720,0.00270942227041853,0.0022710376508144,0.0030922880217795,0.641716793960708,0.530780234336654,0.738603882043813,Neolithic
735,Italy (24),6690,0.00250761838008794,0.00213890729140069,0.00285185353996152,0.590648785844361,0.497343642723374,0.677760109167009,Neolithic
736,Italy (24),6660,0.00231470574966439,0.00190189050026228,0.00269758579946949,0.541830778619244,0.437364742446784,0.638721485032301,Neolithic
737,Italy (24),6630,0.00219546162156446,0.00185247451874138,0.00256607103506619,0.511655145772631,0.42485965277159,0.605440674414801,Neolithic
738,Italy (24),6600,0.00209263363362158,0.00180889569930159,0.00242391876287708,0.48563374195206,0.41383170132226,0.569467961609224,Neolithic
739,Italy (24),6570,0.0019898056456787,0.00168101725586485,0.00233816528145509,0.459612338131489,0.381471089360641,0.547767391426512,Neolithic
740,Italy (24),6540,0.00190278463140999,0.00159877615059067,0.00225536386354431,0.437591009128924,0.360659352655471,0.52681386335039,Neolithic
741,Italy (24),6510,0.00184450825513788,0.00154133335519971,0.00213807606884977,0.422843729224756,0.34612301672832,0.497133295539744,Neolithic
742,Italy (24),6480,0.00178683323112512,0.00151757072845389,0.00207654484709035,0.408248626079968,0.340109703439201,0.481562352248854,Neolithic
743,Italy (24),6450,0.0017289453513477,0.00139156961310833,0.00205305312297601,0.393599658166275,0.308224163618363,0.475617592929432,Neolithic
744,Italy (24),6420,0.00166633734012928,0.00135927853444817,0.00197549692023923,0.377756225119406,0.300052660757833,0.45599140641565,Neolithic
745,Italy (24),6390,0.00160179701236691,0.00134030511638153,0.00187976057029748,0.36142380468588,0.295251293121983,0.43176459548626,Neolithic
746,Italy (24),6360,0.00153725668460454,0.00125842002521567,0.0018141655343575,0.345091384252354,0.274529648492558,0.415165273132822,Neolithic
747,Italy (24),6330,0.00148565099038622,0.00120024504322174,0.00179370606855348,0.332032171137713,0.259808027181057,0.40998784982337,Neolithic
748,Italy (24),6300,0.00147672240594249,0.0011729263842206,0.00177071630870628,0.329772724988815,0.252894832904611,0.404170116376575,Neolithic
749,Italy (24),6270,0.00147115539003605,0.00116282630589886,0.00177700664205058,0.328363949305511,0.25033893132677,0.405761933034594,Neolithic
750,Italy (24),6240,0.00146570274612651,0.00112593951815402,0.001827337413526,0.326984116325227,0.241004449355915,0.418498517259994,Neolithic
751,Italy (24),6210,0.00148363636315652,0.00113835846356206,0.00186508513964099,0.331522354406481,0.24414715787286,0.428050866228372,Neolithic
752,Italy (24),6180,0.00151913076908731,0.00121733784969347,0.00185115474401305,0.340504483577477,0.264133491760553,0.424525673746569,Neolithic
753,Italy (24),6150,0.00155462517501811,0.00124989082316945,0.00186016123261314,0.349486612748473,0.272371269094576,0.426804834134288,Neolithic
754,Italy (24),6120,0.00158743355263903,0.00128519715204436,0.00192305703471573,0.35778902204239,0.28130580393723,0.442721094851552,Neolithic
755,Italy (24),6090,0.00160330603199133,0.00133192055642892,0.00186239863028966,0.361805673570078,0.293129516505038,0.427371024620097,Neolithic
756,Italy (24),6060,0.00161621924023063,0.0013294204042224,0.00189378835301729,0.365073459052769,0.292496833988534,0.435314432511781,Neolithic
757,Italy (24),6030,0.00162913244846994,0.0012793089019469,0.00195886300071313,0.36834124453546,0.279815737500575,0.451782066665194,Neolithic
758,Italy (24),6000,0.00161156114431855,0.00122446493671172,0.00197935194196728,0.363894692481643,0.265937055294922,0.456966948961307,Neolithic
759,Italy (24),5970,0.00154968897666931,0.00119644547920786,0.00190026338619109,0.348237470242214,0.258846518631438,0.436952988865334,Neolithic
760,Italy (24),5940,0.00148744617665058,0.00114603273259184,0.0018637658349112,0.332486456664956,0.246089189973716,0.427717006140053,Neolithic
761,Italy (24),5910,0.00142394907722923,0.00104951787574527,0.00181843685816087,0.316418033091445,0.221665371955566,0.41624616408245,Neolithic
762,Italy (24),5880,0.00134215485607517,0.000993994759637747,0.00167674545742959,0.2957193838091,0.20761482546026,0.380390078301805,Neolithic
763,Italy (24),5850,0.00125433555985767,0.000956090798000753,0.00154973631537271,0.273496043492616,0.198022939905682,0.348249449660874,Neolithic
764,Italy (24),5820,0.00116651626364017,0.000905512146597257,0.00144036554487985,0.251272703176132,0.185223627780647,0.320572344992223,Neolithic
765,Italy (24),5790,0.00110191831603637,0.000834627121106252,0.00135438145638408,0.234925701603832,0.167285633368487,0.298813417936926,Neolithic
766,Italy (24),5760,0.00109886196852476,0.000854576931934107,0.00132143134556993,0.234152269638406,0.172334084612948,0.290475141981318,Neolithic
767,Italy (24),5730,0.00109910285146567,0.000861636995206753,0.00135666088780723,0.234213226897263,0.174120687279124,0.299390245381764,Neolithic
768,Italy (24),5700,0.00110047155770296,0.000829222024794807,0.00138259318982069,0.234559588412496,0.165917832669252,0.305952611486449,Neolithic
769,Italy (24),5670,0.00117427177996384,0.000878937434264483,0.00145548842392762,0.25323529552217,0.178498694862473,0.324399304466042,Neolithic
770,Italy (24),5640,0.00129138646506966,0.000994499849812015,0.00159867524770964,0.282872056635793,0.207742642367441,0.360633818414585,Neolithic
771,Italy (24),5610,0.00140850115017548,0.0010854077302858,0.00177161131485591,0.312508817749415,0.230747572402583,0.404396604484603,Neolithic
772,Italy (24),5580,0.00153162168375481,0.00117894922798081,0.0019413558712299,0.343665404462479,0.254418959290512,0.447351754498867,Neolithic
773,Italy (24),5550,0.00168425054427292,0.00138434523036114,0.00202385912704207,0.382289297564631,0.30639597866036,0.468229830389965,Cooper Age
774,Italy (24),5520,0.00184083944353541,0.00149986394015864,0.00216332219161804,0.421915308566535,0.335628866093126,0.50352201877161,Cooper Age
775,Italy (24),5490,0.00199742834279791,0.00162252412144821,0.00236599861658476,0.461541319568439,0.366668957160681,0.554810828408716,Cooper Age
776,Italy (24),5460,0.00213033175255201,0.0017777851755231,0.00249470297761879,0.495173537445381,0.40595894684651,0.587380445095131,Cooper Age
777,Italy (24),5430,0.00223604171588468,0.00191139018453002,0.00256538285079067,0.521924247040759,0.439768709746387,0.605266524153822,Cooper Age
778,Italy (24),5400,0.0023417199084567,0.00196168195572665,0.00274876962012698,0.548666916803705,0.452495424654844,0.651673939836223,Cooper Age
779,Italy (24),5370,0.00244569562541185,0.00198399974096272,0.00291861910080722,0.574978762173337,0.458143109819423,0.694655641743585,Cooper Age
780,Italy (24),5340,0.00253208394987146,0.00209359112755687,0.00300209565964322,0.596839984211396,0.485876043069141,0.715780019361766,Cooper Age
781,Italy (24),5310,0.00261383644233049,0.00211229900610563,0.00313179084581332,0.617528073730335,0.490610213911947,0.748600371878935,Cooper Age
782,Italy (24),5280,0.00269558893478952,0.00208421604891122,0.00329803205874341,0.638216163249274,0.483503608169185,0.790668974210028,Cooper Age
783,Italy (24),5250,0.0027662377687165,0.00210502111923108,0.00340968238383672,0.656094387591148,0.488768489327895,0.81892293749447,Cooper Age
784,Italy (24),5220,0.00281319955577793,0.00226444699546896,0.0033476650944907,0.667978424706996,0.529112418913863,0.803228991106775,Cooper Age
785,Italy (24),5190,0.00285938005849853,0.0023223539290311,0.00341917237461047,0.679664751882797,0.543766208532585,0.821324451781751,Cooper Age
786,Italy (24),5160,0.00290529539989522,0.00232494849470044,0.0035051117150214,0.691283977970408,0.544422783093379,0.843072054994106,Cooper Age
787,Italy (24),5130,0.00294268971453462,0.00244016212866625,0.00346540881520528,0.700746893479034,0.573578468768422,0.833024934461738,Cooper Age
788,Italy (24),5100,0.00297599431261268,0.00246032132344806,0.0034469832644958,0.709174875130804,0.578679906213708,0.828362208824295,Cooper Age
789,Italy (24),5070,0.00300929891069074,0.00242702252227432,0.00351966195007538,0.717602856782573,0.570253391512629,0.846754102553316,Cooper Age
790,Italy (24),5040,0.00303798001177481,0.00236274034891589,0.00361150310426887,0.724860827382386,0.553986299012942,0.869995204595922,Cooper Age
791,Italy (24),5010,0.00304867861804282,0.00245534967970155,0.00359334343484746,0.727568191005719,0.577421793980179,0.86539976223907,Cooper Age
792,Italy (24),4980,0.00305757864051997,0.00249695773979091,0.00359889542005196,0.729820409331907,0.587951029798517,0.866804734289019,Cooper Age
793,Italy (24),4950,0.00306645728494312,0.00245206028925541,0.00363400545024416,0.732067217779064,0.576589388729091,0.875689594258186,Cooper Age
794,Italy (24),4920,0.0030468266499085,0.0024680500108587,0.00363015770980011,0.727099536394752,0.580635709299409,0.87471589429678,Cooper Age
795,Italy (24),4890,0.0030017059744254,0.00245760414711173,0.00355874659867977,0.71568140655587,0.577992304091814,0.856644769917973,Cooper Age
796,Italy (24),4860,0.00295658529894229,0.00242196646309345,0.00357191510251431,0.704263276716988,0.568973917311899,0.859977159891233,Cooper Age
797,Italy (24),4830,0.00291083049672403,0.00233604382289507,0.00358068718436133,0.69268467628854,0.547230540215248,0.862197001868645,Cooper Age
798,Italy (24),4800,0.00286021237075034,0.00228880603049139,0.00348218339728048,0.679875374823519,0.535276657849961,0.837269869939252,Cooper Age
799,Italy (24),4770,0.00280857791689014,0.00233495559814266,0.00333477549488197,0.666808883862933,0.546955156671367,0.799967179967473,Cooper Age
800,Italy (24),4740,0.00275694346302994,0.00231505767394445,0.00317820822766824,0.653742392902346,0.541919835732864,0.760346643119908,Cooper Age
801,Italy (24),4710,0.00272277750430572,0.00227769161465486,0.00319472649613307,0.645096437392901,0.532464070455245,0.764526716490386,Cooper Age
802,Italy (24),4680,0.00271853889312717,0.00235056285948783,0.00304291729740722,0.644023824621592,0.550904692766748,0.726110245034024,Cooper Age
803,Italy (24),4650,0.00271480627700786,0.00230029527176653,0.00308574511739527,0.643079257745483,0.538184097670511,0.736948150364654,Cooper Age
804,Italy (24),4620,0.0027149696165881,0.00217133689942639,0.00323064920405985,0.643120592067611,0.505550201492649,0.773617230736474,Cooper Age
805,Italy (24),4590,0.00279122896268464,0.00226073106565567,0.00329620180109804,0.662418599152735,0.528172074634305,0.790205813603285,Cooper Age
806,Italy (24),4560,0.00289688279505281,0.0024075111706435,0.00337357394845292,0.689155104380966,0.565315895700179,0.809785423503894,Cooper Age
807,Italy (24),4530,0.00300253662742099,0.00244661753170231,0.00360482249825934,0.715891609609197,0.575212057566438,0.868304626473974,Cooper Age
808,Italy (24),4500,0.00308286287579691,0.0024825417471266,0.00371734806351909,0.736218777223741,0.584302953296224,0.896780075934178,Cooper Age
809,Italy (24),4470,0.00308444321125293,0.00261820776224899,0.00357601515883773,0.736618693121112,0.618634269456846,0.861014710303464,Cooper Age
810,Italy (24),4440,0.00308040539772187,0.00263041539740226,0.00353107895847928,0.735596893720524,0.621723504307905,0.849643263296846,Cooper Age
811,Italy (24),4410,0.00307605419089278,0.00256957767848591,0.0035616953093197,0.734495787764143,0.606328057181932,0.857390963555005,Cooper Age
812,Italy (24),4380,0.00302860635085345,0.00253545000714999,0.00350226030769844,0.722488751248335,0.597691790587074,0.842350484700917,Cooper Age
813,Italy (24),4350,0.0029507694703661,0.00245112908997262,0.00337740892434815,0.702791537096677,0.576353741673656,0.810755893299211,Cooper Age
814,Italy (24),4320,0.00287293258987874,0.00234087428330217,0.00330278590865569,0.683094322945018,0.548452924931774,0.791871972058616,Cooper Age
815,Italy (24),4290,0.00280850886526227,0.00224876837023544,0.00335258274367598,0.666791409823722,0.525144823644184,0.804473439606237,Cooper Age
816,Italy (24),4260,0.00282290842693529,0.00235073739324535,0.00334882962603317,0.670435328338797,0.550948859860508,0.8035236846638,Cooper Age
817,Italy (24),4230,0.0028501692615006,0.00240306945661722,0.00333154236735105,0.6773338897023,0.564191886209712,0.799149012474666,Cooper Age
818,Italy (24),4200,0.0028774300960659,0.00235193250078917,0.00345597172266204,0.684232451065804,0.551251290907045,0.830636806473702,Cooper Age
819,Italy (24),4170,0.00292459724383542,0.00238747245084763,0.00349382219241036,0.696168456269533,0.560244945365672,0.840215155499324,Cooper Age
820,Italy (24),4140,0.0029989570282094,0.00255327638742327,0.00353221629232955,0.714985764824484,0.60220289159206,0.849931074271163,Cooper Age
821,Italy (24),4110,0.00307347000445824,0.00257446216436237,0.0035720121530274,0.733841839747595,0.607564113454062,0.860001719261134,Cooper Age
822,Italy (24),4080,0.00314776996528049,0.00255216544646004,0.00367950692651062,0.752644009498135,0.601921759538392,0.887204088629303,Cooper Age
823,Italy (24),4050,0.00321926161841343,0.00266575187182249,0.00366172779857454,0.77073551564533,0.630665667709904,0.882704945187351,Cooper Age
824,Italy (24),4020,0.00328988165626817,0.00281054888735206,0.00371445083764044,0.78860645292228,0.667307652917293,0.896046910907264,Cooper Age
825,North Japan (18),6480,0.0010298817408757,0.000898737730371665,0.00115699690591183,0.00361505893113446,-0.0283644267955744,0.0346121101140115,Initial Jamon
826,North Japan (18),6450,0.00104971598310707,0.000887234579934709,0.00120103099145627,0.00845164173732183,-0.0311694716756034,0.0453498281748274,Initial Jamon
827,North Japan (18),6420,0.00105709865741339,0.000903504166109764,0.00119659939308378,0.010251907923298,-0.0272021307588131,0.0442691822775808,Initial Jamon
828,North Japan (18),6390,0.00105812908427831,0.000935451775524303,0.00117854744601755,0.0105031776617527,-0.0194117016317178,0.0398672124024413,Initial Jamon
829,North Japan (18),6360,0.00105915951114323,0.000927348060469909,0.00118403399056093,0.0107544474002075,-0.0213877937072864,0.0412051070744104,Initial Jamon
830,North Japan (18),6330,0.00106255202904105,0.000910202405758176,0.00120887627347031,0.0115817133750227,-0.0255687640621017,0.0472629013165272,Initial Jamon
831,North Japan (18),6300,0.0010757185177712,0.000918807130243343,0.00121998733242384,0.0147923635358533,-0.02347050076515,0.0499723346322183,Initial Jamon
832,North Japan (18),6270,0.00108995061277358,0.000921435972674998,0.00125284269966326,0.0182628619386438,-0.0228294571620318,0.0579841206348018,Initial Jamon
833,North Japan (18),6240,0.00110418270777596,0.00089310866486765,0.00129811499814116,0.0217333603414346,-0.0297370752241873,0.0690237770966161,Initial Jamon
834,North Japan (18),6210,0.00111023335636953,0.000911905804414986,0.0012981462604343,0.0232088118667577,-0.0251533900559005,0.0690314004112738,Initial Jamon
835,North Japan (18),6180,0.00110847086188684,0.000941490850440398,0.00126366231696425,0.0227790273349606,-0.0179390723493013,0.0606224858618183,Initial Jamon
836,North Japan (18),6150,0.00110670836740415,0.000967548779466383,0.00125437408961117,0.0223492428031633,-0.0115848426277049,0.0583575502927248,Initial Jamon
837,North Japan (18),6120,0.0011025030361951,0.00095455028984726,0.00125115895980383,0.0213237721860975,-0.0147545261812723,0.0575735404291546,Initial Jamon
838,North Japan (18),6090,0.00107813698520199,0.000955576262718871,0.00119742520843218,0.0153821071649073,-0.0145043425497243,0.044470557468454,Initial Jamon
839,North Japan (18),6060,0.0010492920566992,0.000921815807225568,0.00117090948414806,0.00834826722210332,-0.0227368344525251,0.0380046943076565,Initial Jamon
840,North Japan (18),6030,0.00102044712819642,0.000853962980490226,0.00117885616702387,0.00131442727929935,-0.0392827559609494,0.0399424940640078,Initial Jamon
841,North Japan (18),6000,0.00101505682059746,0.000814460865042983,0.00120797473724785,0,-0.0489153524650883,0.0470430615796802,Early Jamon
842,North Japan (18),5970,0.00105211861449576,0.000840749481132636,0.00126444230241374,0.00903752374524362,-0.0425048696700077,0.0608126854252842,Early Jamon
843,North Japan (18),5940,0.00109005455677877,0.000864055372970477,0.00129826741592959,0.0182882086991815,-0.0368217246105271,0.0690609441961361,Early Jamon
844,North Japan (18),5910,0.00112888827364245,0.00087630622720632,0.00137850591172096,0.0277578161130795,-0.0338343520521511,0.0886271128761284,Early Jamon
845,North Japan (18),5880,0.00118734714201199,0.00096382802284325,0.00138822844414138,0.042013019529827,-0.0124921496626562,0.0909979537980384,Early Jamon
846,North Japan (18),5850,0.00125378947269972,0.00106761676592259,0.00142361110049789,0.0582149913752155,0.0128167501882947,0.0996260196134521,Early Jamon
847,North Japan (18),5820,0.00132023180338746,0.0011558526273361,0.00147683828501536,0.0744169632206039,0.0343330776195858,0.112605476174275,Early Jamon
848,North Japan (18),5790,0.00136214594172773,0.00121896181112106,0.00151317652346602,0.0846377318523441,0.0497222611157931,0.12146656082008,Early Jamon
849,North Japan (18),5760,0.00132380936749101,0.00120783237281295,0.00143807105608361,0.0752893527391665,0.047008345991858,0.103152081852092,Early Jamon
850,North Japan (18),5730,0.00127923392767787,0.00112760432561664,0.00142674891588397,0.0644196253624648,0.0274447252032664,0.100391176344335,Early Jamon
851,North Japan (18),5700,0.0012346412994465,0.00103137417941362,0.00145172477615644,0.05354570658752,0.00397899028215899,0.106481543445553,Early Jamon
852,North Japan (18),5670,0.00118675011220741,0.000977484057846203,0.00141572965300179,0.0418674337265522,-0.00916212357315406,0.0977041275137757,Early Jamon
853,North Japan (18),5640,0.00113640884194895,0.000931692150264536,0.00133731906730327,0.0295917077707312,-0.020328486789274,0.0785836949714789,Early Jamon
854,North Japan (18),5610,0.00108606757169049,0.000888392562544243,0.00128905091464877,0.0173159818149103,-0.0308870974505737,0.0668134990400243,Early Jamon
855,North Japan (18),5580,0.00105440030991685,0.000840422485499393,0.00127281884745514,0.00959391550016315,-0.0425846076019635,0.0628553071322225,Early Jamon
856,North Japan (18),5550,0.00113878948736165,0.000939248383245574,0.00133395303355902,0.0301722284952629,-0.0184858982956321,0.0777628871613012,Early Jamon
857,North Japan (18),5520,0.00124319013606111,0.00104734562302946,0.00142844431528162,0.0556303416192381,0.00787362909322347,0.100804599730044,Early Jamon
858,North Japan (18),5490,0.00134759078476057,0.0011331443494461,0.00155649000136914,0.0810884547432132,0.028795660806798,0.132028558604449,Early Jamon
859,North Japan (18),5460,0.00149626185389752,0.00130069298656343,0.00171025079516637,0.117341916225493,0.0696524199422692,0.169523150173424,Early Jamon
860,North Japan (18),5430,0.00170836037460183,0.00151213044295745,0.00190424749094621,0.16906217084826,0.121211473938382,0.216829272198182,Early Jamon
861,North Japan (18),5400,0.00192094937740727,0.00165577134152156,0.0021722110802951,0.220902029601572,0.156238327606712,0.282172231803623,Early Jamon
862,North Japan (18),5370,0.00213684662384089,0.00177995413879714,0.00245496885038086,0.273548604036989,0.186520320491586,0.351122754498636,Early Jamon
863,North Japan (18),5340,0.00239978168908696,0.00201019163385792,0.00277190874411405,0.337665357320429,0.242663766606672,0.428408592936171,Early Jamon
864,North Japan (18),5310,0.00267796505466882,0.00223801813649721,0.00311642562334444,0.405500410822618,0.29821929187479,0.512419083233169,Early Jamon
865,North Japan (18),5280,0.00295614842025067,0.00245960798193539,0.00347567301393229,0.473335464324807,0.352254007392019,0.600021610832463,Early Jamon
866,North Japan (18),5250,0.00320432227169876,0.00264034388004982,0.00372835949006504,0.533852693511438,0.396326482008589,0.661639244194156,Early Jamon
867,North Japan (18),5220,0.00337432310690759,0.00290616817729112,0.00381251590613337,0.575307421502406,0.461147774927483,0.682160798294299,Early Jamon
868,North Japan (18),5190,0.00354027188043684,0.00311442041653412,0.00394901914598641,0.615774053673001,0.511930113265549,0.71544713286461,Early Jamon
869,North Japan (18),5160,0.00370449125054564,0.00328999429495122,0.00412025265598059,0.655818970572063,0.554743828640297,0.757202448778368,Early Jamon
870,North Japan (18),5130,0.00376487076760171,0.00342052756131225,0.00417165927820423,0.670542524445845,0.586574384320343,0.769737960963338,Early Jamon
871,North Japan (18),5100,0.00376435812776568,0.00343806947801187,0.0041514246546958,0.670417517148475,0.590851983217607,0.76480374512545,Early Jamon
872,North Japan (18),5070,0.00376384548792964,0.00333350423095021,0.00419860048098697,0.670292509851105,0.565353732759456,0.776307577116906,Early Jamon
873,North Japan (18),5040,0.00375865090391027,0.00322474449543775,0.00429731839491779,0.669025809794692,0.53883265569239,0.80037995455441,Early Jamon
874,North Japan (18),5010,0.00373098530414737,0.00325109915298693,0.00425110680320341,0.662279549333858,0.545259242706828,0.789111251302478,Early Jamon
875,North Japan (18),4980,0.00370037992005301,0.00322972831557292,0.00418854564755042,0.654816422043147,0.540047960945484,0.773855704544666,Middle Jamon
876,North Japan (18),4950,0.00366977453595865,0.00319614040331855,0.00415133039112723,0.647353294752435,0.531857543736187,0.764780758940767,Middle Jamon
877,North Japan (18),4920,0.00367042708968113,0.00318284657738369,0.00414227043250537,0.647512420071036,0.528615842379766,0.762571486734443,Middle Jamon
878,North Japan (18),4890,0.00370607485406013,0.00320968956638241,0.00418884275299986,0.656205132515668,0.535161509088049,0.773928153751025,Middle Jamon
879,North Japan (18),4860,0.00374174942442202,0.00318165037753465,0.00433663515751307,0.664904381603061,0.528324148875415,0.809967352739078,Middle Jamon
880,North Japan (18),4830,0.00378388039629304,0.00315875806237708,0.00441730320435781,0.675178025122301,0.522741854548598,0.829638267504898,Middle Jamon
881,North Japan (18),4800,0.00389047665977476,0.00333435786758079,0.0044244403723845,0.701171539225099,0.56556189217397,0.831378666949459,Middle Jamon
882,North Japan (18),4770,0.00401363278850254,0.00348607312525526,0.00452214149966948,0.731203178837686,0.602557679466712,0.855203100817884,Middle Jamon
883,North Japan (18),4740,0.00413678891723031,0.0036898587456602,0.00459306292393969,0.761234818450274,0.652250832161992,0.872497300274269,Middle Jamon
884,North Japan (18),4710,0.00425349116719266,0.00381118688958307,0.00465767748281942,0.789692678802432,0.68183671741834,0.888253569702741,Middle Jamon
885,North Japan (18),4680,0.0043567825830286,0.00397932821522331,0.00468134347584535,0.814880305333918,0.72283800373493,0.894024525488464,Middle Jamon
886,North Japan (18),4650,0.00445965955264472,0.00409377390904305,0.00481691495438487,0.839966869095401,0.750745602548824,0.927083649929149,Middle Jamon
887,North Japan (18),4620,0.00456122901538697,0.00410647587540971,0.00506260406947522,0.864734597118598,0.75384297886485,0.986994975799406,Middle Jamon
888,North Japan (18),4590,0.0046235767258495,0.00415693543896208,0.00508742541491374,0.879938095236173,0.766147550657316,0.993047664436257,Middle Jamon
889,North Japan (18),4560,0.00466762164270213,0.00420766763007115,0.00511896321825393,0.890678454513044,0.778518602718495,1.00073816229348,Middle Jamon
890,North Japan (18),4530,0.00471166655955477,0.00425020844967164,0.00519706989291506,0.901418813789914,0.78889218766521,1.01978448608583,Middle Jamon
891,North Japan (18),4500,0.00475395006894822,0.00427425649303289,0.00525969622704651,0.911729653605822,0.794756306479868,1.03505592662494,Middle Jamon
892,North Japan (18),4470,0.00478959522068095,0.00434601767147695,0.00520337058536445,0.920421728956288,0.812255280111705,1.02132091084117,Middle Jamon
893,North Japan (18),4440,0.0048246033992805,0.00436286123321211,0.00520479003769996,0.928958478317084,0.816362585050957,1.02166704449629,Middle Jamon
894,North Japan (18),4410,0.00485963628604999,0.00433508900277117,0.00529922811592541,0.937501252768653,0.809590322684027,1.04469578338465,Middle Jamon
895,North Japan (18),4380,0.00491353757061424,0.004426836239113,0.00537057830294197,0.95064508872234,0.831962899394026,1.06209453669808,Middle Jamon
896,North Japan (18),4350,0.00498372620541369,0.00463875322468117,0.00535993656964806,0.967760597361427,0.883638886647871,1.05949954851164,Middle Jamon
897,North Japan (18),4320,0.00505391484021315,0.00469724628196062,0.00543996377002521,0.984876106000515,0.897902427035193,1.07901419277464,Middle Jamon
898,North Japan (18),4290,0.00511573285329248,0.00470417547787503,0.00553443981582267,0.999950437335404,0.899592112450415,1.10205219006086,Middle Jamon
899,North Japan (18),4260,0.00511593610379694,0.00474250867280524,0.00546038083308592,1,0.908939667519217,1.08399289652346,Middle Jamon
900,North Japan (18),4230,0.00510373524840732,0.00475207812845203,0.00545982283595081,0.997024819667428,0.911273180647972,1.08385682884222,Middle Jamon
901,North Japan (18),4200,0.00509153439301769,0.00469420596636136,0.00547019452883355,0.994049639334856,0.897161045641277,1.08638596763575,Middle Jamon
902,North Japan (18),4170,0.00505029549561278,0.00459333641061129,0.0054533808990512,0.983993528301825,0.872563990038273,1.08228596160748,Middle Jamon
903,North Japan (18),4140,0.00496107397835812,0.00456890857683757,0.00532436671038031,0.962236848552636,0.86660725927719,1.05082583323954,Middle Jamon
904,North Japan (18),4110,0.00487113747569805,0.00449707174858789,0.00524831625839229,0.940305819510028,0.849089838429427,1.03228091964026,Middle Jamon
905,North Japan (18),4080,0.00477955501645139,0.00434938937013317,0.00524231189489646,0.917973423718265,0.813077469311479,1.03081675474264,Middle Jamon
906,North Japan (18),4050,0.0046580063831798,0.00426766339625562,0.00507337174336386,0.888333772102683,0.79314857888733,0.989620674617889,Middle Jamon
907,North Japan (18),4020,0.00452530290683801,0.00421308242883278,0.00482264832578311,0.855974010408293,0.779839002171319,0.928481733364993,Middle Jamon
908,North Japan (18),3990,0.00439259943049621,0.00407627196077333,0.00470836263868381,0.823614248713902,0.746477749958913,0.900613152212775,Late Jamon
909,North Japan (18),3960,0.00424453050639272,0.00389822267660839,0.00458049695116599,0.787507620384192,0.70306040653835,0.869433086015346,Late Jamon
910,North Japan (18),3930,0.00405052061946475,0.00372925260546654,0.00437789052135678,0.740198281696074,0.661857030512606,0.820027479115567,Late Jamon
911,North Japan (18),3900,0.00385343923878377,0.00350915654460465,0.00418469411534073,0.692139958816787,0.608186574578051,0.77291650786422,Late Jamon
912,North Japan (18),3870,0.00365653028796311,0.00326989432315478,0.00400807801531163,0.644123682983612,0.549842447641646,0.729848646600254,Late Jamon
913,North Japan (18),3840,0.00347847484293971,0.0031385014483065,0.00379620914229536,0.600704837236833,0.517802276308981,0.678184391599078,Late Jamon
914,North Japan (18),3810,0.0033131644930127,0.00306011447172173,0.00356458857455896,0.560393884752996,0.498687600852452,0.621703683014138,Late Jamon
915,North Japan (18),3780,0.0031478541430857,0.00291261066886741,0.00342810387995567,0.52008293226916,0.462718777420213,0.588421870705632,Late Jamon
916,North Japan (18),3750,0.00299123100302351,0.0027267898527952,0.0032881892291055,0.481890357153905,0.417406344832041,0.554303663075533,Late Jamon
917,North Japan (18),3720,0.00288329161151106,0.00265590931255596,0.00310091240988062,0.455569321088627,0.400122114952459,0.508636183910243,Late Jamon
918,North Japan (18),3690,0.00278289819608342,0.00253687802254317,0.00299130408578857,0.431088372371376,0.371096317850739,0.481908178396623,Late Jamon
919,North Japan (18),3660,0.00268250478065578,0.00238332558229587,0.00297048403511552,0.406607423654125,0.333652533324728,0.476831206060873,Late Jamon
920,North Japan (18),3630,0.00262239651128655,0.0023292863164958,0.00292383602731877,0.39195001356759,0.320475050626942,0.465456082684805,Late Jamon
921,North Japan (18),3600,0.00261476009853397,0.00238375681889774,0.00285401322401313,0.390087873225185,0.3337576904318,0.448429782107833,Late Jamon
922,North Japan (18),3570,0.00260734546818458,0.00239629231137486,0.00283173230791588,0.388279814553533,0.336814472066041,0.442996577529358,Late Jamon
923,North Japan (18),3540,0.00260034909822592,0.0023638229480978,0.00284054286930964,0.386573748738007,0.328896813184912,0.445145034185922,Late Jamon
924,North Japan (18),3510,0.00259848304582479,0.0023743344128156,0.00281663829251994,0.38611871159298,0.331460035360425,0.439315899715267,Late Jamon
925,North Japan (18),3480,0.00259813650122563,0.00238956195155744,0.00280559144000853,0.386034206642887,0.335173272861522,0.436622123149674,Late Jamon
926,North Japan (18),3450,0.00259778995662646,0.00237435899672939,0.00282299459148185,0.385949701692794,0.331466030151322,0.440865884126647,Late Jamon
927,North Japan (18),3420,0.00259917865270784,0.00236384970661698,0.00285888888310783,0.386288335430947,0.328903338253642,0.449618712275728,Late Jamon
928,North Japan (18),3390,0.00260470353975377,0.00237114137208409,0.00282603818749597,0.387635579927648,0.330681411921158,0.441608065450195,Late Jamon
929,North Japan (18),3360,0.00261040603090883,0.00237158058241061,0.00285056716033375,0.389026133211774,0.330788513422124,0.44758945898652,Late Jamon
930,North Japan (18),3330,0.00261579088782727,0.00235042928594748,0.00288376541743411,0.390339231341852,0.325630766753068,0.455684858730757,Late Jamon
931,North Japan (18),3300,0.00260719628537894,0.00233927335961881,0.00284543075361521,0.38824343630503,0.322910392521527,0.446336945473239,Late Jamon
932,North Japan (18),3270,0.00259111205238489,0.00236256757693412,0.00279634218618183,0.38432129378795,0.328590690747018,0.434366691280564,Final Jamon
933,North Japan (18),3240,0.00257502781939084,0.00233545185079054,0.00281092641543632,0.38039915127087,0.321978517046937,0.437923057671118,Final Jamon
934,North Japan (18),3210,0.00254634322132468,0.00226101688717261,0.00282353456132147,0.37340440792798,0.30382754051786,0.440997555849302,Final Jamon
935,North Japan (18),3180,0.00246272627747734,0.00221490823444311,0.00269777113671315,0.353014404206117,0.292583938952119,0.410330126763167,Final Jamon
936,North Japan (18),3150,0.00237272646014342,0.00214088234820145,0.00259802094067046,0.331067935871234,0.274532715999781,0.386006027184974,Final Jamon
937,North Japan (18),3120,0.0022827266428095,0.00201144788206148,0.00252876141516343,0.309121467536351,0.242970102910867,0.36911708197979,Final Jamon
938,North Japan (18),3090,0.00216710692802347,0.00191178257791481,0.00239939831816618,0.280927583541835,0.218666704233665,0.337571872266539,Final Jamon
939,North Japan (18),3060,0.00202560189425246,0.00182352780935387,0.00221370645923433,0.246421560808924,0.197145766291769,0.292290885895498,Final Jamon
940,North Japan (18),3030,0.00188409686048146,0.00167157202523674,0.00208024317313456,0.211915538076014,0.160091326591566,0.259745844482905,Final Jamon
941,South Japan (19),3000,0.00325702227385103,0.00302867744182397,0.00347802617298933,0.00431958900068073,-0.0307176920281926,0.0382304756795962,Yayoi
942,South Japan (19),2970,0.00324408948069129,0.00304139583404041,0.00343314446243071,0.00233517838624512,-0.0287661791414459,0.0313438161833453,Yayoi
943,South Japan (19),2940,0.00323648007293044,0.00306206025858571,0.00341137925688243,0.00116758919312246,-0.0255954253141478,0.028004158277902,Yayoi
944,South Japan (19),2910,0.00322887066516959,0.00305559945963675,0.00340747403371831,0,-0.0265867717196534,0.0274049399804388,Yayoi
945,South Japan (19),2880,0.0032831471083703,0.00308052719551824,0.00348070921188347,0.00832818933009894,-0.0227618544673563,0.0386421617550405,Yayoi
946,South Japan (19),2850,0.00344416282794335,0.00322503855301497,0.00363177763564384,0.0330344766003915,-0.000588000128156259,0.0618221337775902,Yayoi
947,South Japan (19),2820,0.00360702223502461,0.00334661342561964,0.00383815346294349,0.0580236596856716,0.0180664749466056,0.093488485910348,Yayoi
948,South Japan (19),2790,0.00377971276405303,0.00347766297002166,0.00405731601600638,0.0845213322753298,0.0381747457367034,0.127116836044237,Yayoi
949,South Japan (19),2760,0.00414764250465786,0.00383429403382196,0.00447039624920198,0.140976552242492,0.0928962942608082,0.190499957481519,Yayoi
950,South Japan (19),2730,0.0045916094088479,0.00421002447678957,0.0049581188200544,0.209098931240682,0.150548455706701,0.265336215553941,Yayoi
951,South Japan (19),2700,0.00503557631303793,0.00458076013348624,0.00547582463387797,0.277221310238872,0.207434216053429,0.344773108993548,Yayoi
952,South Japan (19),2670,0.00542524697076861,0.00490292208695543,0.00592249684987696,0.337012461290619,0.25686681674033,0.413310591628109,Yayoi
953,South Japan (19),2640,0.00564443030244086,0.0052750842748614,0.00603525576386787,0.370643999698878,0.313971464348193,0.430612344082667,Yayoi
954,South Japan (19),2610,0.00585123466748518,0.00549756313867165,0.00617785012007933,0.402376106757018,0.348108669929357,0.452492053324874,Yayoi
955,South Japan (19),2580,0.00605744636961063,0.00562370991836476,0.00643075302771012,0.434017275487106,0.36746465942892,0.491297530852078,Yayoi
956,South Japan (19),2550,0.00617535427005133,0.00577955717752428,0.00651049076814875,0.45210908955004,0.391377897001578,0.503532507205844,Yayoi
957,South Japan (19),2520,0.00623022681994318,0.00595127861921752,0.00653550926786552,0.460528745621362,0.417726872618318,0.507371351280901,Yayoi
958,South Japan (19),2490,0.00628509936983503,0.00593115275382935,0.00667406758451527,0.468948401692683,0.414638755426022,0.528631769728952,Yayoi
959,South Japan (19),2460,0.00632734242315577,0.00588802894764146,0.0067829986797541,0.475430185044544,0.408021829161359,0.545346180835981,Yayoi
960,South Japan (19),2430,0.00629419210325412,0.00587616436267478,0.00670946645548824,0.470343592699623,0.40620132464598,0.534063380242641,Yayoi
961,South Japan (19),2400,0.00624854015551611,0.00579942991677402,0.00668263010964696,0.463338747841901,0.394427174463764,0.529945605460169,Yayoi
962,South Japan (19),2370,0.00620288820777811,0.00574612575563131,0.00663234276148695,0.45633390298418,0.386248172305552,0.522229503746642,Yayoi
963,South Japan (19),2340,0.00619507222316652,0.00572877172673916,0.00660850391130315,0.455134616593844,0.383585366312179,0.518571665354239,Yayoi
964,South Japan (19),2310,0.0062397837060801,0.00585815151998982,0.00665167810179943,0.461995156322964,0.403437430119973,0.525196322598215,Yayoi
965,South Japan (19),2280,0.00628482590018278,0.00594317487815226,0.0066568811696035,0.468906440449358,0.416483432814718,0.525994682461432,Yayoi
966,South Japan (19),2250,0.00633363089607204,0.00598448256679065,0.00673273610033507,0.476395089705858,0.422821693604894,0.537633879643494,Yayoi
967,South Japan (19),2220,0.0064334901480526,0.00611129570110407,0.0067468526204057,0.491717515196799,0.442279928703312,0.539799921574348,Yayoi
968,South Japan (19),2190,0.00654946952361237,0.00626752667717745,0.00682644726765212,0.509513415979696,0.46625204388326,0.552012941677367,Yayoi
969,South Japan (19),2160,0.00666544889917213,0.00635404199612861,0.0070167379685171,0.527309316762593,0.479526973368133,0.581211188487688,Yayoi
970,South Japan (19),2130,0.00679742656510068,0.00642640995438643,0.0071971869479817,0.547559998722959,0.49063112873025,0.60889931941121,Yayoi
971,South Japan (19),2100,0.0069701316222982,0.00665942658597071,0.007303520761774,0.574059900518066,0.526385251706208,0.625215203084335,Yayoi
972,South Japan (19),2070,0.00714485113805449,0.00683829589043022,0.00744777773141944,0.600868901275554,0.553830996951034,0.647350024095926,Yayoi
973,South Japan (19),2040,0.00732058618012369,0.00696658015925099,0.00767215616201424,0.627833724612873,0.573514963250407,0.681778699620477,Yayoi
974,South Japan (19),2010,0.00755343889153307,0.00723809698036778,0.00788466340320535,0.6635626956413,0.615176563738953,0.714385857243388,Yayoi
975,South Japan (19),1980,0.00781911080286975,0.00754057218604416,0.00811984443314505,0.704327451893275,0.661588425533547,0.750472085976959,Yayoi
976,South Japan (19),1950,0.00808478271420644,0.00776137314148726,0.00840624545395528,0.745092208145251,0.69546817248743,0.794417521325788,Yayoi
977,South Japan (19),1920,0.00837316367018598,0.00802177473204609,0.00870691160221857,0.789341445180022,0.735424249565164,0.840551800954772,Yayoi
978,South Japan (19),1890,0.00876861385404448,0.00847423610238605,0.00910457140125985,0.850019407986417,0.804850021309505,0.901568807598671,Yayoi
979,South Japan (19),1860,0.0091777911260205,0.00889751951814991,0.00948710552998166,0.912803658199501,0.869798721314341,0.96026492807655,Yayoi
980,South Japan (19),1830,0.00958696839799652,0.00923087512489174,0.00991294441377039,0.975587908412586,0.920948878610566,1.02560573965471,Yayoi
981,South Japan (19),1800,0.00974606678660617,0.00936449896116719,0.010068136605626,1,0.941452149309438,1.04941846355681,Yayoi
982,South Japan (19),1770,0.00962906156216168,0.00933418537870642,0.00988115489014818,0.982046692739593,0.93680082657863,1.0207279481889,Shonai
983,South Japan (19),1740,0.00951190755957915,0.00925172603649371,0.00978438254910317,0.964070556929103,0.924148247052678,1.00587917898787,Shonai
984,South Japan (19),1710,0.00937428545548882,0.0090677299346131,0.00969895295012674,0.942953791141182,0.895915844888899,0.992770842613673,Shonai
985,South Japan (19),1680,0.00903500242485578,0.00874820697082247,0.00930674555203941,0.890894128625111,0.84688817135616,0.932590453566107,Shonai
986,South Japan (19),1650,0.00864438145686064,0.00835896658155643,0.00887740376641936,0.830957161758286,0.787163040791845,0.866712155963885,Shonai
987,South Japan (19),1620,0.0082537604888655,0.0079460949349978,0.00852621171179102,0.771020194891462,0.723811924933816,0.812825170198152,Shonai
988,South Japan (19),1590,0.00794943043644416,0.00760812848690324,0.00825920118645912,0.724323725006149,0.671954279130751,0.771855016721623,Kofun
989,South Japan (19),1560,0.00782345197320439,0.00753264788015079,0.00808372568166749,0.704993562020045,0.660372518302015,0.744930016841008,Kofun
990,South Japan (19),1530,0.00770290853394472,0.00744939050417678,0.00795640222540197,0.686497350303602,0.647597488300976,0.725393477830508,Kofun
991,South Japan (19),1500,0.00758340275403483,0.0072745166671978,0.00787476819127514,0.668160357265016,0.620764808461286,0.712867533757978,Kofun
992,South Japan (19),1470,0.00749489306844475,0.00724283866291334,0.00771579496019859,0.654579411726343,0.615904128547071,0.688474646369848,Kofun
993,South Japan (19),1440,0.0074208214896358,0.00722769094364075,0.00761745659048912,0.643213852453803,0.613579859184857,0.673385585387624,Kofun
994,South Japan (19),1410,0.00734674991082685,0.00714976359773481,0.00753529357802422,0.631848293181263,0.601622670164626,0.660778474763065,Kofun
995,South Japan (19),1380,0.00730010086168236,0.00705459427160949,0.00755143599663034,0.624690452865389,0.587019867923907,0.663255371008833,Kofun
996,South Japan (19),1350,0.00735699645312642,0.00714864209405389,0.00757592112508052,0.633420524875485,0.60145058639424,0.667012374479949,Classic
997,South Japan (19),1320,0.00742385259129909,0.00717357045069882,0.00764469564202756,0.643678945356765,0.605275598896616,0.677565151420454,Classic
998,South Japan (19),1290,0.0074907246042017,0.00717276984329363,0.0077558161724704,0.653939801660084,0.605152753521048,0.694615509944626,Classic
999,South Japan (19),1260,0.00757065674150644,0.0072691364855752,0.00781358315237125,0.666204606311554,0.619939272214969,0.703479287990347,Classic
1000,South Japan (19),1230,0.00766193023186656,0.00743043890571421,0.0078903287911329,0.680209630659357,0.644689550882884,0.715255155607591,Classic
1001,South Japan (19),1200,0.00775320372222668,0.00750146056375436,0.00801296717915736,0.694214655007159,0.655587129644791,0.734072816721252,Classic
1002,South Japan (19),1170,0.00781593844952945,0.00750802286960035,0.00814947094596173,0.703840685302061,0.656594051290805,0.755017984591124,Classic
1003,South Japan (19),1140,0.0076662454015944,0.00741272484741362,0.00791508247592591,0.680871751247326,0.64197150189824,0.719053366422758,Classic
1004,South Japan (19),1110,0.00747336082120008,0.0072447618229066,0.00771083395468836,0.651275498994018,0.616199218637568,0.687713428598005,Classic
1005,South Japan (19),1080,0.00728047624080576,0.00701917686887785,0.00756914263745369,0.62167924674071,0.581585413893109,0.665972281854145,Classic
1006,South Japan (19),1050,0.00705616967206945,0.00674411265519487,0.00736739355415405,0.587261597715462,0.539379500712404,0.635015858333906,Classic
1007,South Japan (19),1020,0.00677927016319485,0.00648750571792742,0.00704875777656727,0.544774076438664,0.500005676066647,0.586124314846561,Classic
1008,Chihuahua Desert (4),3970,0.00183548344067296,0.00148485650646241,0.00221962918842633,0.0335020375214689,0.0149020609462288,0.0538801123712474,Middle Archaic
1009,Chihuahua Desert (4),3940,0.00181459080748732,0.00150953744273291,0.00223773937519762,0.0323937299445768,0.01621132954968,0.0548408173737814,Middle Archaic
1010,Chihuahua Desert (4),3910,0.00177405790566528,0.00143135622036038,0.00212024079223761,0.0302435499359761,0.0120639901331378,0.0486077796991348,Middle Archaic
1011,Chihuahua Desert (4),3880,0.00170719443098675,0.00136187960295465,0.00203350666798524,0.0266965917835455,0.0083784105892184,0.0440067279202679,Middle Archaic
1012,Chihuahua Desert (4),3850,0.00162215094770425,0.00126613026350699,0.00199969937452839,0.0221852247361372,0.00329912175811067,0.0422133264299193,Middle Archaic
1013,Chihuahua Desert (4),3820,0.00153719052520382,0.00116596353957359,0.00188732798929104,0.0176782638779004,-0.00201449946432783,0.0362522751551563,Middle Archaic
1014,Chihuahua Desert (4),3790,0.00146877671502404,0.00114500876909387,0.00179319917097206,0.0140490638860861,-0.00312610328603628,0.0312589513543762,Early Agricultural Period
1015,Chihuahua Desert (4),3760,0.00142131663606513,0.00112666175834213,0.00171301575537886,0.0115314125856165,-0.00409937127235466,0.0270054000545758,Early Agricultural Period
1016,Chihuahua Desert (4),3730,0.00138629603603488,0.00104904189472054,0.00170643259470426,0.00967364788856001,-0.00821693185960834,0.0266561780684946,Early Agricultural Period
1017,Chihuahua Desert (4),3700,0.00135029277240264,0.000995410875553051,0.00172669746553212,0.00776375507984111,-0.0110619377701426,0.0277311842529086,Early Agricultural Period
1018,Chihuahua Desert (4),3670,0.00130534309696804,0.000968269807272045,0.001658035538896,0.00537927508536873,-0.0125017108879447,0.0240888222366583,Early Agricultural Period
1019,Chihuahua Desert (4),3640,0.00125576649568972,0.000958375390389867,0.0015739418156698,0.00274934699803298,-0.013026587628086,0.0196278378412248,Early Agricultural Period
1020,Chihuahua Desert (4),3610,0.00121665177127216,0.000939678749915257,0.0015056331308263,0.000674398136640998,-0.0140184026911427,0.0160042145139542,Early Agricultural Period
1021,Chihuahua Desert (4),3580,0.00120393873638574,0.00095760131802716,0.00145734320663458,0,-0.0130676504398928,0.0134425417753545,Early Agricultural Period
1022,Chihuahua Desert (4),3550,0.00122530803783129,0.000948485963453504,0.00150171314526031,0.00113359376458491,-0.0135511996627349,0.0157962680255682,Early Agricultural Period
1023,Chihuahua Desert (4),3520,0.00128148812455119,0.000984472429539366,0.00153908329259883,0.00411382202154364,-0.0116421979263743,0.0177786709652475,Early Agricultural Period
1024,Chihuahua Desert (4),3490,0.00137355036153556,0.00109529372345288,0.0016352915980252,0.00899751829327746,-0.00576337553792823,0.022882306917526,Early Agricultural Period
1025,Chihuahua Desert (4),3460,0.00150382792577796,0.00121893557637367,0.00177560860731158,0.0159084524137373,0.00079554890187256,0.0303258111985381,Early Agricultural Period
1026,Chihuahua Desert (4),3430,0.00167329857874799,0.00138357320121133,0.00194188456180488,0.0248984924474003,0.00952920757609403,0.03914637960571,Early Agricultural Period
1027,Chihuahua Desert (4),3400,0.00188364355585874,0.00159293697421507,0.00216895608827907,0.0360568241819215,0.0206354886219055,0.0511920174653154,Early Agricultural Period
1028,Chihuahua Desert (4),3370,0.00213132124980898,0.00181282926464823,0.00246391273735288,0.0491955732516596,0.032300284027146,0.0668388096201644,Early Agricultural Period
1029,Chihuahua Desert (4),3340,0.00239068212534483,0.0020227435881084,0.00276146557588245,0.0629540890381389,0.0434357705463359,0.0826233238332764,Early Agricultural Period
1030,Chihuahua Desert (4),3310,0.00261863771078344,0.00223356739805742,0.00302836768302164,0.0750466242533807,0.0546195032946025,0.0967818851310522,Early Agricultural Period
1031,Chihuahua Desert (4),3280,0.00279090004794797,0.00238621657788287,0.00321387601855789,0.084184756905028,0.0627172017083758,0.106622688443139,Early Agricultural Period
1032,Chihuahua Desert (4),3250,0.00292399899274962,0.00251263536590473,0.00331916278504771,0.0912453589693672,0.0694234363596615,0.112207916499856,Early Agricultural Period
1033,Chihuahua Desert (4),3220,0.00305259113333048,0.00253320289641757,0.00353213796566146,0.0980668851249357,0.0705144979650992,0.123505774661958,Early Agricultural Period
1034,Chihuahua Desert (4),3190,0.00319358399433018,0.00261933787794018,0.0037465758403981,0.105546241831445,0.0750837665589009,0.134881225483859,Early Agricultural Period
1035,Chihuahua Desert (4),3160,0.00333836986561623,0.00281454301539984,0.00390495884274217,0.113226809271051,0.0854389635784661,0.143283090389499,Early Agricultural Period
1036,Chihuahua Desert (4),3130,0.00346837308588612,0.00294640844943914,0.00396209098729972,0.120123190055859,0.0924341306489513,0.146313823190607,Early Agricultural Period
1037,Chihuahua Desert (4),3100,0.00356885660071864,0.00306859068045472,0.00412013664314651,0.125453616328703,0.0989156254032467,0.154697792617221,Early Agricultural Period
1038,Chihuahua Desert (4),3070,0.0036373523682027,0.00310781299565072,0.00415670524114534,0.129087163972654,0.100996281715389,0.156637675152768,Early Agricultural Period
1039,Chihuahua Desert (4),3040,0.00369045566431944,0.00309882213198705,0.00423327321098041,0.131904175352751,0.10051933645757,0.16069943512153,Early Agricultural Period
1040,Chihuahua Desert (4),3010,0.00375466258806893,0.00319057827180923,0.00430451611269365,0.135310209405433,0.105386794957784,0.164478712107202,Early Agricultural Period
1041,Chihuahua Desert (4),2980,0.0038387051919091,0.00326069344605765,0.00438065532459796,0.139768482031491,0.109106248517522,0.168517727424339,Early Agricultural Period
1042,Chihuahua Desert (4),2950,0.00392004382867831,0.00339646451760837,0.00441594009957481,0.144083315237261,0.11630860094411,0.170389506012911,Early Agricultural Period
1043,Chihuahua Desert (4),2920,0.00396121085251255,0.00352236693508122,0.00446766945934199,0.146267134003818,0.122987443289847,0.173133633135057,Early Agricultural Period
1044,Chihuahua Desert (4),2890,0.00393953730727405,0.0035218356498459,0.00434342423124379,0.145117400784817,0.122959259793465,0.166542700988286,Early Agricultural Period
1045,Chihuahua Desert (4),2860,0.00386864183804887,0.00342650494441959,0.00435139706227299,0.141356554317479,0.117902178563174,0.166965641886181,Early Agricultural Period
1046,Chihuahua Desert (4),2830,0.00380570491278856,0.00336808185469341,0.00425050262091784,0.138017890851151,0.114802964001102,0.161613416878131,Early Agricultural Period
1047,Chihuahua Desert (4),2800,0.00383810884534398,0.00341811366495323,0.00427508605792995,0.139736847176721,0.117457039909289,0.162917513363456,Early Agricultural Period
1048,Chihuahua Desert (4),2770,0.00404146644032227,0.003576624159024,0.00450252133638676,0.150524513878681,0.125865667966584,0.174982447454172,Early Agricultural Period
1049,Chihuahua Desert (4),2740,0.0044225064823253,0.00384718592244644,0.00500617316051785,0.170737837967552,0.140218365865117,0.201700053025482,Early Agricultural Period
1050,Chihuahua Desert (4),2710,0.00489344327576017,0.00427177677989017,0.00565222129373251,0.195719984151015,0.162741963546784,0.235971465092915,Early Agricultural Period
1051,Chihuahua Desert (4),2680,0.0053191139932483,0.00457014274273418,0.00607138314907537,0.218300865998759,0.178569612190613,0.258207066325791,Early Agricultural Period
1052,Chihuahua Desert (4),2650,0.00560408093939878,0.00477869065805768,0.0064948816331189,0.233417726701576,0.18963261380675,0.280672716035774,Early Agricultural Period
1053,Chihuahua Desert (4),2620,0.00573464977805377,0.00494208833652753,0.00660585852271662,0.240344112279761,0.198300496092607,0.286559792428118,Early Agricultural Period
1054,Chihuahua Desert (4),2590,0.00575393981507722,0.00504606155606036,0.00661888254175236,0.241367405705805,0.203816043413914,0.287250687580042,Early Agricultural Period
1055,Chihuahua Desert (4),2560,0.00572043434875123,0.00511564245248331,0.00639216206276292,0.239590015471341,0.207507154727039,0.27522367200628,Early Agricultural Period
1056,Chihuahua Desert (4),2530,0.00568041931641312,0.0050507854367105,0.00633752002123381,0.237467307283443,0.204066634742941,0.272325033615156,Early Agricultural Period
1057,Chihuahua Desert (4),2500,0.00564925033889386,0.00486741315169375,0.00636014545616932,0.23581386256723,0.194339144145166,0.27352526245882,Early Agricultural Period
1058,Chihuahua Desert (4),2470,0.00560524879683896,0.00486588588928346,0.00630632251914286,0.233479678933167,0.19425812628178,0.270670075734056,Early Agricultural Period
1059,Chihuahua Desert (4),2440,0.00550777925572755,0.00483389447209335,0.00621526635429895,0.228309137241744,0.192561052975975,0.265839749344723,Early Agricultural Period
1060,Chihuahua Desert (4),2410,0.00532744118739242,0.00468349205645422,0.00603836753860913,0.218742605069281,0.184582540389524,0.256455661851768,Early Agricultural Period
1061,Chihuahua Desert (4),2380,0.00506562176978418,0.0044068766936852,0.0057894666110082,0.20485366911112,0.169908712551855,0.24325202296602,Early Agricultural Period
1062,Chihuahua Desert (4),2350,0.00476097191608969,0.00409693954630694,0.00547152169345134,0.188692674077678,0.153467238384982,0.226385754457329,Early Agricultural Period
1063,Chihuahua Desert (4),2320,0.00447879725801101,0.0037893404781435,0.00511601115583962,0.173723938027189,0.137149794103962,0.207526713617476,Early Agricultural Period
1064,Chihuahua Desert (4),2290,0.00427348823660205,0.00363254162414964,0.0048387680399867,0.162832752506914,0.128831964733903,0.192819584879287,Early Agricultural Period
1065,Chihuahua Desert (4),2260,0.00415546668519579,0.00356275582521973,0.00468936759106732,0.15657197252299,0.125129983799941,0.184894224391829,Early Agricultural Period
1066,Chihuahua Desert (4),2230,0.00410249252883967,0.00357538843345907,0.00465667893333283,0.153761811719071,0.125800115482394,0.183160164030761,Early Agricultural Period
1067,Chihuahua Desert (4),2200,0.00409335718096786,0.00357083537834043,0.00467164087858619,0.153277201896369,0.125558586066683,0.183953861844818,Early Agricultural Period
1068,Chihuahua Desert (4),2170,0.00412093810000517,0.00358917490012777,0.00466030424241948,0.15474030811544,0.126531456780149,0.183352478589371,Early Agricultural Period
1069,Chihuahua Desert (4),2140,0.00418397917274972,0.00355849853260124,0.00473453041037013,0.158084496373444,0.124904143924986,0.187290011192964,Early Agricultural Period
1070,Chihuahua Desert (4),2110,0.00427686607598822,0.00370832522473511,0.0047900942760392,0.163011939350044,0.132852115663981,0.190237550298029,Early Agricultural Period
1071,Chihuahua Desert (4),2080,0.00438931842065946,0.00383590048514364,0.00492639728607561,0.168977285342146,0.139619698595171,0.197468120874474,Early Agricultural Period
1072,Chihuahua Desert (4),2050,0.0045144979245786,0.00389951079794317,0.00505272330093879,0.175617778736753,0.142994083768058,0.204169434116679,Early Agricultural Period
1073,Chihuahua Desert (4),2020,0.00465471850150872,0.00404869794662147,0.0052709598148869,0.183056167496416,0.150908129153622,0.215746394273594,Early Agricultural Period
1074,Chihuahua Desert (4),1990,0.00482299926789189,0.00420916060430456,0.00545777370082175,0.191983086701405,0.159420315135073,0.22565645412151,Early Agricultural Period
1075,Chihuahua Desert (4),1960,0.00503948260625535,0.00442970738038509,0.00566288372529831,0.203467044805069,0.171119829543682,0.236537083298503,Early Agricultural Period
1076,Chihuahua Desert (4),1930,0.00531298412617249,0.00472739815271009,0.00593070066683954,0.217975690226749,0.186911660836897,0.250744174520218,Early Agricultural Period
1077,Chihuahua Desert (4),1900,0.00561949194099696,0.00507058759191461,0.00617372568060949,0.234235245952835,0.205117094895882,0.263636109286998,Early Agricultural Period
1078,Chihuahua Desert (4),1870,0.00590887830596076,0.00535878202433721,0.00644198210707719,0.249586546963523,0.220405166544582,0.277866514203526,Early Agricultural Period
1079,Chihuahua Desert (4),1840,0.00614707452510084,0.00558676654161803,0.00675614542409863,0.262222324948724,0.232499236529503,0.294532177240952,Early Agricultural Period
1080,Chihuahua Desert (4),1810,0.00635041514882118,0.00571580430536602,0.00691059711298239,0.273009091363314,0.239344401999857,0.302725494738686,Early Agricultural Period
1081,Chihuahua Desert (4),1780,0.00657556582400363,0.00601969461716593,0.0071548762125373,0.284952832347509,0.255465105030408,0.315683955958365,Formative
1082,Chihuahua Desert (4),1750,0.00687438334494746,0.00623462332167166,0.00750286852837973,0.300804435141061,0.266866593276467,0.33414417190728,Formative
1083,Chihuahua Desert (4),1720,0.00724900373697437,0.00665547049242528,0.00792606605170048,0.320677211121596,0.289191596731772,0.356593856322394,Formative
1084,Chihuahua Desert (4),1690,0.00764075811200031,0.00701986115589109,0.00828269006540197,0.341458906672557,0.308521708435713,0.37551196458453,Formative
1085,Chihuahua Desert (4),1660,0.00798486818787575,0.00737898438204986,0.00857710103674974,0.359713178452899,0.327572394342709,0.391129809753475,Formative
1086,Chihuahua Desert (4),1630,0.00828169559243922,0.00770871621953524,0.00886520963361438,0.375459210012627,0.345063932655782,0.406413328017333,Formative
1087,Chihuahua Desert (4),1600,0.00860239085671979,0.00799799527455732,0.00924194205608685,0.392471378278706,0.36040954111348,0.426398142500848,Formative
1088,Chihuahua Desert (4),1570,0.00903788680335416,0.00844851549491474,0.00973886855990865,0.415573466611564,0.384308633646652,0.45275898483463,Formative
1089,Chihuahua Desert (4),1540,0.00963463660067132,0.00899281999624066,0.0103431678022285,0.447229711949275,0.413182773042859,0.484815711386148,Formative
1090,Chihuahua Desert (4),1510,0.0103365477853205,0.00963948591550114,0.0110064790353205,0.484464534259118,0.447486957281678,0.520002892386328,Formative
1091,Chihuahua Desert (4),1480,0.0109891875579966,0.0103271623532121,0.0116265444180953,0.519085618093353,0.483966658025624,0.552895977513108,Formative
1092,Chihuahua Desert (4),1450,0.0114323490871465,0.0108036157957225,0.0120911294084946,0.542594348475963,0.509241450134334,0.577541174717058,Formative
1093,Chihuahua Desert (4),1420,0.0116016602086839,0.0110166187413377,0.0122265712154884,0.551575925723057,0.520540781167818,0.584726060393522,Formative
1094,Chihuahua Desert (4),1390,0.0115815667978079,0.010989687983363,0.0121834059329129,0.55051001510654,0.519112164542544,0.582436238459063,Formative
1095,Chihuahua Desert (4),1360,0.0116217127356895,0.0110648869667169,0.0122046414791533,0.552639667541459,0.523101302832826,0.583562736808435,Formative
1096,Chihuahua Desert (4),1330,0.0120778235737124,0.0115234536985583,0.0127220039393228,0.57683532986854,0.547427244847631,0.611007661031751,Formative
1097,Chihuahua Desert (4),1300,0.0132141573379886,0.0125712326363392,0.0137709300565911,0.637115300786294,0.603009579794703,0.666650851291152,Formative
1098,Chihuahua Desert (4),1270,0.0149476027307212,0.014117265032295,0.0156921999034045,0.729070711376412,0.685023149043416,0.768569930114647,Formative
1099,Chihuahua Desert (4),1240,0.0168275952109869,0.0159439348622476,0.0176819767246116,0.828800117998586,0.781923908034777,0.874123151083646,Formative
1100,Chihuahua Desert (4),1210,0.0183650197618856,0.017550830307991,0.0192250227452338,0.910357060272004,0.867166126283019,0.95597829978382,Formative
1101,Chihuahua Desert (4),1180,0.0193726095208556,0.018548045110149,0.0202448063494295,0.963807448949333,0.920066146649063,1.01007554474465,Formative
1102,Chihuahua Desert (4),1150,0.0199191741052689,0.0190589156500486,0.0207571960427829,0.992801480710848,0.947166688986198,1.03725667478312,Formative
1103,Chihuahua Desert (4),1120,0.0200548729185981,0.0191046091135715,0.0209178187706362,1,0.949590625279291,1.04577735212998,Formative
1104,Chihuahua Desert (4),1090,0.0197475994191437,0.0188091476723568,0.0206672028312015,0.983699826412615,0.933917055027611,1.03248273569281,Formative
1105,Chihuahua Desert (4),1060,0.0190469140404036,0.018079491379663,0.0199766786549066,0.946530030371354,0.895210416638178,0.995851968770583,Formative
1106,Chihuahua Desert (4),1030,0.0181466568413789,0.0171918645712814,0.0190525840552114,0.898773394529178,0.848123794839927,0.946830812006525,Formative
1107,Chihuahua Desert (4),1000,0.0172624503265799,0.0164321658397905,0.0180744289311594,0.851868211674457,0.807823472100075,0.894941865039909,Pueblo
1108,Chihuahua Desert (4),970,0.0165367770493708,0.0157241081112922,0.0172823880515244,0.813372863369979,0.770262589352608,0.852925863499655,Pueblo
1109,Chihuahua Desert (4),940,0.0160655876374105,0.0151989446817982,0.0169326823261635,0.788377316337359,0.742403841111391,0.834374754998578,Pueblo
1110,Chihuahua Desert (4),910,0.0159017778407568,0.0150941180127728,0.0167489189491228,0.779687572101326,0.736843020198637,0.824626517841499,Pueblo
1111,Chihuahua Desert (4),880,0.0159815516375859,0.0152161049108655,0.0168913386943296,0.783919394039593,0.743314152977182,0.832181567571667,Pueblo
1112,Chihuahua Desert (4),850,0.0161076032461162,0.0154060238742049,0.0167941214521325,0.790606150638064,0.753388930253663,0.827024409774746,Pueblo
1113,Chihuahua Desert (4),820,0.0160426202019394,0.0153934035104423,0.0166440718171768,0.787158945128318,0.75271944811338,0.819064611416462,Pueblo
1114,Chihuahua Desert (4),790,0.0156275093256388,0.014998382745325,0.0162950207155298,0.765138239295485,0.731764477855724,0.800548229242875,Pueblo
1115,Chihuahua Desert (4),760,0.0148419784539048,0.0141259653954471,0.0155983916996008,0.723467579149886,0.68548468389723,0.763593614198579,Pueblo
1116,Chihuahua Desert (4),730,0.0137824701923936,0.0129828385144197,0.0144853194040627,0.667263029748249,0.624844353291969,0.704547612298661,Pueblo
1117,Chihuahua Desert (4),700,0.0126017213067802,0.0119013967991762,0.0131502174425316,0.604626935738248,0.567476283105617,0.633723431988761,Pueblo
1118,Chihuahua Desert (4),670,0.0114544056923915,0.0108548002617263,0.0120074324399531,0.54376440217366,0.511956671858047,0.573101237272447,Pueblo
1119,Chihuahua Desert (4),640,0.0104552913662344,0.00994669346050465,0.0109166104175212,0.490763616297496,0.463783632132593,0.515235562718177,Post-Pueblo
1120,Chihuahua Desert (4),610,0.00961311814949562,0.0092085004921584,0.0100154366278244,0.446088206124274,0.424624142146001,0.467430303785856,Post-Pueblo
1121,Chihuahua Desert (4),580,0.00879668616065704,0.00849883781306182,0.009054928119053,0.402778310659838,0.386978120350104,0.416477470388465,Post-Pueblo
1122,Chihuahua Desert (4),550,0.00785454294415852,0.0075091675975131,0.00822412767069026,0.352799715042677,0.334478323470936,0.372405360203779,Post-Pueblo
1123,Chihuahua Desert (4),520,0.0068096866941114,0.00638415897841087,0.00728946458083398,0.297372422159068,0.274799126237105,0.322823568616059,Post-Pueblo
1124,SW Asia (21),11490,0.00164647776459771,0.00119605400406419,0.00204800794466517,0.0371496350434639,-0.252183296548563,0.295075424713139,PPNA
1125,SW Asia (21),11460,0.0016383246495454,0.00118435261583541,0.00202895286908486,0.0319124231412818,-0.259699767162634,0.282835260311447,PPNA
1126,SW Asia (21),11430,0.00164227018086163,0.00123436751456651,0.00204055595875991,0.0344468634671265,-0.227572338414182,0.290288588144845,PPNA
1127,SW Asia (21),11400,0.00166512354790866,0.001286732741238,0.00209128672325311,0.0491268876217848,-0.19393515966412,0.322875858397496,PPNA
1128,SW Asia (21),11370,0.0017014541420345,0.00133691749182747,0.00213795779413689,0.0724641052065307,-0.161698625356809,0.352855355356872,PPNA
1129,SW Asia (21),11340,0.00173755582666152,0.0013681032030235,0.00214677947404098,0.0956542811336916,-0.141666260204842,0.358522024684424,PPNA
1130,SW Asia (21),11310,0.00176044077062986,0.00134291755654723,0.00212386968692977,0.110354588950126,-0.157844440770604,0.34380575869707,PPNA
1131,SW Asia (21),11280,0.00176211195334368,0.00135813837210937,0.00212403782142727,0.111428085146783,-0.148067240778755,0.343913761096866,PPNA
1132,SW Asia (21),11250,0.00174254132574421,0.00134599226333772,0.00213126655873271,0.0988567522096777,-0.155869380821668,0.348557192326637,PPNA
1133,SW Asia (21),11220,0.00171229132137835,0.00135709426541009,0.00213481999334877,0.079425445047995,-0.148737930202067,0.350839766526247,PPNA
1134,SW Asia (21),11190,0.00168893805572195,0.00134106981542581,0.00206682809119319,0.0644243074379137,-0.159031350526095,0.307164680753929,PPNA
1135,SW Asia (21),11160,0.00168396738469508,0.00136149912132403,0.00206177077530377,0.0612313612698867,-0.145908439428062,0.3039160776373,PPNA
1136,SW Asia (21),11130,0.00169677753285056,0.00132558573903563,0.00211080817302759,0.0694600517713926,-0.168977657998103,0.335415601606174,PPNA
1137,SW Asia (21),11100,0.00172260615802464,0.00132662683901601,0.00220294078841546,0.0860512543130934,-0.168308899962238,0.394597647584031,PPNA
1138,SW Asia (21),11070,0.00175653000334836,0.00134874047786293,0.00217755682227546,0.107842479551212,-0.154104045519905,0.37829207496055,PPNA
1139,SW Asia (21),11040,0.00179151528258581,0.00134691900097023,0.00225528047863181,0.130315524473061,-0.155274084259795,0.428218422809073,PPNA
1140,SW Asia (21),11010,0.00181736165161224,0.00138779702499949,0.00228322169910088,0.146918124905524,-0.129015792476818,0.446166666083355,PPNA
1141,SW Asia (21),10980,0.00182602875149534,0.00137885547909542,0.00228751744953057,0.152485498648436,-0.134759458588757,0.448926072167391,PPNA
1142,SW Asia (21),10950,0.00181939843756714,0.00137212603983069,0.00231962212453956,0.148226468965038,-0.139082162142695,0.469548740312515,PPNA
1143,SW Asia (21),10920,0.00180623224912406,0.00135941224366772,0.00224887063064545,0.139769073432401,-0.147248960251076,0.424101011003894,PPNA
1144,SW Asia (21),10890,0.00179429144182063,0.00133455800043209,0.00224069762608181,0.132098810259372,-0.163214261569432,0.418851022931522,PPNA
1145,SW Asia (21),10860,0.00178710564478575,0.00133870840256127,0.00222588265719056,0.12748296202023,-0.160548221008207,0.409334521458174,PPNA
1146,SW Asia (21),10830,0.00178304719157602,0.00139839866998704,0.0021841838795136,0.12487598550658,-0.122205749817626,0.382549012685748,PPNA
1147,SW Asia (21),10800,0.00177630867875334,0.00134999504677995,0.00225134194787415,0.120547453487648,-0.153298164182257,0.425688479342211,PPNA
1148,SW Asia (21),10770,0.00175918606465874,0.00129987422441129,0.00221942158330297,0.109548619574803,-0.185493633738638,0.405184204328113,PPNA
1149,SW Asia (21),10740,0.00172720641288227,0.00124815764947885,0.0021678136688013,0.0890062609993598,-0.218714146394053,0.37203349047937,PPNA
1150,SW Asia (21),10710,0.00168402160021773,0.00123855854524676,0.00212217946563338,0.0612661869995236,-0.224880199811922,0.342720032930419,PPNA
1151,SW Asia (21),10680,0.00163975780687094,0.00123337185506431,0.00200999562567574,0.0328330220234099,-0.228211907433143,0.270657939106264,PPNA
1152,SW Asia (21),10650,0.00160527099565198,0.00127331218527143,0.00196018526596814,0.0106801716066758,-0.20255594999899,0.238661897465871,PPNA
1153,SW Asia (21),10620,0.00158864446430018,0.00125222230740165,0.00194090481964387,0,-0.216103184238483,0.226276964551151,PPNA
1154,SW Asia (21),10590,0.00159265253665974,0.00127054846033787,0.00191637891003373,0.00257461401337205,-0.204331248522743,0.21052257069089,PPNA
1155,SW Asia (21),10560,0.00161472747868024,0.00127435399720028,0.00196095424949432,0.0167546112718427,-0.201886734637914,0.239155859546629,PPNA
1156,SW Asia (21),10530,0.001649099689827,0.00128378775762649,0.00200061935687058,0.0388338475106497,-0.195826890999074,0.264635025622351,PPNA
1157,SW Asia (21),10500,0.0016890925767931,0.00131690918434368,0.00205758383072264,0.0645235651557056,-0.174551105105264,0.301226563770096,Early PPNB
1158,SW Asia (21),10470,0.00172997506627244,0.00135825391392775,0.00208272674693404,0.0907847253525513,-0.14799302166342,0.317377296243892,Early PPNB
1159,SW Asia (21),10440,0.00177096840002516,0.00140802813985433,0.00213262611915623,0.117117087163032,-0.116020190816302,0.34943051571115,Early PPNB
1160,SW Asia (21),10410,0.00181721858567457,0.00151710926314698,0.00214284013779922,0.14682622547485,-0.0459511492847636,0.355991563809077,Early PPNB
1161,SW Asia (21),10380,0.00187263574822963,0.00157155379447403,0.00220437796721353,0.18242383711855,-0.0109783142830076,0.395520829687868,Early PPNB
1162,SW Asia (21),10350,0.00193107700210494,0.00161849332748825,0.002271949644912,0.219963995501024,0.0191736312504127,0.438925981267639,Early PPNB
1163,SW Asia (21),10320,0.0019799155542135,0.00163515421280765,0.0023421328583513,0.251335789563447,0.0298758703744564,0.484008671552209,Early PPNB
1164,SW Asia (21),10290,0.002007087790533,0.00167243802557845,0.00235396984119677,0.268790070356535,0.0538253947892578,0.491612242340361,Early PPNB
1165,SW Asia (21),10260,0.00200926744046008,0.00167249483438341,0.00234593425613722,0.270190184112746,0.0538618863323715,0.486450526671585,Early PPNB
1166,SW Asia (21),10230,0.00199491138347515,0.00166023959270157,0.00234018091797761,0.260968467992278,0.0459896439822437,0.482754828660027,Early PPNB
1167,SW Asia (21),10200,0.0019823874328336,0.00161656095787119,0.00234231528847631,0.252923618515551,0.0179323597740545,0.484125856850818,Early PPNB
1168,SW Asia (21),10170,0.0019907132806321,0.00161304876610511,0.002396654716116,0.258271786535545,0.0156762782147959,0.519031177745527,Early PPNB
1169,SW Asia (21),10140,0.00202289178421212,0.00161238762302534,0.00244899345451855,0.27894187899253,0.0152515882178792,0.55265134156615,Early PPNB
1170,SW Asia (21),10110,0.00206162180448025,0.00161919811325043,0.0025180483513035,0.303820385160866,0.0196263554372401,0.597009249559078,Early PPNB
1171,SW Asia (21),10080,0.00208585056967047,0.00159005190451732,0.0025772283392025,0.319383906172802,0.000904079313183551,0.635023939037527,Middle PPNB
1172,SW Asia (21),10050,0.00208525301984982,0.00161264356988615,0.00260733416472743,0.319000065761776,0.015415997518762,0.654362631887145,Middle PPNB
1173,SW Asia (21),10020,0.00206782437935077,0.0016105337961388,0.00253589297989634,0.307804653594175,0.0140607692275317,0.608471874660878,Middle PPNB
1174,SW Asia (21),9990,0.00204989098966091,0.00162417122077171,0.00249364525994769,0.296285012165393,0.0228208667049195,0.581333748884955,Middle PPNB
1175,SW Asia (21),9960,0.00204238964213338,0.00164914860993466,0.00243941670096934,0.291466467805163,0.0388652716925017,0.546499645269657,Middle PPNB
1176,SW Asia (21),9930,0.00205118431195322,0.00160802462596869,0.00251315500526638,0.29711578701147,0.0124489857809319,0.593865973652545,Middle PPNB
1177,SW Asia (21),9900,0.00207737967814015,0.00159707860167781,0.00260159813712056,0.313942568271883,0.00541772860745047,0.650678053433241,Middle PPNB
1178,SW Asia (21),9870,0.00211506402325618,0.00160051211153741,0.00266609873766957,0.338149377509997,0.00762326828003029,0.692110476590016,Middle PPNB
1179,SW Asia (21),9840,0.00215531635347403,0.00163188292976457,0.00271984535765077,0.364005750387717,0.0277745382604486,0.726635003235557,Middle PPNB
1180,SW Asia (21),9810,0.00219100316546003,0.001706021290779,0.0026753157782122,0.386929429899769,0.0753978459436912,0.698031108658009,Middle PPNB
1181,SW Asia (21),9780,0.00222017378571569,0.00173047862974932,0.00269632363775342,0.405667386940336,0.0911081929618889,0.711525657836177,Middle PPNB
1182,SW Asia (21),9750,0.0022466050975655,0.00176736859113258,0.00277548535308551,0.422645729588758,0.114804724114447,0.762375753176967,Middle PPNB
1183,SW Asia (21),9720,0.0022746752730229,0.00178872658137512,0.00272554791875939,0.440676808024258,0.128524182258636,0.730298084244391,Middle PPNB
1184,SW Asia (21),9690,0.00230109872326519,0.00190783600456578,0.00272342590958473,0.457650100712728,0.205034974120882,0.72893499643872,Middle PPNB
1185,SW Asia (21),9660,0.0023177591722044,0.00193241998351961,0.00269404640721974,0.468352059524827,0.220826669240345,0.710062862477778,Middle PPNB
1186,SW Asia (21),9630,0.00232389371741263,0.00194370924115521,0.00265822328598295,0.47229262861687,0.228078404813389,0.687051623741307,Middle PPNB
1187,SW Asia (21),9600,0.00232680164866462,0.0019318136130143,0.002727732768441,0.474160559103064,0.220437162799288,0.7317015381002,Middle PPNB
1188,SW Asia (21),9570,0.00233570402557024,0.0019507419318121,0.00273268161044209,0.479879064728052,0.232595904073036,0.73488046223703,Middle PPNB
1189,SW Asia (21),9540,0.00235850433818982,0.0019923449111212,0.0027264158404222,0.494525008990909,0.259319876077108,0.730855599946486,Middle PPNB
1190,SW Asia (21),9510,0.00240295113089378,0.00202367296695975,0.00277363935201706,0.52307572491599,0.279443677330638,0.761189961156976,Middle PPNB
1191,SW Asia (21),9480,0.00247470988862943,0.00211025632808184,0.00281101087334897,0.569170477374129,0.335061120049185,0.78519582579477,Late PPNB
1192,SW Asia (21),9450,0.00256486129854587,0.00222862931402356,0.00292804004896104,0.627079881814477,0.411098856165176,0.860370355711957,Late PPNB
1193,SW Asia (21),9420,0.00264993247893849,0.00232829049689584,0.0030253895465589,0.681725964400879,0.475116931437695,0.922903503376365,Late PPNB
1194,SW Asia (21),9390,0.00271154237682351,0.00237447881122799,0.00302713124089981,0.721301523978469,0.504786326265326,0.924022293222165,Late PPNB
1195,SW Asia (21),9360,0.00274865143369146,0.00238348874473967,0.00306270105383116,0.745138792686279,0.510573921647277,0.946870817552716,Late PPNB
1196,SW Asia (21),9330,0.00277028071454266,0.00236700556907758,0.00316481987030282,0.759032516297775,0.499985835595576,1.01246757138617,Late PPNB
1197,SW Asia (21),9300,0.00278509721293434,0.00232651160775333,0.00321114842680299,0.768550000256698,0.47397424924444,1.0422270517758,Late PPNB
1198,SW Asia (21),9270,0.00279262447185677,0.0023247712364686,0.0032447293054625,0.773385188987192,0.472856309273263,1.06379796991849,Late PPNB
1199,SW Asia (21),9240,0.00278858610268122,0.00233914601411775,0.00319337298425309,0.770791113596876,0.482090050746594,1.03080886882466,Late PPNB
1200,SW Asia (21),9210,0.00277372600370577,0.00235332418276318,0.00317240630616894,0.761245622490407,0.491197499016929,1.01734077285066,Late PPNB
1201,SW Asia (21),9180,0.00275446015806709,0.00235114561703347,0.00314350281653861,0.748870068430745,0.48979808170267,0.998774409082294,Late PPNB
1202,SW Asia (21),9150,0.00273934308784356,0.00232098373385229,0.00317349798913428,0.739159510000893,0.4704233798157,1.01804202322955,Late PPNB
1203,SW Asia (21),9120,0.0027351029345955,0.00231423049827868,0.00317762421295058,0.736435817165045,0.466085390532161,1.02069253267816,Late PPNB
1204,SW Asia (21),9090,0.00274553215739607,0.00235740149609493,0.00317012799217448,0.743135103196357,0.49381659046516,1.01587728152347,Late PPNB
1205,SW Asia (21),9060,0.00277239866310458,0.00242548705699013,0.00319760182387911,0.760392995739749,0.5375518386003,1.03352529427429,Late PPNB
1206,SW Asia (21),9030,0.00281753366802576,0.00238242399374419,0.00330626942042451,0.789385789716242,0.509889971212307,1.10332870393522,Late PPNB
1207,SW Asia (21),9000,0.00288311476907216,0.00238681594186884,0.00336992205237777,0.831512280113449,0.512711170575325,1.14421642838557,Late PPNB
1208,SW Asia (21),8970,0.00296492006424863,0.0024823092049882,0.00350574454880133,0.884060497918659,0.574051952715429,1.23146298265223,Late PPNB
1209,SW Asia (21),8940,0.00304607011982506,0.00252105542345311,0.00360342880440859,0.936187817869486,0.598940863911582,1.29421116452379,Late PPNB
1210,SW Asia (21),8910,0.00310635851589325,0.0025787169240391,0.00362513814340153,0.974914501281414,0.635980142178737,1.30815631405656,Late PPNB
1211,SW Asia (21),8880,0.00313826117982395,0.00258964749837101,0.00362631321544117,0.99540740616221,0.643001474960318,1.30891113000512,Late PPNB
1212,SW Asia (21),8850,0.00314541077519022,0.00264616576243727,0.00361272891697788,1,0.679306387053348,1.30018515850364,Late PPNB
1213,SW Asia (21),8820,0.00313380818141047,0.00262777043466525,0.00367320855623044,0.992546990708503,0.66749001638594,1.33903468834604,Late PPNB
1214,SW Asia (21),8790,0.00310466250632318,0.00252804450327489,0.0036246651186862,0.973825057375662,0.60343034943866,1.30785246323963,Late PPNB
1215,SW Asia (21),8760,0.00306055038709424,0.00252327625171602,0.00363961924098236,0.945489321356482,0.600367428867015,1.3174583509002,Late PPNB
1216,SW Asia (21),8730,0.00301109279535292,0.00248271414970462,0.00361140611918052,0.913719882748163,0.574312071856998,1.29933544985559,Late PPNB
1217,SW Asia (21),8700,0.00296175480359806,0.00242861173910409,0.003503116310849,0.882027270048539,0.539559000556531,1.22977471516214,Late PPNB
1218,SW Asia (21),8670,0.00290466008203188,0.00241140315049048,0.00348264942663915,0.8453520663479,0.528504940295059,1.21662766536624,Late PPNB
1219,SW Asia (21),8640,0.00282561869964218,0.00232738784889429,0.00338656686346358,0.794579267735304,0.474537109022967,1.15490834211043,Late PPNB
1220,SW Asia (21),8610,0.00271938922214968,0.00222704292181345,0.00321516635090311,0.726342001326468,0.410079825756429,1.04480799412534,Late PPNB
1221,SW Asia (21),8580,0.00259834267330402,0.00213545015413249,0.00301754243442994,0.648586882912803,0.35124455482319,0.917862854645681,Late PPNB
1222,SW Asia (21),8550,0.00249145504871111,0.00209985549779637,0.00278972141006743,0.579926850995875,0.328380072153487,0.771520386435239,Late PPNB
1223,SW Asia (21),8520,0.00242136212881991,0.00213078745855146,0.00273064734778139,0.53490216141923,0.348249438890618,0.733573739033637,Late PPNB
1224,SW Asia (21),8490,0.00238149815894152,0.00208257557821507,0.002690043127242,0.509295254589652,0.317280191933556,0.707491326885232,Late PPNB
1225,SW Asia (21),8460,0.00234508864910822,0.00204682162871218,0.00264364959293242,0.485907344934489,0.294313386156235,0.677690107533908,Late PPNB
1226,SW Asia (21),8430,0.00229391836807423,0.0019996950825965,0.00258359111546471,0.453037748081038,0.264041311416428,0.63911111398325,Late PPNB
1227,SW Asia (21),8400,0.00223580818854625,0.00195927171394462,0.00254421534473162,0.415710257678989,0.238075070774455,0.613817805374475,Late PPNB
1228,SW Asia (21),8370,0.00219546364061048,0.00188107898240041,0.00252831654286472,0.389794648089069,0.187847409116299,0.60360509601939,Late PPNB
1229,SW Asia (21),8340,0.00219642810284803,0.00188067176924278,0.00259977554487598,0.39041417732143,0.187585832825248,0.649507298239074,Late PPNB
1230,SW Asia (21),8310,0.00223927345840493,0.0019216518127245,0.00260132756895936,0.417936198614657,0.213909657534871,0.650504252035234,Late PPNB
1231,SW Asia (21),8280,0.0022955673380103,0.00201689094629499,0.0025833676963652,0.454096975740661,0.275087197737453,0.638967599123028,Late PPNB
1232,SW Asia (21),8250,0.00232980033323232,0.00206639865031136,0.00261499454396468,0.476086785632201,0.306888826324896,0.659283331406184,Late PPNB
1233,SW Asia (21),8220,0.00232237936371184,0.00199717662947559,0.00264413330790349,0.471319872661017,0.262423564999839,0.678000825313247,Late PPNB
1234,SW Asia (21),8190,0.00227250242764483,0.00191134576074981,0.00263519524072704,0.439281065218881,0.207289491166555,0.67225939378693,Late PPNB
1235,SW Asia (21),8160,0.00219321431229307,0.00183398995159685,0.00256482516858333,0.38834977591932,0.157599432606167,0.627056673474034,Late PPNB
1236,SW Asia (21),8130,0.00210475606479632,0.00176886708091129,0.00242826150616641,0.331527986497256,0.115767289766225,0.53933402591825,Late PPNB
1237,SW Asia (21),8100,0.0020268915008249,0.00179002365895602,0.00229544760842854,0.281511125632055,0.129357369341263,0.454020066585502,Late PPNB
1238,SW Asia (21),8070,0.00197002275985812,0.00172064963504683,0.00226756562666691,0.244981082189462,0.0847944677523129,0.436109875719609,Late PPNB
1239,SW Asia (21),8040,0.00192930800198616,0.00163393804137754,0.00224754123854977,0.218827665593052,0.029094653937792,0.423247066461043,Late PPNB
1240,SW Asia (21),8010,0.00189489099335008,0.0015838234730016,0.00219651107022223,0.196719653365836,-0.00309679832153144,0.390467472009021,Late PPNB
1241,SW Asia (21),7980,0.00186663465338826,0.00156579384097427,0.0021655016474782,0.178568990826342,-0.0146782617057301,0.37054834700798,PN
1242,SW Asia (21),7950,0.00185285211820991,0.00157537350981706,0.00213118517376873,0.169715680549813,-0.00852469274950521,0.348504914111588,PN
1243,SW Asia (21),7920,0.00185958919712489,0.00157007269747329,0.00213256045578538,0.174043291487858,-0.0119297075591713,0.349388336374152,PN
1244,SW Asia (21),7890,0.00188748303783394,0.00161281944666475,0.00218063325376539,0.191961100033635,0.0155289732283225,0.380268242782534,PN
1245,SW Asia (21),7860,0.00193317566153748,0.00166215083585893,0.00218793005012483,0.221312084432452,0.0472173447257645,0.384955392233548,PN
1246,SW Asia (21),7830,0.00198730536368438,0.00173071098980598,0.00224338627461471,0.256082686653381,0.091257451110035,0.420578095591108,PN
1247,SW Asia (21),7800,0.00203259082830122,0.00176322921988766,0.0022997194967883,0.285172129494003,0.112145769320805,0.456764144697851,PN
1248,SW Asia (21),7770,0.00204970744541967,0.00175817826165956,0.00233733544083875,0.296167111206232,0.108901250093505,0.480927016021129,PN
1249,SW Asia (21),7740,0.00202772241282177,0.00177041387373559,0.00230233213705473,0.282044867909916,0.11676088322562,0.458442392902577,PN
1250,SW Asia (21),7710,0.00196798780534407,0.00172979622832585,0.00222248753362019,0.243673914569111,0.090669847515499,0.407153639493664,PN
1251,SW Asia (21),7680,0.00188603332059989,0.0016290428462623,0.00214852981512332,0.19102986377556,0.0259501902626716,0.359646368826572,PN
1252,SW Asia (21),7650,0.00180700540704678,0.00155902038490249,0.00207914300331753,0.140265716966701,-0.0190292397712246,0.315075252840563,PN
1253,SW Asia (21),7620,0.00175548940252566,0.00151764422662445,0.00201023851226842,0.107174042152857,-0.0456075116599456,0.270813959050287,PN
1254,SW Asia (21),7590,0.00174433770731233,0.00148028822304593,0.00200868810711513,0.100010670787919,-0.0696034083576123,0.269818045185471,PN
1255,SW Asia (21),7560,0.00176692902869344,0.00148999226258648,0.00203671147241159,0.11452236803052,-0.06336994899209,0.287819054778517,PN
1256,SW Asia (21),7530,0.00180482817221855,0.00154644107403552,0.00205040161421469,0.138867154566549,-0.0271096502856182,0.296613015508096,PN
1257,SW Asia (21),7500,0.00183946451551135,0.00160372650635795,0.00203857103535858,0.161116057982886,0.00968805783646676,0.289013558368417,PN
1258,SW Asia (21),7470,0.0018584881937584,0.0016184855050939,0.00206193771732316,0.173336054082482,0.0191686064793207,0.304023314040236,PN
1259,SW Asia (21),7440,0.00185881182823594,0.00161783999782859,0.00207190320977798,0.173543943009208,0.0187539602599184,0.310424719559553,PN
1260,SW Asia (21),7410,0.00184610900442228,0.00157795135769425,0.00210152404762401,0.165384193068063,-0.00686879368542712,0.32945187709683,PN
1261,SW Asia (21),7380,0.00182931236539537,0.00156331675985641,0.0020920652539994,0.154594751576809,-0.0162694325195749,0.323375953203534,PN
1262,SW Asia (21),7350,0.00181632292069856,0.00156026378875582,0.00203886229185808,0.146250888656636,-0.0182305303922797,0.289200649068836,PN
1263,SW Asia (21),7320,0.00181133144270165,0.00156345416021365,0.00204414175757852,0.143044576982241,-0.0161811724151033,0.292591951721977,PN
1264,SW Asia (21),7290,0.00181831752529769,0.00154021793311134,0.0020636396541325,0.147532137219873,-0.0311071294709322,0.305116565350615,PN
1265,SW Asia (21),7260,0.00184025553715298,0.00155219219063955,0.0021426751399325,0.161624176405096,-0.0234153793062143,0.355885576246553,PN
1266,SW Asia (21),7230,0.00187463452081752,0.00158668082154544,0.00216482499840347,0.183707763019252,-0.00126136000053953,0.370113696624043,PN
1267,SW Asia (21),7200,0.00191902857033751,0.00160459583057977,0.0022745782397502,0.212224598982004,0.0102464744823969,0.440614478005919,PN
1268,SW Asia (21),7170,0.00197586490737394,0.00163487507652802,0.00232632215394456,0.248733827527634,0.0296965651841546,0.473852552232218,PN
1269,SW Asia (21),7140,0.0020468192161319,0.00168493290382253,0.00242366141099027,0.294311836418,0.0618515694030496,0.536379121804539,PN
1270,SW Asia (21),7110,0.00212444411683324,0.00171437015034883,0.00246817476216754,0.344174747863554,0.0807607957399677,0.564972592042097,PN
1271,SW Asia (21),7080,0.00218968052970572,0.00179776331527608,0.00255590041203263,0.386079825341232,0.134328993062769,0.621323792123587,PN
1272,SW Asia (21),7050,0.00222495307371201,0.00182531733250076,0.00256472549428657,0.408737396846696,0.152028513557223,0.626992646974957,PN
1273,SW Asia (21),7020,0.00222698691061295,0.00184436690311261,0.00258405148528948,0.410043846560252,0.164265141802962,0.639406835840504,PN
1274,North France (29),8490,0.000643592265345656,0.000502052089559295,0.000807557404543008,0.062951907255836,0.0366348841458699,0.0934384764119933,Mesolithic
1275,North France (29),8460,0.000661583119491373,0.000516667889838342,0.000825529957801783,0.066297005011229,0.0393524472093417,0.0967801714242292,Mesolithic
1276,North France (29),8430,0.000661241759619024,0.000508611342510588,0.000821956070556686,0.0662335348650353,0.0378544672822074,0.0961156669985487,Mesolithic
1277,North France (29),8400,0.000644708494979449,0.00048853325522332,0.000790883102572158,0.0631594514453593,0.0341212835115406,0.0903381694647153,Mesolithic
1278,North France (29),8370,0.000628175230339874,0.000452986171981816,0.000787482938604261,0.0600853680256833,0.0275118992433553,0.0897059659703809,Mesolithic
1279,North France (29),8340,0.000614081586985599,0.000427742661993613,0.000787290439476527,0.0574648912896793,0.0228182917072241,0.0896701739843595,Mesolithic
1280,North France (29),8310,0.000615671223322538,0.00044607215324006,0.00077979638898734,0.0577604575201381,0.0262263533550687,0.0882767809154624,Mesolithic
1281,North France (29),8280,0.000620048998271247,0.000474183713097206,0.000769368333917818,0.0585744313890792,0.031453226688435,0.0863378588763176,Mesolithic
1282,North France (29),8250,0.000624426773219957,0.000476174712875566,0.000777965934840849,0.0593884052580202,0.0318234197229423,0.0879364386500433,Mesolithic
1283,North France (29),8220,0.000628680535534957,0.000475268636437772,0.000767863305383088,0.0601793210564938,0.0316549499975066,0.086058024048435,Mesolithic
1284,North France (29),8190,0.000632775159676442,0.000493367701530959,0.000749413647867625,0.0609406477791675,0.0350201677646877,0.0826276194971627,Mesolithic
1285,North France (29),8160,0.00063686918349209,0.000496893862121504,0.000752227958514468,0.0617018628813149,0.0356757982189757,0.083150893386856,Mesolithic
1286,North France (29),8130,0.00063834832836863,0.000484020898379624,0.000798317255393953,0.0619768850768336,0.0332822863951657,0.0917204255663996,Mesolithic
1287,North France (29),8100,0.000613987540423996,0.0004824652315194,0.000762917902522916,0.0574474049080115,0.0329930362194861,0.0851385092842616,Mesolithic
1288,North France (29),8070,0.000583035145165902,0.000451073666137435,0.000719241955869347,0.0516923258515493,0.0271563008401113,0.0770176991252681,Mesolithic
1289,North France (29),8040,0.000552082749907808,0.000415120698382164,0.000701902306934649,0.0459372467950871,0.0204714491502596,0.0737936820629894,Mesolithic
1290,North France (29),8010,0.000517940990845824,0.000362030419103375,0.000678698910701098,0.0395891590012346,0.0106002016480429,0.0694793994819802,Mesolithic
1291,North France (29),7980,0.000478026586961758,0.000334061511737546,0.000604937021499682,0.0321677446670953,0.0053998521542141,0.0557646126240182,Mesolithic
1292,North France (29),7950,0.000437993316214361,0.000307719346304043,0.00056616549142801,0.0247242290322342,0.00050196805432128,0.0485556965177881,Mesolithic
1293,North France (29),7920,0.000399049199798245,0.000257441005267229,0.000527060332115373,0.0174832233882458,-0.00884644666711979,0.0412847476466848,Mesolithic
1294,North France (29),7890,0.000378446299947791,0.000251172827281233,0.000495665220928339,0.0136524595186635,-0.0100119092928257,0.0354473529842943,Mesolithic
1295,North France (29),7860,0.000364396122724427,0.000258760072643224,0.000467981232572515,0.0110400645810982,-0.00860118819951658,0.0302999794044004,Mesolithic
1296,North France (29),7830,0.000350345945501063,0.000247365838212347,0.000457553449889017,0.00842766964353282,-0.0107197550952534,0.0283611080108708,Mesolithic
1297,North France (29),7800,0.000337154423179951,0.000225718487105863,0.000449703269270764,0.00597492719177604,-0.0147447171682043,0.0269014985141311,Neolithic
1298,North France (29),7770,0.000326125021587448,0.000224565385095468,0.000424926022253749,0.00392419484679783,-0.0149591171580807,0.0222945847617252,Neolithic
1299,North France (29),7740,0.000315200079923224,0.000209949785773702,0.000418967608423676,0.00189288507446581,-0.0176766428569149,0.0211867175883691,Neolithic
1300,North France (29),7710,0.000305019624289478,0.000185562551933395,0.000419014931002977,0,-0.0222110401967361,0.021195516428742,Neolithic
1301,North France (29),7680,0.000321108367387236,0.000204582630034579,0.000443253520955049,0.00299143209029991,-0.0186745754992657,0.0257022759291999,Neolithic
1302,North France (29),7650,0.000350242993456457,0.000243312709068034,0.000472513912080236,0.00840852743657958,-0.011473366518766,0.0311427551794906,Neolithic
1303,North France (29),7620,0.000379377619525678,0.000264689066738799,0.000512844606785182,0.0138256227828593,-0.00749879113263992,0.0386415718136674,Neolithic
1304,North France (29),7590,0.000417450632657245,0.000280222553679919,0.000556719750809671,0.0209046613730181,-0.00461059961714504,0.0467994193847231,Neolithic
1305,North France (29),7560,0.000486915455094192,0.000361789139766776,0.000620602811561139,0.0338204806960218,0.0105553397998647,0.0586774036869989,Neolithic
1306,North France (29),7530,0.000559097437122659,0.000423687532457805,0.000706785521653028,0.0472415102984832,0.0220643083444448,0.0747016339846295,Neolithic
1307,North France (29),7500,0.000631300050371836,0.000465885232900292,0.000802646908927338,0.0606663759306032,0.0299102633996977,0.0925254520647999,Neolithic
1308,North France (29),7470,0.000706128139658423,0.000547329061338349,0.000864909697256649,0.0745794048221463,0.0450533780896472,0.10410217387011,Neolithic
1309,North France (29),7440,0.000782783623999136,0.000628734785731975,0.000938897188108583,0.0888322071921614,0.0601894079712565,0.117858907573322,Neolithic
1310,North France (29),7410,0.000859439108339849,0.000690139319324454,0.00103677694475557,0.103085009562176,0.0716065516948104,0.136058007605278,Neolithic
1311,North France (29),7380,0.000937715037755342,0.000766333544384955,0.00113920750922647,0.117639106531018,0.0857735906335623,0.155103254068843,Neolithic
1312,North France (29),7350,0.00102407657343908,0.000852384125049175,0.00121090250428534,0.133696586449876,0.101773253678947,0.168433736607463,Neolithic
1313,North France (29),7320,0.00111154270373969,0.000926383671849125,0.00130510666163402,0.149959447221894,0.115532228983604,0.185949420562399,Neolithic
1314,North France (29),7290,0.0011990088340403,0.000994643672642119,0.00141784316193575,0.166222307993912,0.128224031917825,0.206910883039706,Neolithic
1315,North France (29),7260,0.00132598670778724,0.00108929878885187,0.00156556049245393,0.189831715141295,0.145823564113747,0.234376444527049,Neolithic
1316,North France (29),7230,0.00149258472482534,0.00125055550346334,0.00175702899934941,0.220807823798133,0.175806547118324,0.269976803879469,Neolithic
1317,North France (29),7200,0.00165918274186343,0.00137652214349398,0.00197610581607236,0.25178393245497,0.199227932307041,0.310710465658001,Neolithic
1318,North France (29),7170,0.00183002028563046,0.00151193060394004,0.00219567995688376,0.283548310041675,0.224404865732804,0.351536596514351,Neolithic
1319,North France (29),7140,0.00203208263329077,0.00173255071796522,0.00236433373887873,0.321118416504288,0.265425477775053,0.382894940205008,Neolithic
1320,North France (29),7110,0.00224043404653486,0.00191559713404868,0.00254271286044533,0.359857869291285,0.299459890516889,0.416061547767298,Neolithic
1321,North France (29),7080,0.00244878545977896,0.00208769664498566,0.0028107115511429,0.398597322078282,0.33145890974503,0.465891411954934,Neolithic
1322,North France (29),7050,0.00265070356396371,0.00231015629617717,0.00304728589209976,0.436140608884506,0.372821552887982,0.509878445061237,Neolithic
1323,North France (29),7020,0.00284333343844142,0.0025129861665324,0.00317692788639162,0.471956905071332,0.41053436733006,0.533983200766435,Neolithic
1324,North France (29),6990,0.00303588829731848,0.0026882614294428,0.003358262827612,0.507759253364672,0.443123864403886,0.567699393446203,Neolithic
1325,North France (29),6960,0.00322720102921264,0.00280963196602935,0.00365183777658368,0.543330648966785,0.465690681199694,0.622284734136019,Neolithic
1326,North France (29),6930,0.0034040553909487,0.00303373871126783,0.00380449117941674,0.576213752997484,0.507359573871147,0.65066807552904,Neolithic
1327,North France (29),6900,0.00357677365702633,0.00320044299881067,0.00395548651041449,0.608327819372102,0.538355441746973,0.678743126257837,Neolithic
1328,North France (29),6870,0.00374949192310396,0.00336395284766501,0.00415846926969594,0.640441885746719,0.568757357295685,0.716484367832933,Neolithic
1329,North France (29),6840,0.00391202943757478,0.00348874449585216,0.00436871049376296,0.670663012015642,0.591960272446992,0.755575199264361,Neolithic
1330,North France (29),6810,0.00405397198477572,0.0036876024702802,0.00446392970073886,0.69705484934537,0.628934579420604,0.773279614682635,Neolithic
1331,North France (29),6780,0.00419532299421448,0.00381436513156025,0.00462004201469169,0.723336700143914,0.652503971417283,0.80230608261813,Neolithic
1332,North France (29),6750,0.00433770577111125,0.00387488534212199,0.00475410928384567,0.749810390806198,0.663756690096802,0.827233644004947,Neolithic
1333,North France (29),6720,0.00450166018338357,0.0040820366654128,0.00490714967464383,0.780294965470457,0.702273006273579,0.855688939323164,Neolithic
1334,North France (29),6690,0.00467422073333397,0.00426448985150858,0.00508408703042118,0.812379707174944,0.736197117843267,0.888587474704646,Neolithic
1335,North France (29),6660,0.00484678128328437,0.00441074441306274,0.00528707344975102,0.844464448879432,0.76339070196152,0.926329396804389,Neolithic
1336,North France (29),6630,0.00499605417777967,0.00452127426104059,0.00542172953570294,0.872219241413064,0.783941874428374,0.9513664388047,Neolithic
1337,North France (29),6600,0.00507984482626514,0.00468822066748076,0.00541922039349725,0.887798707952087,0.814982760254624,0.95089990587123,Neolithic
1338,North France (29),6570,0.00515971187304088,0.00478395835108837,0.00548873787623446,0.902648646522846,0.832783577711563,0.963825516494346,Neolithic
1339,North France (29),6540,0.00523823885524196,0.00481634140828643,0.0056083063690112,0.917249422548878,0.838804664374186,0.98605727345061,Neolithic
1340,North France (29),6510,0.00525062691071394,0.00485036163734922,0.00564713872776453,0.91955277380821,0.845130155701843,0.993277499630548,Neolithic
1341,North France (29),6480,0.00522630195446603,0.00489465676445165,0.00556286045104231,0.915029955942762,0.853366092086246,0.977607366794806,Neolithic
1342,North France (29),6450,0.00520197699821812,0.00481280996233948,0.00556025319132709,0.910507138077314,0.838148051196471,0.97712259055514,Neolithic
1343,North France (29),6420,0.00518662519438902,0.0047200253027935,0.00558285272232283,0.907652727491024,0.820896299063512,0.981324594517514,Neolithic
1344,North France (29),6390,0.005206616802172,0.00483776841901643,0.00558558697284124,0.911369831847487,0.842788657847601,0.981832982568338,Neolithic
1345,North France (29),6360,0.00523020992394702,0.00484229799059194,0.00565598093643713,0.91575657736013,0.843630855754793,0.994921560115052,Neolithic
1346,North France (29),6330,0.00525391373309979,0.00479188058750394,0.00571280287819151,0.920163903335259,0.834256584775972,1.00548664770234,Neolithic
1347,North France (29),6300,0.00530821802490105,0.00485179269505948,0.00580568394890089,0.930260876116057,0.845396236894858,1.02275632587504,Neolithic
1348,North France (29),6270,0.0053864890468095,0.0049296373578236,0.00587404242767291,0.944814060616227,0.859870147059016,1.03546643913871,Neolithic
1349,North France (29),6240,0.00546476006871796,0.00493282731988193,0.0060144657568641,0.959367245116397,0.860463267031791,1.06157580334553,Neolithic
1350,North France (29),6210,0.00553809576081897,0.00492712501357802,0.0061083820152136,0.973002787767699,0.859403018759903,1.0790379573075,Neolithic
1351,North France (29),6180,0.00558352687733057,0.00511497487266762,0.00606520169734698,0.981449942340631,0.894330551210668,1.07100930101342,Neolithic
1352,North France (29),6150,0.00562459179845314,0.00519176282164669,0.00600609360133886,0.989085276069641,0.908607983159737,1.06001914136448,Neolithic
1353,North France (29),6120,0.00566565671957571,0.00524044004056206,0.00610394713222567,0.996720609798651,0.917658696061621,1.07821336515594,Neolithic
1354,North France (29),6090,0.00568329418045536,0.00529335637392825,0.00614490877937544,1,0.927497601237171,1.08582949682085,Neolithic
1355,North France (29),6060,0.00567426823024874,0.00528535684270966,0.00608880859799243,0.998321775857226,0.926010222499799,1.07539860847605,Neolithic
1356,North France (29),6030,0.0056652148179416,0.00518704465224717,0.0061253059880371,0.996638445597197,0.907730718648553,1.0821846863647,Neolithic
1357,North France (29),6000,0.00564626532207995,0.00509729735571376,0.00620471572060829,0.993115104484027,0.891043713253763,1.09694959502489,Neolithic
1358,North France (29),5970,0.00554317844893168,0.00502658961969126,0.00608225756764914,0.973947828423328,0.877896794983954,1.07418055419584,Neolithic
1359,North France (29),5940,0.00542097281080974,0.00491719124963607,0.00592103842692336,0.951225738495465,0.857556001870339,1.04420455742547,Neolithic
1360,North France (29),5910,0.0052987671726878,0.0048043761652188,0.0058213568937464,0.928503648567601,0.836579927994018,1.02567044725018,Neolithic
1361,North France (29),5880,0.00518485155556165,0.00463430424387283,0.00568852503355594,0.907322949081824,0.804957905062707,1.0009725894515,Neolithic
1362,North France (29),5850,0.00508436217896176,0.00461361889896576,0.00551469416419196,0.88863863396357,0.801111811916838,0.968651653145875,Neolithic
1363,North France (29),5820,0.00498405747692183,0.00457651377354017,0.00538898813896322,0.86998865598412,0.794212735821317,0.945278724910995,Neolithic
1364,North France (29),5790,0.00488886542569373,0.00444048788887219,0.00532618967736699,0.852289289721948,0.768921002711108,0.933602403640964,Neolithic
1365,North France (29),5760,0.00486474599745961,0.00451472069719879,0.00521121652453267,0.847804686345487,0.782723349086581,0.912225073117273,Neolithic
1366,North France (29),5730,0.0048633812536929,0.00452595303395307,0.00517907848932495,0.847550935118684,0.784811813823177,0.906249544186552,Neolithic
1367,North France (29),5700,0.00486201650992619,0.00447123459337279,0.00524528396356735,0.847297183891882,0.774637837019121,0.918559342347843,Neolithic
1368,North France (29),5670,0.00482533257709535,0.0043956680689926,0.0052682264805472,0.840476421499083,0.760587508499994,0.922825118804634,Neolithic
1369,North France (29),5640,0.00470886309605326,0.00429108047764163,0.00512984153484098,0.818820873827467,0.7411411990454,0.897094757838296,Neolithic
1370,North France (29),5610,0.00458936014225121,0.00413203244802338,0.00501537955483416,0.796601302744944,0.711568883992069,0.875812471333306,Neolithic
1371,North France (29),5580,0.00447065829848221,0.00395951442311241,0.00494816646638349,0.774530684644402,0.679492049105835,0.863315324200195,Neolithic
1372,North France (29),5550,0.00437335174237732,0.0039252975320519,0.00482892424660095,0.756438161644934,0.673129991776261,0.841144232238027,Neolithic
1373,North France (29),5520,0.0042855744842787,0.00388530717776398,0.00464924520614374,0.740117451874178,0.66569445573765,0.807735926548014,Neolithic
1374,North France (29),5490,0.00419779722618008,0.00380048102555326,0.00460718117394958,0.723796742103423,0.649922454638622,0.799914824862914,Neolithic
1375,North France (29),5460,0.0041304421968577,0.00371495984056632,0.00461457685323828,0.711273203444512,0.634021223845395,0.801289927456036,Neolithic
1376,North France (29),5430,0.00412726840347979,0.0037466915659951,0.00453138884901883,0.710683089766833,0.639921206283516,0.785822512516409,Neolithic
1377,North France (29),5400,0.00412876196578028,0.00369872263695561,0.00456367513047096,0.710960792640662,0.631002188011292,0.791825605351289,Neolithic
1378,North France (29),5370,0.00412967099392169,0.00360958785984746,0.00463408064358732,0.711129811185906,0.614429070336226,0.804916330337732,Neolithic
1379,North France (29),5340,0.00408691488578171,0.00360360440129305,0.00460671182601896,0.703180029579654,0.613316546516194,0.799827557482694,Neolithic
1380,North France (29),5310,0.00401702574501203,0.00352993752681399,0.00453895048815918,0.690185315375346,0.599619426053163,0.78722847256203,Neolithic
1381,North France (29),5280,0.00394713660424235,0.00341013921913233,0.00455184494341942,0.677190601171038,0.577344938867617,0.789625980373426,Neolithic
1382,North France (29),5250,0.00388170249886604,0.00331572867429103,0.00449921758078464,0.665024226120271,0.559790880618012,0.779840804461488,Neolithic
1383,North France (29),5220,0.003836001297019,0.00334086722127533,0.00431381823354093,0.656526853706539,0.564464972043019,0.745368903611585,Neolithic
1384,North France (29),5190,0.00379264128027218,0.00337016539651258,0.00423662418059123,0.648464785417907,0.569912476615588,0.731015963436525,Neolithic
1385,North France (29),5160,0.0037492669515717,0.00333570555605266,0.0041961778383647,0.640400056061398,0.563505246917652,0.72349564408426,Neolithic
1386,North France (29),5130,0.00369031003608577,0.00323476195972158,0.00412894556623936,0.62943800589638,0.544736477254274,0.710994930068413,Neolithic
1387,North France (29),5100,0.0036175657895004,0.00317530289816125,0.00404001654709476,0.615912432624564,0.533681061443981,0.694460069637635,Neolithic
1388,North France (29),5070,0.00354482154291504,0.00305066004029854,0.00397692886258211,0.602386859352747,0.510505811359395,0.682729972214415,Neolithic
1389,North France (29),5040,0.0034665507990678,0.00288397552770574,0.00402476096576003,0.587833726553399,0.47951362030405,0.691623550011236,Neolithic
1390,North France (29),5010,0.00335268900835294,0.00281653422607588,0.00385434884490681,0.566663035186533,0.46697404075571,0.659938272684168,Neolithic
1391,North France (29),4980,0.00323248810641469,0.00280343789777527,0.00368061348231235,0.544313692347491,0.464538998036368,0.627635094261401,Neolithic
1392,North France (29),4950,0.00311228720447644,0.00269814970780076,0.00359659321060676,0.521964349508448,0.444962424011563,0.612012933133672,Neolithic
1393,North France (29),4920,0.003073269142746,0.00266061426756472,0.00357483376525991,0.514709594972775,0.437983338090221,0.607967129015713,Neolithic
1394,North France (29),4890,0.00313860354796747,0.0026920069255176,0.0036074144214763,0.52685743245098,0.443820276614845,0.614024955903527,Neolithic
1395,North France (29),4860,0.00320433699036629,0.00265558222805647,0.00377387876138456,0.539079464203424,0.437047714693592,0.644976209538844,Neolithic
1396,North France (29),4830,0.00327552689329524,0.00265102830851108,0.00394630848941474,0.552316033327128,0.436200989689534,0.677036627100179,Neolithic
1397,North France (29),4800,0.00340076253564692,0.00281915064154016,0.00399473722944035,0.575601501750845,0.467460519353437,0.686041139517658,Neolithic
1398,North France (29),4770,0.00353980670541382,0.00303345601154686,0.00403962577710389,0.601454434380976,0.507307010596807,0.694387412508144,Neolithic
1399,North France (29),4740,0.00367885087518073,0.00310973338110661,0.00414673548233174,0.627307367011106,0.521489508861478,0.714302666761025,Neolithic
1400,North France (29),4710,0.00379935418649901,0.00329957834640052,0.00425758299356515,0.649712937805206,0.556787997867821,0.734912903385396,Neolithic
1401,North France (29),4680,0.00388624666179664,0.00349441384260165,0.00429753925858208,0.665869137045353,0.593014392442222,0.742342101095491,Neolithic
1402,North France (29),4650,0.00397244335216767,0.00355790294100475,0.00440083590020457,0.681895966741545,0.604819126049641,0.761548380087713,Neolithic
1403,North France (29),4620,0.00405673129084612,0.00353213901182085,0.00457423173529869,0.69756789605609,0.600028755287635,0.793788429063148,Neolithic
1404,North France (29),4590,0.00410877905749288,0.00361091240152998,0.00461847808580861,0.707245305809576,0.614675346659364,0.802015296257793,Neolithic
1405,North France (29),4560,0.00414929087128716,0.00369199301987926,0.00462888467952915,0.714777798502392,0.62975092852164,0.803950227918842,Neolithic
1406,North France (29),4530,0.00418980268508144,0.00369121965733368,0.00475406725468865,0.722310291195208,0.629607134719836,0.827225829387715,Neolithic
1407,North Mendoza (16),2980,0.000390228730389842,4.31707905120673E-08,0.00128918420915373,0,-0.0262659055282302,0.0605144888076938,Phase 1
1408,North Mendoza (16),2950,0.000416795020293246,4.58516775929404E-08,0.00127469431079925,0.00178834824526802,-0.0262657250604372,0.0595390803336249,Phase 1
1409,North Mendoza (16),2920,0.000447051427613571,1.24401844470144E-07,0.00128397858235205,0.00382510208391694,-0.0262604373422948,0.0601640645071928,Phase 1
1410,North Mendoza (16),2890,0.000482172362818928,4.5527450663608E-07,0.00122819384014101,0.00618931865593534,-0.0262381641702808,0.0564088338668369,Phase 1
1411,North Mendoza (16),2860,0.000524397304153821,1.17198133795049E-06,0.00123846178971745,0.00903175167979263,-0.0261899180128831,0.0571000357499105,Phase 1
1412,North Mendoza (16),2830,0.000572212940912991,2.99934317774104E-06,0.00128047729275035,0.0122505304556607,-0.0260669065065139,0.0599283701314201,Phase 1
1413,North Mendoza (16),2800,0.000630189971813635,2.19661603991483E-06,0.00131964777159817,0.0161533381813165,-0.0261209432453125,0.0625651875932681,Phase 1
1414,North Mendoza (16),2770,0.000729106679137144,5.78146372002889E-06,0.00150258004470848,0.0228120594635465,-0.0258796240365862,0.0748795382537942,Phase 1
1415,North Mendoza (16),2740,0.000920778296002147,1.19430494357604E-05,0.00226171562581095,0.035714711694421,-0.0254648479785494,0.125981848336286,Phase 1
1416,North Mendoza (16),2710,0.00122068290018871,1.38104772651516E-05,0.00281830182741363,0.0559032240759001,-0.0253391393721162,0.163449253856431,Phase 1
1417,North Mendoza (16),2680,0.00154888554054924,9.48531963633204E-06,0.00328513690447167,0.0779966597086227,-0.0256302936162403,0.194874932561357,Phase 1
1418,North Mendoza (16),2650,0.00177950778628472,2.47423936024864E-05,0.00379826490351969,0.0935213298820053,-0.0246032416057975,0.229416886294153,Phase 1
1419,North Mendoza (16),2620,0.00185964088413861,3.36743114768201E-05,0.00402165729983,0.0989156053136125,-0.0240019766299381,0.244454868692161,Phase 1
1420,North Mendoza (16),2590,0.00184708733463568,7.64640743141469E-05,0.00366385494232621,0.0980705449643101,-0.0211215218293691,0.220368885270265,Phase 1
1421,North Mendoza (16),2560,0.00184926957358888,0.000186069686590469,0.00355398907462644,0.0982174455370621,-0.0137432614437978,0.212973105414284,Phase 1
1422,North Mendoza (16),2530,0.00195033350049524,0.000223693235081047,0.00351220351542807,0.105020710012457,-0.0112105778372977,0.210160250034717,Phase 1
1423,North Mendoza (16),2500,0.00217137488880903,0.000405102287372689,0.00420474309677575,0.119900430905359,0.00100123500977683,0.256779554031813,Phase 1
1424,North Mendoza (16),2470,0.00246812150417796,0.000499626016859201,0.00442134564025397,0.13987635870009,0.007364236632436,0.271360467661767,Phase 1
1425,North Mendoza (16),2440,0.00277824862213026,0.000856684322116463,0.00495095813187007,0.160753014387302,0.0314001331007412,0.307012098864223,Phase 1
1426,North Mendoza (16),2410,0.00308459474608009,0.000723318817995475,0.00527371240690705,0.181375146992282,0.0224224412159781,0.328738769901611,Phase 1
1427,North Mendoza (16),2380,0.00342460496770045,0.00113266600560507,0.00579830516644386,0.204263427042634,0.0499782394598727,0.364052490575786,Phase 2
1428,North Mendoza (16),2350,0.00382600054983081,0.00134186680777634,0.00658668057370565,0.231283951458021,0.0640608941637096,0.417123121865119,Phase 2
1429,North Mendoza (16),2320,0.00424283548801947,0.00160416342027761,0.00712122616530947,0.259343798466639,0.0817177701675466,0.453106831831258,Phase 2
1430,North Mendoza (16),2290,0.00458101979779544,0.00226649148546528,0.00727440734944246,0.28210916461916,0.126303342239407,0.463418444888571,Phase 2
1431,North Mendoza (16),2260,0.00478787259070105,0.00244551498272732,0.00713974621277346,0.296033759681798,0.138354567997855,0.454353535624107,Phase 2
1432,North Mendoza (16),2230,0.00491008120088886,0.0027366853147932,0.00735512451365106,0.304260409107844,0.157955120213368,0.468852037591968,Phase 2
1433,North Mendoza (16),2200,0.00505224342428483,0.00264051071654375,0.00742262738953105,0.313830264879124,0.151480987971187,0.473396091355948,Phase 2
1434,North Mendoza (16),2170,0.00528594824620804,0.0028856797850057,0.00779737692177536,0.329562443128955,0.167984898565106,0.498622898367425,Phase 2
1435,North Mendoza (16),2140,0.00561886689543338,0.00308448883797902,0.0082207786400146,0.351973343722299,0.181368017635213,0.527124797677031,Phase 2
1436,North Mendoza (16),2110,0.00604216131801199,0.00338751442959578,0.00882459200496329,0.380468020269257,0.201766623801508,0.567771368033737,Phase 2
1437,North Mendoza (16),2080,0.00654518397664316,0.0042053199774206,0.00921208327815155,0.414329718389845,0.256818387587145,0.593855903773676,Phase 2
1438,North Mendoza (16),2050,0.00708571529345975,0.00493943383060718,0.0094053892207457,0.450716366109801,0.306236323849482,0.606868573005815,Phase 2
1439,North Mendoza (16),2020,0.00758090845580344,0.00534979670751949,0.00992863018518591,0.484051010358812,0.333860494688453,0.642091295637066,Phase 2
1440,North Mendoza (16),1990,0.00793952226416248,0.00555676287423245,0.0103152342778156,0.508191617769168,0.34779272167298,0.668116109533988,Phase 2
1441,North Mendoza (16),1960,0.00812197913426217,0.00587903054554171,0.0106755950307624,0.520473965988144,0.369486636276339,0.692374315047029,Phase 2
1442,North Mendoza (16),1930,0.00817636099181706,0.00597280564199477,0.0105585476657153,0.52413475941795,0.375799242583108,0.68449510230576,Phase 2
1443,North Mendoza (16),1900,0.00824176235180224,0.00600766764293331,0.0108713344367868,0.528537346598656,0.378146028620288,0.70555079639111,Phase 2
1444,North Mendoza (16),1870,0.0084999087974499,0.00581711064156333,0.0115997802362718,0.545914848115607,0.365318408344267,0.754587179417064,Phase 2
1445,North Mendoza (16),1840,0.00906826603503789,0.00601070176309687,0.0119364606646684,0.584174637955348,0.378350274809355,0.777251309618471,Phase 2
1446,North Mendoza (16),1810,0.00986562180288036,0.00686772820299618,0.01292430795794,0.637849795211413,0.43604224969614,0.843749679542858,Phase 2
1447,North Mendoza (16),1780,0.0105745800604919,0.00800755008800174,0.0131585061091897,0.685574346158418,0.512771009164605,0.859515066970132,Phase 2
1448,North Mendoza (16),1750,0.0108242793578818,0.00815629033792002,0.0135199915793504,0.702383215667695,0.522783674309391,0.883848984449852,Phase 2
1449,North Mendoza (16),1720,0.0104362332893783,0.00774264081142542,0.0134193108551165,0.676261333078342,0.49493825789813,0.877071515816836,Phase 2
1450,North Mendoza (16),1690,0.00955905091254393,0.00667647971561016,0.0122041696158331,0.617212532131891,0.423168081038396,0.795272525030888,Phase 2
1451,North Mendoza (16),1660,0.00859231854580777,0.00555145635233282,0.0114958187520118,0.55213554403974,0.34743550547297,0.747588861675752,Phase 2
1452,North Mendoza (16),1630,0.00794844489764398,0.00527458682890755,0.0109566268173524,0.508792257752689,0.32879763288383,0.711292376403741,Phase 2
1453,North Mendoza (16),1600,0.0077938925372911,0.00519605883062192,0.0107870804771831,0.498388341984094,0.323511407052179,0.699879119188078,Phase 2
1454,North Mendoza (16),1570,0.00805230650980385,0.0056883922123477,0.0105793332919778,0.51578385245907,0.356653541030901,0.685894316813639,Phase 2
1455,North Mendoza (16),1540,0.00853907695520698,0.00626273713207609,0.0109107124958424,0.548551509329873,0.395316400357873,0.708201587415001,Phase 2
1456,North Mendoza (16),1510,0.00909617932897403,0.0066501843060775,0.0115764952248513,0.586053661726143,0.421397967497238,0.753019715180758,Phase 2
1457,North Mendoza (16),1480,0.0096573883060637,0.00733526402653992,0.0120642022169653,0.623832256067176,0.467515100164706,0.78585041704855,Phase 2
1458,North Mendoza (16),1450,0.010209231578426,0.00773846312330499,0.0125573220602429,0.660980384442663,0.494657030777346,0.819045492824611,Phase 2
1459,North Mendoza (16),1420,0.0107099958861018,0.00826045120512156,0.0131185293728613,0.694690058400943,0.529795413801912,0.856823975119355,Phase 2
1460,North Mendoza (16),1390,0.0110734240242872,0.00891462071284941,0.0135305962124435,0.719154749389713,0.573831780773239,0.884562850671018,Phase 2
1461,North Mendoza (16),1360,0.0112362695390416,0.00878218916330568,0.0137807703169201,0.730116930846734,0.564916959392241,0.901403682506366,Phase 2
1462,North Mendoza (16),1330,0.0112435334865383,0.00870917475676699,0.0138729624230376,0.730605913983128,0.560001888966994,0.907609727528169,Phase 2
1463,North Mendoza (16),1300,0.011257991587573,0.00870314771688991,0.0139542602733129,0.731579181974607,0.559596170056769,0.913082409954374,Phase 3
1464,North Mendoza (16),1270,0.0114439913798554,0.00899235248105014,0.0143951328994577,0.744100027126788,0.57906440722461,0.942760388709389,Phase 3
1465,North Mendoza (16),1240,0.0118457230691021,0.00924711903896874,0.0145973295003985,0.771143177079042,0.59621438670851,0.956371545472577,Phase 3
1466,North Mendoza (16),1210,0.0124188858233893,0.00931959962723357,0.0152336302408867,0.809726457228793,0.601093522384237,0.99920505052174,Phase 3
1467,North Mendoza (16),1180,0.013108868600985,0.0100012562382823,0.0160369352426034,0.85617364628173,0.646980223488414,1.05328068906436,Phase 3
1468,North Mendoza (16),1150,0.0138394548547875,0.0109094834327704,0.0171854446277882,0.905354117087219,0.708118851255904,1.13059426017788,Phase 3
1469,North Mendoza (16),1120,0.0144804834060856,0.0111504499217454,0.0175283959058691,0.948505881562012,0.724339859130684,1.15368052169947,Phase 3
1470,North Mendoza (16),1090,0.0149222379761589,0.0115579992466651,0.0181807164653595,0.978243229648711,0.751774631646168,1.19759242404483,Phase 3
1471,North Mendoza (16),1060,0.0151550148670212,0.0115949562421781,0.0184810434237563,0.993912942876498,0.754262445274507,1.21780936781111,Phase 3
1472,North Mendoza (16),1030,0.0152454393828444,0.0118883693695221,0.0188192308059566,1,0.774013974499404,1.24057494078832,Phase 3
1473,North Mendoza (16),1000,0.0152451995727921,0.0118336480846805,0.0186493681330188,0.999983856839337,0.770330332030661,1.22914038917462,Phase 3
1474,North Mendoza (16),970,0.0151248825471865,0.0116618121571884,0.0183541222944372,0.991884542166493,0.758762947931415,1.2092654883409,Phase 3
1475,North Mendoza (16),940,0.0148252273157837,0.0115893749751253,0.0179243696534643,0.971712816674788,0.753886734206966,1.18033606747793,Phase 3
1476,North Mendoza (16),910,0.0143872942902079,0.0112115669769072,0.01749342638429,0.942232721385564,0.728454042132978,1.15132649775479,Phase 3
1477,North Mendoza (16),880,0.0139433289626092,0.0111919007891144,0.016622633330109,0.912346552957162,0.727130184245473,1.09270780330786,Phase 3
1478,North Mendoza (16),850,0.0135646141050662,0.011292723729573,0.0159474967807272,0.886852814335522,0.733917226369438,1.04726000958908,Phase 3
1479,North Mendoza (16),820,0.0131668165236257,0.0106133830382237,0.0154185576251535,0.860074494542747,0.688186424750879,1.01165370497661,Phase 3
1480,North Mendoza (16),790,0.012633185408504,0.0100351812216382,0.0153098754063966,0.824152343884218,0.649263932831184,1.00433760416191,Phase 3
1481,North Mendoza (16),760,0.0119980199004469,0.00940958043406055,0.0147136289882193,0.781395258648797,0.607150710594632,0.964200413776215,Phase 3
1482,North Mendoza (16),730,0.0114158950104832,0.0087915231885037,0.0137525979576681,0.742208679368111,0.565545292804428,0.899507219378972,Phase 3
1483,North Mendoza (16),700,0.0110079833721979,0.00879145574119447,0.013011200761946,0.714749517204168,0.565540752491214,0.849598994375137,Phase 3
1484,North Mendoza (16),670,0.0108218950958668,0.00869774148548228,0.0127760633843086,0.702222715620211,0.559232241766951,0.833770381564549,Phase 3
1485,North Mendoza (16),640,0.0108931097377267,0.00910322158030689,0.0129012957687702,0.707016632281918,0.586527721064488,0.84220058073112,Phase 3
1486,North Mendoza (16),610,0.0113050756874816,0.00973164494100356,0.012926922324877,0.734748716288873,0.628830948894706,0.84392566943611,Phase 3
1487,North Mendoza (16),580,0.012145394892573,0.0106117339497438,0.0135598771800875,0.791316019489825,0.688075413973684,0.886533941376429,Phase 3
1488,North Mendoza (16),550,0.0132980597116219,0.0115198785571299,0.0150454910522097,0.868909319646657,0.749208482270904,0.986540188805624,Phase 3
1489,North Mendoza (16),520,0.0142949922422378,0.012369533446015,0.0163519700921161,0.936019275468875,0.806404230534816,1.07448771580286,Phase 3
1490,North Mendoza (16),490,0.0145593840593987,0.0123476078901219,0.0168112761918345,0.953817193206056,0.804928280014418,1.10540657050403,Phase 4
1491,North Mendoza (16),460,0.0139320794305654,0.0114266161532188,0.0164252517590151,0.911589274429985,0.742930388604444,1.07942077724598,Phase 4
1492,North Mendoza (16),430,0.0128358257608993,0.0104527988032323,0.0152018610706301,0.837793372418657,0.6773764646131,0.997066462857125,Phase 4
1493,North Mendoza (16),400,0.0118536687884619,0.00956222240563291,0.0144518263826113,0.771678054674909,0.617426025778206,0.946576792561209,Phase 4
1494,North Mendoza (16),370,0.0111964635807374,0.00894153284233294,0.0134025780047352,0.72743733516576,0.57564340971026,0.875945119781614,Phase 4
1495,North Mendoza (16),340,0.0106307083174776,0.00812814462808033,0.0129542977935101,0.689352700992884,0.52088900512575,0.845768488718424,Phase 4
1496,North Mendoza (16),310,0.00977466344984531,0.00667505631893612,0.012516381378757,0.631726802063549,0.423072263031682,0.816289511610764,Phase 4
1497,North Mendoza (16),280,0.0084709134872962,0.00557039616273579,0.0116458684920147,0.543962986857489,0.348710466215438,0.757689677040362,Phase 4
1498,North Mendoza (16),250,0.00689170111404846,0.00409848144593345,0.00980356360069277,0.437656020891524,0.249626397248759,0.633672257535275,Phase 4
1499,North Mendoza (16),220,0.00529155838167556,0.00297696706491745,0.00793888994110782,0.329940097515606,0.17413003390162,0.508149052027795,Phase 4
1500,NE US_Canada (8),2380,0.00408337470341844,0.00264195966886771,0.0056704121513166,0.07379193868753,0.0225372371470271,0.130224769465499,Woodland
1501,NE US_Canada (8),2350,0.0035429300272302,0.00220103831860638,0.00508524633906451,0.0545744822900282,0.00685869094848246,0.109417092051453,Woodland
1502,NE US_Canada (8),2320,0.00296912694825845,0.00188516511024804,0.00420725830757808,0.0341708477706441,-0.0043733183139252,0.0781970662911443,Woodland
1503,NE US_Canada (8),2290,0.00252519278719387,0.00170145531995619,0.00343356703524458,0.0183851702360049,-0.0109057813768016,0.0506856873354603,Woodland
1504,NE US_Canada (8),2260,0.00229019166929092,0.0016950543285644,0.00294967242070138,0.0100288593393625,-0.0111333916732711,0.0334790719950014,Woodland
1505,NE US_Canada (8),2230,0.00221948482607507,0.00157893195053901,0.00278059665930107,0.00751462294038606,-0.0152625409364598,0.0274669745209335,Woodland
1506,NE US_Canada (8),2200,0.00219723557226477,0.00152805319012187,0.00278125625393769,0.00672347061006408,-0.0170717184581471,0.0274904287831879,Woodland
1507,NE US_Canada (8),2170,0.00213497599989836,0.00144528270274271,0.00289138090741447,0.00450960734154749,-0.0200149211619426,0.0314063073545274,Woodland
1508,NE US_Canada (8),2140,0.00204388307860766,0.00132530513550156,0.00283613653368717,0.00127047053410985,-0.0242811555587673,0.0294418947326848,Woodland
1509,NE US_Canada (8),2110,0.00200815415474743,0.00126263460819538,0.00276280502780318,0,-0.0265096318098601,0.026834329002131,Woodland
1510,NE US_Canada (8),2080,0.00210536618906095,0.00138732689020084,0.00284525990214154,0.00345672390356149,-0.0220757487536963,0.0297663089478581,Woodland
1511,NE US_Canada (8),2050,0.00234801317394864,0.00171943483746501,0.0030421692369175,0.0120849111307039,-0.0102664548943745,0.0367681293414039,Woodland
1512,NE US_Canada (8),2020,0.00267766782974699,0.00202635147260146,0.00329180206110019,0.0238069693785894,0.00064707115791714,0.0456447232380291,Woodland
1513,NE US_Canada (8),1990,0.00299186608796494,0.00229794580825803,0.0037279339916274,0.0349794197578976,0.0103045856700422,0.0611529643730488,Woodland
1514,NE US_Canada (8),1960,0.00319397452089053,0.00239633455981547,0.00400254792207274,0.0421661128061278,0.0138031519921222,0.0709178514503002,Woodland
1515,NE US_Canada (8),1930,0.00324166684285409,0.00237316746134865,0.00416212540907503,0.0438619850354455,0.0129793623902284,0.076592203578475,Woodland
1516,NE US_Canada (8),1900,0.00317170994104201,0.00233523164280532,0.00393557324554841,0.0413744155033335,0.0116304177694733,0.0685363256761528,Woodland
1517,NE US_Canada (8),1870,0.0030728634840945,0.00234082256707692,0.00382496494818511,0.0378595738180865,0.0118292232127408,0.0646032494050106,Woodland
1518,NE US_Canada (8),1840,0.00302417073397657,0.00229412870508251,0.00387860599065682,0.0361281277635789,0.0101688548227005,0.0665106498110745,Woodland
1519,NE US_Canada (8),1810,0.00305120822295762,0.0022323222639719,0.00392741846300829,0.0370895430360095,0.00797110426753677,0.06824635302067,Woodland
1520,NE US_Canada (8),1780,0.0031326022339101,0.00226726926792853,0.00403287505764467,0.0399838001642864,0.00921377082407787,0.0719962419520354,Woodland
1521,NE US_Canada (8),1750,0.00323188298849544,0.00233219356288782,0.00417057469527214,0.0435140848657872,0.0115223878990368,0.0768926483718775,Woodland
1522,NE US_Canada (8),1720,0.00331995980893268,0.00248798798762346,0.00424062577554054,0.0466459733475487,0.0170622196269528,0.0793835667581048,Woodland
1523,NE US_Canada (8),1690,0.00338487953151895,0.00250460004940379,0.00431233903089639,0.0489544278353211,0.0176529212972658,0.0819335897644261,Woodland
1524,NE US_Canada (8),1660,0.00343686928607782,0.00265022758852492,0.00420218511741864,0.0508031107539849,0.0228312328000716,0.0780166707483981,Woodland
1525,NE US_Canada (8),1630,0.00351126279847738,0.00273564594689576,0.00423524008280295,0.0534484399500809,0.0258685900909519,0.0791920590609894,Woodland
1526,NE US_Canada (8),1600,0.00365072908914078,0.00281473905870682,0.0044916391640917,0.0584076660796613,0.0286810304655932,0.0883092515917376,Woodland
1527,NE US_Canada (8),1570,0.00388062746163753,0.00295791151866686,0.00479140418885168,0.0665825304903414,0.0337720427890206,0.0989684763868663,Late
1528,NE US_Canada (8),1540,0.00418692307502676,0.00324872885655488,0.00519696329159986,0.0774739738783477,0.0441131003602011,0.113389590549083,Late
1529,NE US_Canada (8),1510,0.0045003721228836,0.00355314132577307,0.00549626251168377,0.0886197833856454,0.0549375817767206,0.124032251981769,Late
1530,NE US_Canada (8),1480,0.0047134706264419,0.0037954337064274,0.00560572396716264,0.0961972679662837,0.0635531597735506,0.127924548160369,Late
1531,NE US_Canada (8),1450,0.00475538526846764,0.00402354712900942,0.00557171888371544,0.0976876939821855,0.0716645538630875,0.126715374979038,Late
1532,NE US_Canada (8),1420,0.0046521403516794,0.00384637610898214,0.00540079322429662,0.0940164492201209,0.0653646003205915,0.120637497720143,Late
1533,NE US_Canada (8),1390,0.00451201034621474,0.003669985265357,0.00534529648627701,0.0890336223209976,0.059092388759192,0.11866411137722,Late
1534,NE US_Canada (8),1360,0.00444104615395451,0.00359844402377759,0.00522924204846117,0.0865102349501322,0.0565484823220479,0.114537377972808,Late
1535,NE US_Canada (8),1330,0.00445552123199981,0.00373194237280089,0.00523905011098461,0.0870249484692808,0.0612954967983275,0.11488613895093,Late
1536,NE US_Canada (8),1300,0.0044906126091185,0.00366246089290224,0.00540670117930106,0.0882727487334316,0.0588248326041611,0.120847576332624,Late
1537,NE US_Canada (8),1270,0.00450935450135894,0.00359497356057399,0.00538531600794611,0.0889391841944628,0.0564250775070268,0.120087149565234,Late
1538,NE US_Canada (8),1240,0.00456600120772972,0.00351355794303291,0.00557512381588077,0.0909534618027103,0.053530052078695,0.126836449602041,Late
1539,NE US_Canada (8),1210,0.00475626850467225,0.00379398341082596,0.00588142318413271,0.0977191006256378,0.0635015892914789,0.137728026507711,Late
1540,NE US_Canada (8),1180,0.00513680053760546,0.00401790498771938,0.00633579830787888,0.111250287207629,0.071463927214316,0.153884970064428,Late
1541,NE US_Canada (8),1150,0.00568139390388208,0.00454098273687926,0.00688315417103986,0.130615265219077,0.0900638399896288,0.1733481785993,Late
1542,NE US_Canada (8),1120,0.00629138622343493,0.00506088219502374,0.00750251306197669,0.152305738491007,0.108550737184072,0.195371714042246,Late
1543,NE US_Canada (8),1090,0.00685415422140704,0.00559498169321105,0.00790743604537151,0.172316980972321,0.127542567931179,0.209770208690431,Late
1544,NE US_Canada (8),1060,0.00730550756668531,0.00609081210703429,0.00831932415904444,0.188366474315337,0.145173603591311,0.224416373624437,Late
1545,NE US_Canada (8),1030,0.0076579475736983,0.00652804520359605,0.00891499552884647,0.200898747767039,0.160721000649569,0.245597613963686,Late
1546,NE US_Canada (8),1000,0.00799916032407181,0.00664549705038375,0.00929197945987968,0.213031795683844,0.164897423961513,0.259002635007257,Late
1547,NE US_Canada (8),970,0.00844875140546513,0.00697067612057591,0.00980863452484294,0.22901862538919,0.17646033664829,0.277374166120318,Late
1548,NE US_Canada (8),940,0.00907851485389158,0.00746908620293879,0.0106933903809052,0.251412132336532,0.194183101711754,0.308834846251782,Late
1549,NE US_Canada (8),910,0.00984231683797949,0.00826619580332834,0.0115462356465904,0.27857186204108,0.222527203641959,0.339160830444495,Late
1550,NE US_Canada (8),880,0.0105994518112108,0.00927789238723223,0.0121125692986069,0.305494522169255,0.258501718417089,0.359298862593922,Late
1551,NE US_Canada (8),850,0.0112056958379826,0.010101476588263,0.0125189196907936,0.327051711395176,0.287787220098057,0.373748113901256,Late
1552,NE US_Canada (8),820,0.0116102100905547,0.010421343881222,0.0129673207184904,0.341435672147275,0.299161253419619,0.389692626962492,Late
1553,NE US_Canada (8),790,0.011885261697843,0.0104953237106547,0.0132492287580022,0.351216122400585,0.301791872628315,0.399716882350914,Late
1554,NE US_Canada (8),760,0.0121825622483833,0.010795717717281,0.013576364448009,0.361787713941199,0.312473463138422,0.411349369700242,Late
1555,NE US_Canada (8),730,0.0126850825373922,0.0113177240483865,0.014003277708138,0.379656632201254,0.331035277787044,0.426529807816329,Late
1556,NE US_Canada (8),700,0.013587487700682,0.0123179104261158,0.01481690591244,0.41174489699963,0.366600505737765,0.455461288185848,Late
1557,NE US_Canada (8),670,0.0149932577695713,0.013715721936739,0.0162588227168214,0.461732113442083,0.416304726985325,0.506733831959364,Late
1558,NE US_Canada (8),640,0.016763767885309,0.0155434384810722,0.0179036769157004,0.524688975540349,0.481295769630885,0.565222545494576,Late
1559,NE US_Canada (8),610,0.0185680765573256,0.0175285761810342,0.0195404864731681,0.588847667002853,0.551884488278508,0.623425202838717,Late
1560,NE US_Canada (8),580,0.020226039551022,0.0193515910184412,0.0211256076418147,0.647802510937579,0.616708344805249,0.679789893408105,Late
1561,NE US_Canada (8),550,0.0219335922425462,0.0207259332655328,0.0230658319047211,0.708520695132204,0.665578031884059,0.748781553085018,Late
1562,NE US_Canada (8),520,0.0239961118363934,0.0223297526894173,0.0257514046404688,0.78186100563967,0.722607606243731,0.844276761430034,Late
1563,NE US_Canada (8),490,0.0263708751323448,0.0243699115154815,0.0284840815040372,0.866304265246204,0.795152799140053,0.941446926643756,Late
1564,NE US_Canada (8),460,0.0285301415998414,0.0261616800809301,0.0310123028687296,0.943084759194952,0.858865581961379,1.03134694042849,Late
1565,NE US_Canada (8),430,0.0298559453582583,0.0274596445248187,0.0320398949537105,0.990228485540304,0.905019381239896,1.06788667697806,Late
1566,NE US_Canada (8),400,0.030130745667873,0.0279630418820247,0.0319839677846692,1,0.922919486817689,1.06589798511034,Historic
1567,NE US_Canada (8),370,0.0292581750457572,0.0271835318312435,0.031209656721993,0.968972609735896,0.895201200243088,1.0383645672774,Historic
1568,NE US_Canada (8),340,0.026754628583788,0.0245589586632136,0.0290612606317314,0.879950000962419,0.80187505116451,0.961970608731334,Historic
1569,NE US_Canada (8),310,0.0221894537852772,0.019771604177998,0.024618912677071,0.717618773544062,0.631643425000853,0.8040069319988,Historic
1570,N Sea Basin (28),6780,0.00141629458787639,0.0012008405329492,0.00166328926357504,0.00201890036856313,-0.0784137551703056,0.0942262049705464,Mesolithic
1571,N Sea Basin (28),6750,0.00141088658203614,0.00116758424134315,0.00163295195099218,0,-0.0908288932755209,0.0829007712776124,Mesolithic
1572,N Sea Basin (28),6720,0.00141840495607291,0.001209518147779,0.00161980102922589,0.00280673663494555,-0.0751742542718906,0.0779913089757562,Mesolithic
1573,N Sea Basin (28),6690,0.00143968349561551,0.00120643520203455,0.00164259428145923,0.0107503766002205,-0.0763251702441692,0.0865004168972313,Mesolithic
1574,N Sea Basin (28),6660,0.00147260388891575,0.00123197063976109,0.00170220434010293,0.0230401181667796,-0.0667923579358248,0.108753863531878,Mesolithic
1575,N Sea Basin (28),6630,0.00151200503963155,0.00128251411989658,0.0017720090241304,0.0377492364724434,-0.0479236189425056,0.134813136852489,Mesolithic
1576,N Sea Basin (28),6600,0.00154792106412607,0.00134177269474098,0.00177352905365083,0.0511572980077404,-0.0258013871757589,0.135380589671453,Mesolithic
1577,N Sea Basin (28),6570,0.00157231042913926,0.00137003030491243,0.00179525077882843,0.0602622619202603,-0.0152523416911455,0.143489678356323,Mesolithic
1578,N Sea Basin (28),6540,0.00158799618570661,0.00136924309050214,0.00180032103702421,0.0661180210763112,-0.0155462221916524,0.145382491796723,Mesolithic
1579,N Sea Basin (28),6510,0.00160333982677084,0.00138368372331364,0.00182248720414558,0.0718460627084267,-0.0101552888667566,0.153657498202577,Mesolithic
1580,N Sea Basin (28),6480,0.00162350346738865,0.00139847348070339,0.00183545298159075,0.0793734919822465,-0.00463402141121779,0.158497842986962,Mesolithic
1581,N Sea Basin (28),6450,0.00165003678539764,0.00139405737899293,0.00187973678429482,0.0892788299367396,-0.00628262713284957,0.175029738151576,Mesolithic
1582,N Sea Basin (28),6420,0.00168006206294363,0.00143178743256495,0.00189794987834017,0.100487775654339,0.0078026422460289,0.181828995283876,Mesolithic
1583,N Sea Basin (28),6390,0.00170955124500485,0.00149692289501689,0.00193912419096906,0.111496587828494,0.0321188159032489,0.197200065027022,Mesolithic
1584,N Sea Basin (28),6360,0.00173632883029623,0.00151499739574397,0.00194993316084827,0.121493114905378,0.0388663337975368,0.201235236940209,Mesolithic
1585,N Sea Basin (28),6330,0.00176295140967218,0.00154374425813791,0.00197274035038252,0.131431775643165,0.0495980254407343,0.209749547892665,Mesolithic
1586,N Sea Basin (28),6300,0.00179501730740454,0.001579294301218,0.00201492205458823,0.143402519511147,0.0628694599023364,0.225496694009581,Mesolithic
1587,N Sea Basin (28),6270,0.00184061031879232,0.00156600514063956,0.0020753595751663,0.160423164498186,0.0579083907056227,0.248059046228583,Mesolithic
1588,N Sea Basin (28),6240,0.00190699879201906,0.00162882992109475,0.00214482704181409,0.185207108344598,0.08136194755497,0.273992430577873,Mesolithic
1589,N Sea Basin (28),6210,0.00199708360698269,0.00172290728885673,0.00225710131140137,0.218837298752019,0.116482625686371,0.315906321011001,Mesolithic
1590,N Sea Basin (28),6180,0.00210104663118338,0.00182629805156799,0.00237306737930114,0.257648460218158,0.15508015222569,0.359198422413928,Mesolithic
1591,N Sea Basin (28),6150,0.00219731834297975,0.0019017126508196,0.00250333871513226,0.293588324221512,0.183233702114813,0.40783092313448,Mesolithic
1592,N Sea Basin (28),6120,0.00226613510538332,0.00195225752680046,0.00253853207506847,0.319278789632235,0.202102962200901,0.420969201724604,Mesolithic
1593,N Sea Basin (28),6090,0.002298387204594,0.00198285750788124,0.00261988729732417,0.331319045672415,0.2135264545023,0.451340487009494,Mesolithic
1594,N Sea Basin (28),6060,0.00231198409330119,0.00199458311492799,0.00262612793201122,0.336394995002564,0.217903822627929,0.45367022185852,Neolithic
1595,N Sea Basin (28),6030,0.00233777311900698,0.00202852645895241,0.00268678335659799,0.346022476007633,0.230575449062045,0.476313921342387,Neolithic
1596,N Sea Basin (28),6000,0.00239665477037681,0.00207278859445323,0.00272462217427194,0.368003995843914,0.247099255491938,0.490439794206534,Neolithic
1597,N Sea Basin (28),5970,0.00249531312466767,0.0021913478836458,0.00278654483665406,0.404834833998204,0.291359450417402,0.513556575067835,Neolithic
1598,N Sea Basin (28),5940,0.00263415049878359,0.00232617796741641,0.00292682203305351,0.456665182199172,0.341693809117977,0.565924433364902,Neolithic
1599,N Sea Basin (28),5910,0.00280172594941885,0.00245189950004552,0.00314551084073942,0.51922394212723,0.388627791080828,0.647564677011051,Neolithic
1600,N Sea Basin (28),5880,0.002967455475688,0.00261784593392,0.00329556656751915,0.581093587159121,0.450578411403295,0.703583026667025,Neolithic
1601,N Sea Basin (28),5850,0.00309112433893915,0.00273627306957375,0.00343722511772656,0.627261272803861,0.494789271169715,0.756466567785891,Neolithic
1602,N Sea Basin (28),5820,0.00316932033160201,0.00282209017029527,0.00347695327459096,0.656453164061127,0.526826251415975,0.771297763037,Neolithic
1603,N Sea Basin (28),5790,0.00323573478589855,0.00295465926649328,0.00354241793730461,0.681246807081869,0.576316545080659,0.795736832739332,Neolithic
1604,N Sea Basin (28),5760,0.00333942313741891,0.00301067709776212,0.00369610329112348,0.719955428574505,0.597228952266515,0.853110183773544,Neolithic
1605,N Sea Basin (28),5730,0.00350747130918082,0.00311481654350553,0.00386097933588004,0.78269066332249,0.636105974888896,0.914661209670908,Neolithic
1606,N Sea Basin (28),5700,0.0037002678221795,0.00329615141902398,0.00404686878101091,0.854664873900047,0.703801361660281,0.984056894581901,Neolithic
1607,N Sea Basin (28),5670,0.00385581488271504,0.00352088708331299,0.00423414177784143,0.912733231649762,0.787698999507782,1.05396908282497,Neolithic
1608,N Sea Basin (28),5640,0.00394895869160525,0.00362223393143705,0.00430617482458544,0.947505396409326,0.825533498040975,1.08086024176896,Neolithic
1609,N Sea Basin (28),5610,0.00398570512441498,0.00362640163766729,0.00431642144786333,0.961223463462953,0.827089373513902,1.08468548015135,Neolithic
1610,N Sea Basin (28),5580,0.00399275174848887,0.0036049600117814,0.00436711540256634,0.963854087829892,0.81908485064866,1.10361039385468,Neolithic
1611,N Sea Basin (28),5550,0.00399855602729174,0.00362930051560981,0.00435317987139882,0.966020923621218,0.828171573851594,1.09840802354642,Neolithic
1612,N Sea Basin (28),5520,0.00401086722785016,0.0036407359126589,0.00435052273588491,0.970616903743848,0.832440601659452,1.09741606976034,Neolithic
1613,N Sea Basin (28),5490,0.00402492229901414,0.0036677415449153,0.00437250798383288,0.975863900361704,0.84252226253895,1.10562353596808,Neolithic
1614,N Sea Basin (28),5460,0.00403751125965624,0.00364469401333877,0.00435815563988068,0.980563573037909,0.833918227822858,1.10026556237286,Neolithic
1615,N Sea Basin (28),5430,0.00404917461233141,0.00365830008329198,0.00443662718881279,0.984917700550002,0.838997604667979,1.12956032346237,Neolithic
1616,N Sea Basin (28),5400,0.00406354756244507,0.00366670762104247,0.00448742206173719,0.990283366775032,0.842136281208755,1.1485229116506,Neolithic
1617,N Sea Basin (28),5370,0.00408044029777308,0.00367271431973563,0.00451929009046532,0.996589711588114,0.844378683780736,1.16041978766094,Neolithic
1618,N Sea Basin (28),5340,0.00408957539920532,0.00369394965003805,0.00449550638578374,1,0.852306193003275,1.15154092702989,Neolithic
1619,N Sea Basin (28),5310,0.00407857752311205,0.00368171785397407,0.00451504196479529,0.995894306190857,0.847739855926127,1.1588338902462,Neolithic
1620,N Sea Basin (28),5280,0.00404523909143305,0.00360774181825213,0.00447060439206526,0.983448503802271,0.820123346218921,1.142244590121,Neolithic
1621,N Sea Basin (28),5250,0.00399664659902037,0.00350502261211595,0.00444370754651132,0.965308101639383,0.781776523147199,1.13220354116393,Neolithic
1622,N Sea Basin (28),5220,0.00395231723167467,0.00352338590116757,0.00437877276367187,0.948759196420693,0.788631850624554,1.10796228461213,Neolithic
1623,N Sea Basin (28),5190,0.00392916154920846,0.0035240040932716,0.00435469207214141,0.940114787141873,0.788862632229371,1.09897255374973,Neolithic
1624,N Sea Basin (28),5160,0.00392625472434183,0.00349248824019145,0.00435443026997838,0.939029620082529,0.777097229365796,1.09887481855879,Neolithic
1625,N Sea Basin (28),5130,0.00393102269029922,0.00349138761377744,0.00437142430527959,0.94080958269962,0.776686346844856,1.1052189803712,Neolithic
1626,N Sea Basin (28),5100,0.00393091282562683,0.0034628898599839,0.00438306288596957,0.940768568352719,0.766047651670229,1.10956386008077,Neolithic
1627,N Sea Basin (28),5070,0.00391494911126854,0.00344768122352521,0.00439836742936479,0.93480904283562,0.760370009548752,1.11527730588945,Neolithic
1628,N Sea Basin (28),5040,0.00387689896354307,0.00347415329530174,0.0043384059166536,0.920604276876398,0.770252483245159,1.09289265548629,Neolithic
1629,N Sea Basin (28),5010,0.00381690092727799,0.00337813918550673,0.00428813566595356,0.898205991610666,0.734408786441109,1.07412591767866,Neolithic
1630,N Sea Basin (28),4980,0.00374177979072932,0.00329938655926177,0.00418281543778718,0.870161996329402,0.705009094420077,1.03480808893673,Neolithic
1631,N Sea Basin (28),4950,0.00366041345850306,0.00323398463618616,0.00407886304842089,0.839786563503934,0.680593446489486,0.99600089763478,Neolithic
1632,N Sea Basin (28),4920,0.00358073949689629,0.00310351032820485,0.00399085021108098,0.810042921354796,0.631885172820282,0.963144211641325,Neolithic
1633,N Sea Basin (28),4890,0.00351225795343306,0.00306867529026648,0.00389896149503718,0.784477598864073,0.618880661913643,0.928840594343624,Neolithic
1634,N Sea Basin (28),4860,0.00346925485275866,0.00300589647037999,0.00392499073516654,0.76842381150409,0.595444262924667,0.938557751470097,Neolithic
1635,N Sea Basin (28),4830,0.00346396698853386,0.00299438644714821,0.00392792352027348,0.766449762039697,0.591147375896205,0.939652609927766,Neolithic
1636,N Sea Basin (28),4800,0.00348397259435196,0.003042609214597,0.00394807112846092,0.773918194240509,0.609149753454847,0.947174054023213,Neolithic
1637,N Sea Basin (28),4770,0.00350637368995287,0.00309172220796389,0.00396779638320091,0.782280903435145,0.627484467458239,0.954537826408256,Neolithic
1638,N Sea Basin (28),4740,0.00351564691117639,0.00309634955207872,0.00396186278259922,0.785742754309379,0.629211933554779,0.95232271259449,Neolithic
1639,N Sea Basin (28),4710,0.00351460993046908,0.00313309811331133,0.00391108588030825,0.785355631810991,0.642930795184793,0.933366833148727,Neolithic
1640,N Sea Basin (28),4680,0.00352018868676411,0.0031746246566945,0.00390389765685974,0.787438276222417,0.658433358646811,0.930683347331924,Neolithic
1641,N Sea Basin (28),4650,0.00353890116241715,0.00320154873507522,0.0039154663110084,0.794423960984716,0.668484574080327,0.935002122276778,Neolithic
1642,N Sea Basin (28),4620,0.00356333167736916,0.00316227872929788,0.0039320786956473,0.803544286867821,0.653824414406073,0.941203807419311,Neolithic
1643,N Sea Basin (28),4590,0.00357723918829417,0.00316430384054882,0.00396702137554787,0.80873619674398,0.654580422807633,0.954248502897414,Neolithic
1644,N Sea Basin (28),4560,0.00355908025110259,0.00315799624275911,0.00398826292293907,0.801957157284379,0.65222568949584,0.962178333064711,Neolithic
1645,N Sea Basin (28),4530,0.00349112315359692,0.00305299951321916,0.00390475340693685,0.776587619370868,0.613028628281801,0.931002813360087,Neolithic
1646,N Sea Basin (28),4500,0.00337906842650478,0.00293404332792831,0.00380924136301161,0.7347556878774,0.568620265306453,0.895346546266631,Neolithic
1647,N Sea Basin (28),4470,0.00323932085830284,0.00282432307183042,0.00368384290026552,0.682585548775679,0.527659831457386,0.848533171774475,Neolithic
1648,N Sea Basin (28),4440,0.00307803827828913,0.002672651064361,0.00352459992752132,0.622376024257579,0.471038096787322,0.789085067267701,Neolithic
1649,N Sea Basin (28),4410,0.00290191046519922,0.0024873396389853,0.00334083269104082,0.556624522268618,0.401858196461484,0.720481638865476,Neolithic
1650,N Sea Basin (28),4380,0.00272713798443014,0.00229201197222679,0.00315912001863181,0.491378988838651,0.328939063224902,0.652645214102618,Neolithic
1651,N Sea Basin (28),4350,0.00258624042835131,0.00217393324661361,0.00298764586284189,0.438779539744104,0.28485827084008,0.588631001368818,Neolithic
1652,N Sea Basin (28),4320,0.00250188824730171,0.00212242693367186,0.00289646178802502,0.407289438875,0.265630090018319,0.554590438600787,Neolithic
1653,NW Australia (33),4990,0.00171256069746449,0.000806766585906339,0.00261725802589614,0.00525615887913134,-0.0692066479111447,0.0796288021885492,HG
1654,NW Australia (33),4960,0.00177048889112372,0.000928674919272019,0.00265201930046913,0.0100182740630521,-0.0591849039433927,0.0824864295889523,HG
1655,NW Australia (33),4930,0.00178855467454957,0.00108062169337206,0.00260889020707436,0.0115034117158459,-0.0466937835686379,0.0789409071490125,HG
1656,NW Australia (33),4900,0.00174709491269802,0.00108492329506106,0.00251812979913703,0.00809512036472201,-0.0463401608950414,0.0714797472295485,HG
1657,NW Australia (33),4870,0.00167776542205312,0.0010133762884651,0.00245357729350988,0.00239573636466637,-0.0522218406946741,0.0661730658402489,HG
1658,NW Australia (33),4840,0.00164862276700827,0.000832626478971085,0.00251250507366371,0,-0.0670807782501188,0.0710173542410939,HG
1659,NW Australia (33),4810,0.00169554973793472,0.000841112551343268,0.00262211833496592,0.00385773535592784,-0.0663831619161253,0.0800283546371531,HG
1660,NW Australia (33),4780,0.00178716591900407,0.000929289189419866,0.00286023366058373,0.0113892459970099,-0.0591344065083216,0.0996031512261725,HG
1661,NW Australia (33),4750,0.00186249019250097,0.000983222541062762,0.00282670348199189,0.0175814443701806,-0.0547006961411515,0.0968467287916829,HG
1662,NW Australia (33),4720,0.00190899704166318,0.00110801737182065,0.00285353873138575,0.0214046426879895,-0.0444416612759719,0.0990527797753291,HG
1663,NW Australia (33),4690,0.00196777572655526,0.00109783111112628,0.00293178533947296,0.0262366743833337,-0.0452790453484902,0.105485215122,HG
1664,NW Australia (33),4660,0.0020898299834383,0.0011766578449112,0.00308519503375698,0.0362704143163287,-0.0387989194867334,0.118096598083604,HG
1665,NW Australia (33),4630,0.00229760704967906,0.0013376275303426,0.00324052290804674,0.0533511872442089,-0.0255660507449057,0.130865669271853,HG
1666,NW Australia (33),4600,0.00257909075191154,0.00161938139433647,0.00351371910821078,0.0764911770790881,-0.00240385166536082,0.153324366683408,HG
1667,NW Australia (33),4570,0.0028799818210262,0.00185001116731426,0.00389433042185901,0.101226592399754,0.0165555785254462,0.184613360891626,HG
1668,NW Australia (33),4540,0.00312330398031688,0.00199735770545314,0.00407500229409273,0.121229428258212,0.0286685263362654,0.199465891442343,HG
1669,NW Australia (33),4510,0.0032537547271671,0.0022901407496338,0.00406713565891599,0.131953420205615,0.0527374035480972,0.198819197311988,HG
1670,NW Australia (33),4480,0.0032499620857536,0.00236091593419063,0.00425115920955253,0.131641637736293,0.0585556340112382,0.213947259993183,HG
1671,NW Australia (33),4450,0.00311307436936793,0.00206975464607902,0.00407080396080233,0.120388480482208,0.0346200768412233,0.199120758175683,HG
1672,NW Australia (33),4420,0.00286391109555284,0.00188135360611915,0.00384875875727636,0.0999054628951214,0.0191321529757372,0.180867041488984,HG
1673,NW Australia (33),4390,0.00256667345152453,0.00160845036365012,0.00365686136753016,0.0754703854579276,-0.00330246120104882,0.165091692462207,HG
1674,NW Australia (33),4360,0.00232386285495622,0.00135035696759628,0.00343092127878323,0.055509603743642,-0.0245195992227826,0.146517788128031,HG
1675,NW Australia (33),4330,0.00221458743907095,0.00144141305609622,0.00321799673417669,0.0465263766767373,-0.017034132229201,0.129013855364911,HG
1676,NW Australia (33),4300,0.00226348263221587,0.00146403775664831,0.00323882834190879,0.0505459140900031,-0.0151742187186126,0.130726363717408,HG
1677,NW Australia (33),4270,0.00243338134327599,0.00155173760586272,0.0033733796599729,0.064512813117227,-0.00796465879295252,0.141787452183914,HG
1678,NW Australia (33),4240,0.00264138591026389,0.00179465255474025,0.0035872204597661,0.0816122882468139,0.0120047014335369,0.159366707729624,HG
1679,NW Australia (33),4210,0.00280103895478158,0.00184360454296166,0.00376730134240711,0.094736919612489,0.0160289078115851,0.174170654674755,HG
1680,NW Australia (33),4180,0.0028431341166787,0.00189885437570964,0.00389364429415254,0.0981974454286245,0.0205708424174865,0.18455695624714,HG
1681,NW Australia (33),4150,0.00275564077406943,0.00167239704208689,0.00382113167326432,0.0910048618348297,0.00195441682515783,0.178595895990557,HG
1682,NW Australia (33),4120,0.00258344648400808,0.00159765138012884,0.00349438054447354,0.0768492496624665,-0.00419021550770156,0.151734597312209,HG
1683,NW Australia (33),4090,0.00240230509595134,0.00146579115464055,0.00353161615029836,0.0619581215258652,-0.0150300767615649,0.154795632581562,HG
1684,NW Australia (33),4060,0.00227156416758249,0.00126218861683053,0.00330678578605358,0.0512102745654071,-0.0317676733538827,0.136312955602632,HG
1685,NW Australia (33),4030,0.00221389292334592,0.00129868939071063,0.00325529373591406,0.0464692824766478,-0.0287670465685594,0.132079937820944,HG
1686,NW Australia (33),4000,0.00222769892569371,0.00130132622427126,0.00326461582932803,0.0476042354115932,-0.0285502798381756,0.132846281112325,HG
1687,NW Australia (33),3970,0.00228472714106608,0.00136318746630338,0.00320442944565721,0.0522923658914458,-0.0234648397205308,0.12789852642779,HG
1688,NW Australia (33),3940,0.00234117655540428,0.00146720836173615,0.00332897284421635,0.0569329147531061,-0.0149135721201731,0.138136891753395,HG
1689,NW Australia (33),3910,0.00236167201570899,0.00146928975142771,0.00328811536779693,0.058617789363433,-0.0147424668806051,0.1347781126073,HG
1690,NW Australia (33),3880,0.00234143077562044,0.00143185591602463,0.00326510896122643,0.0569538134878146,-0.0178197980505366,0.132886820109879,HG
1691,NW Australia (33),3850,0.00230271869483977,0.00134054387026401,0.0033907743318413,0.053771401331633,-0.0253263065764113,0.143217419627938,HG
1692,NW Australia (33),3820,0.00226392279704642,0.0014008736873667,0.00333438146150332,0.0505820988126843,-0.0203667606296141,0.138581519090782,HG
1693,NW Australia (33),3790,0.00223093696948317,0.00146051272940791,0.00307685766011362,0.047870425957542,-0.0154640013733936,0.117411205857245,HG
1694,NW Australia (33),3760,0.00220324045338563,0.00147175100269669,0.0030372362280962,0.0455935726410776,-0.0145401342805519,0.114154038472935,HG
1695,NW Australia (33),3730,0.00217318311957144,0.00138156159978713,0.00290526376413625,0.0431226430866928,-0.0219543534697583,0.103304950407456,HG
1696,NW Australia (33),3700,0.00212409183451004,0.00132845316302736,0.00298526901504285,0.0390869855040605,-0.0263202498858589,0.109881958873782,HG
1697,NW Australia (33),3670,0.00204978034739723,0.00122845553511861,0.00288652656853136,0.0329780454739022,-0.0345407758877851,0.101764617832631,HG
1698,NW Australia (33),3640,0.00196702898657358,0.00108096634510214,0.00270680750390618,0.0261752869728078,-0.0466654507114689,0.0869904149371254,HG
1699,NW Australia (33),3610,0.00190757845448703,0.00109093724813327,0.00271817028634718,0.0212880245940263,-0.0458457705916082,0.0879245175799974,HG
1700,NW Australia (33),3580,0.00189646019922529,0.00112734473797631,0.00266065947124154,0.0203740238483427,-0.0428528124267138,0.0831967139225012,HG
1701,NW Australia (33),3550,0.00193589748730137,0.00119691231347148,0.0027365775419944,0.0236160532729875,-0.0371338561353614,0.0894377267114188,HG
1702,NW Australia (33),3520,0.00200925232205366,0.001287031360519,0.00275416599281729,0.0296463495816003,-0.0297254207052843,0.0908836241826578,HG
1703,NW Australia (33),3490,0.00209758063899347,0.00139015615326946,0.00287259114228665,0.0369075740855719,-0.0212478192063566,0.100619025320205,HG
1704,NW Australia (33),3460,0.00219655472804838,0.00147417803105979,0.0029924438233629,0.0450439578139469,-0.0143406150501108,0.110471779848411,HG
1705,NW Australia (33),3430,0.00231832455396527,0.00158069803885693,0.00311867820110953,0.0550543154707624,-0.00558390239467903,0.120849155855271,HG
1706,NW Australia (33),3400,0.00248574098047864,0.00169242822693086,0.00331872584106283,0.0688171528108498,0.00360112464516227,0.137294514212778,HG
1707,NW Australia (33),3370,0.0027067488808102,0.0018931743537456,0.00360381864381368,0.0869855956959607,0.0201039036588043,0.160731198132059,HG
1708,NW Australia (33),3340,0.00295283284856207,0.0020439901001386,0.00388747439145886,0.107215472122703,0.0325020454012746,0.184049745760417,HG
1709,NW Australia (33),3310,0.0031644688174798,0.00218151661624894,0.00411240616174893,0.124613474673508,0.0438077165985057,0.202540759047412,HG
1710,NW Australia (33),3280,0.00329645716106859,0.0023201822245089,0.00421108352105621,0.135463868158971,0.0552070293833449,0.210652749451096,HG
1711,NW Australia (33),3250,0.00334037546941015,0.00228507542065113,0.00437164725985707,0.139074269757815,0.0523209969844502,0.223852246452999,HG
1712,NW Australia (33),3220,0.00331969696088931,0.00227665459158204,0.00435266468446764,0.137374347264336,0.0516287441203783,0.222291741890683,HG
1713,NW Australia (33),3190,0.00328245398450477,0.00227666119438392,0.00435794117227305,0.134312706081832,0.0516292869182995,0.222725507232025,HG
1714,NW Australia (33),3160,0.0032600401160003,0.00230906040325641,0.00428680076637822,0.132470124485667,0.0542927354875108,0.216877252941636,HG
1715,NW Australia (33),3130,0.00324147129385496,0.00229499603147732,0.00436344520116166,0.130943633423197,0.053136542722456,0.223177978090989,HG
1716,NW Australia (33),3100,0.0031948549674225,0.00233898448808728,0.00424609985158395,0.127111435284437,0.0567527110147354,0.213531344289946,HG
1717,NW Australia (33),3070,0.00311601561515777,0.00206737491476267,0.00412360535983141,0.12063027209266,0.0344244457690394,0.203461413876563,HG
1718,NW Australia (33),3040,0.00303158585457796,0.00196753917348997,0.0041687593867609,0.113689537030264,0.0262172280158073,0.207173400452927,HG
1719,NW Australia (33),3010,0.00297403715799868,0.0018791649304289,0.00404733287750692,0.108958619242508,0.018952228053539,0.197191265901132,HG
1720,NW Australia (33),2980,0.00296250458712269,0.0018992125547423,0.0040494769171905,0.108010558766097,0.0206002873164598,0.197367521421754,HG
1721,NW Australia (33),2950,0.00300515412290998,0.00191664053706041,0.00414042751181324,0.111516658113068,0.0220329931196196,0.204844316058014,HG
1722,NW Australia (33),2920,0.00310002536457504,0.00205882644789358,0.00412704598788261,0.119315758204265,0.0337217001575328,0.203744258309469,HG
1723,NW Australia (33),2890,0.00323007186099644,0.00233036501030002,0.00420453140777972,0.130006517851754,0.0560441277937633,0.210114118498709,HG
1724,NW Australia (33),2860,0.00336853458453073,0.00253651991120034,0.00430278060817757,0.141389152049335,0.0729915470347673,0.21819091115299,HG
1725,NW Australia (33),2830,0.00347990500224764,0.0027709582506372,0.00438060210319028,0.150544603371867,0.0922640688484614,0.22458839913985,HG
1726,NW Australia (33),2800,0.00353474080411548,0.00267777389229909,0.00441359530349408,0.155052501654238,0.0846036427292515,0.227300678087423,HG
1727,NW Australia (33),2770,0.00353133107446255,0.00267028014293512,0.00444675242075536,0.154772197292448,0.0839876025012307,0.23002643219075,HG
1728,NW Australia (33),2740,0.00351329653129493,0.0024470560931845,0.0045288691603966,0.153289627814125,0.0656369761553272,0.236777020255001,HG
1729,NW Australia (33),2710,0.00354582532434709,0.00238056514743172,0.0047386723720323,0.155963729137214,0.060170941011452,0.254024356942954,HG
1730,NW Australia (33),2680,0.00363975375723714,0.00230699415941825,0.00508705438553722,0.163685323549407,0.0541228753462946,0.28266387030455,HG
1731,NW Australia (33),2650,0.0037266660027781,0.0023984887794773,0.00502516115261662,0.170830136774449,0.0616443927958693,0.277575800305216,HG
1732,NW Australia (33),2620,0.00372609448597493,0.00245873439456311,0.00510312213708488,0.170783153972564,0.0665970167297773,0.283984755331048,HG
1733,NW Australia (33),2590,0.00364590316789396,0.00244137917187598,0.00506243473085127,0.164190849442952,0.0651702922928844,0.280639957180441,HG
1734,NW Australia (33),2560,0.00357752172033938,0.00235672192988859,0.00507943994553729,0.158569401420357,0.0582108566186332,0.282037908436068,HG
1735,NW Australia (33),2530,0.00361394183849388,0.00237187156604742,0.00522487595558781,0.161563397723505,0.0594562659405122,0.293993797063023,HG
1736,NW Australia (33),2500,0.00376132304204631,0.00233511993553447,0.00520482221372506,0.173679195281257,0.0564350169312802,0.292345234893437,HG
1737,NW Australia (33),2470,0.00395363599320249,0.00241357832535743,0.00547271667448487,0.189488706452153,0.0628848622635861,0.314368091100161,HG
1738,NW Australia (33),2440,0.00410082246105372,0.00270909820265871,0.0053664590581584,0.201588495331213,0.0871787268906342,0.305632948915474,HG
1739,NW Australia (33),2410,0.00414275658503456,0.00272322286567967,0.00546683145952817,0.205035782669539,0.0883398760304736,0.313884283998031,HG
1740,NW Australia (33),2380,0.00406460919300288,0.00258790408935984,0.00534908526394146,0.198611503597987,0.0772156969619361,0.304204697764929,HG
1741,NW Australia (33),2350,0.00389135021851217,0.00250280418433423,0.00535322253997286,0.184368366689103,0.0702198711943201,0.304544811684674,HG
1742,NW Australia (33),2320,0.00368559221974329,0.00244450027948358,0.00508528910394267,0.167453575664987,0.0654268698415685,0.282518751429711,HG
1743,NW Australia (33),2290,0.00351215459534284,0.00236885080705752,0.00473119501625119,0.153195752445448,0.059207937771721,0.253409664385643,HG
1744,NW Australia (33),2260,0.00340725770208659,0.00217879380702128,0.00454617547976673,0.144572471508013,0.0435838820484031,0.238199724486642,HG
1745,NW Australia (33),2230,0.00336467926082502,0.00230220184092111,0.00444665138778939,0.141072216643651,0.0537289122129773,0.230018126552495,HG
1746,NW Australia (33),2200,0.00336274372580964,0.00221509854119597,0.00434570804827421,0.140913101710084,0.046568392956486,0.221719856237893,HG
1747,NW Australia (33),2170,0.00340227752911381,0.00235730571188533,0.00439735394440231,0.144163065382358,0.0582588477078616,0.225965521269081,HG
1748,NW Australia (33),2140,0.00351722382575106,0.00251033023978504,0.00458754740285537,0.153612479734405,0.0708385672156078,0.241600794858133,HG
1749,NW Australia (33),2110,0.00374785716742942,0.00261569989488857,0.00493045265775179,0.172572203298129,0.0795007125855253,0.26979007917441,HG
1750,NW Australia (33),2080,0.00411788183409003,0.00298555773458836,0.00532127433409355,0.202990898793718,0.109905693702105,0.301918438813255,HG
1751,NW Australia (33),2050,0.00463338702264133,0.00349505932902307,0.00582454818165485,0.245369142110457,0.151790398296251,0.343291177712045,Intensive HG
1752,NW Australia (33),2020,0.00526729525050877,0.00409475677022213,0.00642287717283476,0.297480968950733,0.201089851810927,0.392478134768555,Intensive HG
1753,NW Australia (33),1990,0.00593350485341879,0.00471323038857109,0.00711711665214408,0.352248201714015,0.251932842464487,0.44954962546865,Intensive HG
1754,NW Australia (33),1960,0.00647197077743995,0.00530320573681062,0.00763992126655622,0.396513983034411,0.300433069841122,0.49252793422037,Intensive HG
1755,NW Australia (33),1930,0.00675326160314622,0.00553660254502533,0.00801787074728156,0.419638117028185,0.319619970278863,0.52359810657038,Intensive HG
1756,NW Australia (33),1900,0.00677767662836077,0.00544630283600314,0.00807855080765439,0.421645208134358,0.312196683131886,0.528586445039253,Intensive HG
1757,NW Australia (33),1870,0.0066241170876312,0.00539550265026565,0.00809339507659741,0.409021506714528,0.30802054159242,0.529806750974281,Intensive HG
1758,NW Australia (33),1840,0.00639195092837654,0.00492320627889278,0.00782397262048841,0.389935774494342,0.269194374585451,0.50765828253293,Intensive HG
1759,NW Australia (33),1810,0.00617728678250381,0.0048132680424369,0.00754867511069979,0.37228883396453,0.260156658888673,0.485026842319689,Intensive HG
1760,NW Australia (33),1780,0.00609003656215443,0.00478482619604606,0.00749137600076314,0.365116236773421,0.257818534048231,0.48031644235349,Intensive HG
1761,NW Australia (33),1750,0.00622617897780109,0.00499380075899272,0.0076046691403213,0.376308124933104,0.274997749839347,0.489629955274292,Intensive HG
1762,NW Australia (33),1720,0.00658115933957435,0.00527907023616648,0.00800782364064778,0.405490070096774,0.298448957670023,0.522772161964949,Intensive HG
1763,NW Australia (33),1690,0.00704647306502105,0.00581537001172923,0.00841484632779258,0.443742213263391,0.342536665969101,0.556232361501891,Intensive HG
1764,NW Australia (33),1660,0.00747583503776565,0.006207263468712,0.00883624329809928,0.479038863143987,0.374753133704229,0.590874230754031,Intensive HG
1765,NW Australia (33),1630,0.00779745351013526,0.00642497358713148,0.00916005830127768,0.505478220457809,0.392650475138995,0.617494158737431,Intensive HG
1766,NW Australia (33),1600,0.00801682803119316,0.00660827621282992,0.00944070953646525,0.523512387789879,0.407719272592374,0.640565713779089,Intensive HG
1767,NW Australia (33),1570,0.00814993053647941,0.00678328985585708,0.00946004059337006,0.534454373400033,0.422106655906201,0.642154866034538,Intensive HG
1768,NW Australia (33),1540,0.00821037679099121,0.00672917700237659,0.00954184990715553,0.539423491341378,0.417658189193763,0.648880181476889,Intensive HG
1769,NW Australia (33),1510,0.00822159820420907,0.00680855769726523,0.00959170480157635,0.540345972414829,0.424183854652332,0.652978613254527,Intensive HG
1770,NW Australia (33),1480,0.00819797479013194,0.00698994994069262,0.00945668726502625,0.538403957451708,0.439095604909081,0.641879198267014,Intensive HG
1771,NW Australia (33),1450,0.00811478982050006,0.00699204044519832,0.00923305649783571,0.531565553180237,0.439267459452091,0.623495136815096,Intensive HG
1772,NW Australia (33),1420,0.00793756662658668,0.00677234752875908,0.00897094087611217,0.516996528852592,0.421207117724028,0.601947342842868,Intensive HG
1773,NW Australia (33),1390,0.00769095812306568,0.00651464719154202,0.00889432645048978,0.496723531803699,0.400022291972651,0.595649084662922,Intensive HG
1774,NW Australia (33),1360,0.0075145993469705,0.00645951630018978,0.00869160142472636,0.482225568853205,0.395490135207052,0.578983625887739,Intensive HG
1775,NW Australia (33),1330,0.00762783512188234,0.00658520579390465,0.0087427491962589,0.491534365986478,0.40582271781786,0.583188341485668,Intensive HG
1776,NW Australia (33),1300,0.0082212413910784,0.0070093893536826,0.00947833662174687,0.540316639802847,0.440693664815984,0.643658931482379,Intensive HG
1777,NW Australia (33),1270,0.00926203382524366,0.00794965655294577,0.0107875820207977,0.625877282055989,0.517990407968274,0.751288343008225,Intensive HG
1778,NW Australia (33),1240,0.0104331369103815,0.00900640394388665,0.0118551483558876,0.722150399365295,0.604862662704396,0.839049992958514,Intensive HG
1779,NW Australia (33),1210,0.0114523892370569,0.0099749032527808,0.012789154175695,0.805940289477531,0.684480288823256,0.91583200557469,Intensive HG
1780,NW Australia (33),1180,0.0122607282088536,0.0106836000006807,0.0137797508581809,0.872391581123059,0.742740271239116,0.997266195125944,Intensive HG
1781,NW Australia (33),1150,0.0129410674809404,0.011387363085269,0.0143784578641542,0.928320374568278,0.800594670958804,1.04648422772398,Intensive HG
1782,NW Australia (33),1120,0.0134887562238585,0.0118811000362654,0.0152453541833932,0.973344338098987,0.841183408198469,1.11774935553062,Intensive HG
1783,NW Australia (33),1090,0.0138015780916504,0.0123228183609204,0.0152847286055085,0.999060551092569,0.877495839296004,1.12098621692002,Intensive HG
1784,NW Australia (33),1060,0.0138130059081019,0.0121242343358856,0.0154972405969675,1,0.861170800637531,1.13845623483989,Intensive HG
1785,NW Australia (33),1030,0.0134985784992186,0.01179635182069,0.0149784585782479,0.974151799952676,0.83421649383936,1.0958086124572,Intensive HG
1786,NW Australia (33),1000,0.0127863578857737,0.0112301069063749,0.0141788371161675,0.915602130381767,0.787667079228912,1.03007396296403,Intensive HG
1787,NW Australia (33),970,0.0116141191271211,0.00990766513871019,0.0131555553822841,0.819235652521289,0.678952831056535,0.945952826527075,Intensive HG
1788,NW Australia (33),940,0.0101043887675239,0.00867467682613482,0.0116898468629442,0.695124931732082,0.577592301856325,0.825461018406653,Intensive HG
1789,NW Australia (33),910,0.00859866170924462,0.00739156196549366,0.00994038449868319,0.57134331117521,0.472111008990224,0.681642598354514,Intensive HG
1790,NW Australia (33),880,0.00748431467183916,0.00650363036598729,0.00866621551935176,0.479735950203409,0.399116629480196,0.576896721432318,Intensive HG
1791,NW Australia (33),850,0.00690884434129585,0.00596842653588217,0.00792466065800965,0.432428139863297,0.355119015799557,0.515935565182891,Intensive HG
1792,NW Australia (33),820,0.00679389194930433,0.00586136393370616,0.00782561745976786,0.422978224429181,0.346317697974049,0.507793500181074,Intensive HG
1793,NW Australia (33),790,0.0069807208548515,0.00590223517112224,0.00803432948705868,0.438336907510777,0.349677608373288,0.524951133648384,Intensive HG
1794,NW Australia (33),760,0.00733341665536831,0.00631078944196328,0.00845046704597877,0.467331045267368,0.383263715132854,0.55916064136393,Intensive HG
1795,NW Australia (33),730,0.00775763113138069,0.00672989322194076,0.00891102848248943,0.502204533802869,0.417717067605917,0.597022112115767,Intensive HG
1796,NW Australia (33),700,0.00816521010655458,0.00716253501054866,0.00924810050941258,0.535710464226666,0.453283341998109,0.624731863034781,Intensive HG
1797,NW Australia (33),670,0.00851137185917123,0.0074825976263634,0.00951804177378756,0.564167456135056,0.479594796685319,0.646922981256227,Intensive HG
1798,NW Australia (33),640,0.0087975776558211,0.00781311204113839,0.00977718168385419,0.587695636177577,0.506765464605047,0.66822615027523,Intensive HG
1799,NW Australia (33),610,0.00901522414529973,0.00819473451057103,0.00996029721959165,0.605587746854639,0.538137583109226,0.683279567584889,Intensive HG
1800,NW Australia (33),580,0.00913626650265132,0.00845020380783276,0.0099147009694592,0.615538301350303,0.559139001290368,0.67953122707279,Intensive HG
1801,NW Australia (33),550,0.00915388999909003,0.00836923404727569,0.00991397422537124,0.616987079823843,0.552482703176611,0.679471483468899,Intensive HG
1802,NW Australia (33),520,0.00909250905221364,0.00814248489676803,0.0101184116448286,0.611941123430951,0.533842288132329,0.696277713352167,Intensive HG
1803,NW Coast (9),4990,0.00237518811007034,0.00163757828489845,0.00308033789952431,0.0544942386230587,-0.0337549205586145,0.138859812254003,Early Pacific
1804,NW Coast (9),4960,0.00234158041471891,0.00162465430369797,0.00301755121445283,0.0504733447092528,-0.0353011722967292,0.131347883892594,Early Pacific
1805,NW Coast (9),4930,0.00231525277998246,0.00165190122970498,0.00295520487037834,0.0473234522465368,-0.0320412939323864,0.1238886388353,Early Pacific
1806,NW Coast (9),4900,0.00229963151221535,0.00164364934406271,0.00292288807607406,0.0454544915863691,-0.0330285665319947,0.120022190982419,Early Pacific
1807,NW Coast (9),4870,0.0022682109929733,0.00157596895208356,0.00292474327598044,0.0416952759285299,-0.0411259880703455,0.120244150921487,Early Pacific
1808,NW Coast (9),4840,0.00218470474842991,0.00154560034101566,0.00279561387186223,0.0317044167833761,-0.0447593512669827,0.104794842967372,Early Pacific
1809,NW Coast (9),4810,0.00210238324971632,0.00150659109064319,0.00273361859328666,0.0218553030702338,-0.0494264983523341,0.0973776001096689,Early Pacific
1810,NW Coast (9),4780,0.00206209992265203,0.00154116364013676,0.00268957123798698,0.0170357228244914,-0.0452901673010725,0.0921076837708132,Early Pacific
1811,NW Coast (9),4750,0.00203158197612771,0.00145121151143734,0.00265767786161039,0.0133844928261722,-0.0560522253071128,0.0882918945111703,Early Pacific
1812,NW Coast (9),4720,0.00202258981650532,0.00148255485226905,0.00253775899750734,0.0123086523223955,-0.0523022434332978,0.0739445545409504,Early Pacific
1813,NW Coast (9),4690,0.00202410066045371,0.00159635862993761,0.00257909711890467,0.0124894128051745,-0.0386865250030169,0.0788903325538911,Early Pacific
1814,NW Coast (9),4660,0.0020044794549588,0.00149478481824128,0.00253748117989768,0.0101418913541771,-0.0508390251069717,0.0739113158697418,Early Pacific
1815,NW Coast (9),4630,0.00196063875890235,0.00140570166112782,0.00246359476664189,0.0048967001529635,-0.0614971175621253,0.0650713931595832,Early Pacific
1816,NW Coast (9),4600,0.00192694939989142,0.00139575870279905,0.00246525530380471,0.000866035830682598,-0.0626867135820637,0.06527006324695,Early Pacific
1817,NW Coast (9),4570,0.00191971084324583,0.00142078683188642,0.00243612316818076,0,-0.0596922966525766,0.061784634519938,Early Pacific
1818,NW Coast (9),4540,0.00192296822273702,0.00137910847584826,0.00252005789027541,0.000389719593507056,-0.0646787810389318,0.0718267576021159,Early Pacific
1819,NW Coast (9),4510,0.00198125139442465,0.00145845676388608,0.00249612699456399,0.00736283833508001,-0.055185388376747,0.0689636159343587,Early Pacific
1820,NW Coast (9),4480,0.00204962773923113,0.00149568070521168,0.00263378531896977,0.0155435251035649,-0.0507318393440363,0.0854333414838215,Early Pacific
1821,NW Coast (9),4450,0.00213536912335444,0.00161754164499893,0.00269248369303542,0.0258018009531197,-0.0361521454376984,0.0924561358933426,Early Pacific
1822,NW Coast (9),4420,0.00222783113455073,0.00170033518686434,0.00281090722472064,0.0368641464721992,-0.0262465555093206,0.106624571212259,Early Pacific
1823,NW Coast (9),4390,0.00230941655675173,0.0017718056161104,0.00293495727244248,0.0466251944748372,-0.0176956861037404,0.121466174502111,Early Pacific
1824,NW Coast (9),4360,0.00238143348425127,0.00171777190690172,0.00299116985592312,0.0552414480574142,-0.0241603903991599,0.128191563804565,Early Pacific
1825,NW Coast (9),4330,0.00243037538054149,0.00176065795439642,0.00308537137931646,0.0610969573646041,-0.0190294153187363,0.139462028146819,Early Pacific
1826,NW Coast (9),4300,0.00243167736386683,0.0018302931908853,0.00301346755398598,0.0612527293321254,-0.0106981121556745,0.130859306340772,Early Pacific
1827,NW Coast (9),4270,0.00242763476150533,0.00178232369450981,0.00306268743229263,0.0607690640566186,-0.0164372815336298,0.136748073989134,Early Pacific
1828,NW Coast (9),4240,0.00240549339939576,0.0018562618729538,0.00298197419517202,0.0581200258759642,-0.00759116552970267,0.127091376006477,Early Pacific
1829,NW Coast (9),4210,0.00238219084166886,0.00179588406567233,0.00296345159593104,0.0553320598592386,-0.0148148907893013,0.124875294071159,Early Pacific
1830,NW Coast (9),4180,0.00237340830859092,0.00179754485691056,0.00291187580253633,0.0542812995071342,-0.0146161903038303,0.118704659887769,Early Pacific
1831,NW Coast (9),4150,0.00236906375505324,0.00172963461689361,0.00301959396999482,0.0537615081707998,-0.02274111133498,0.131592283374328,Early Pacific
1832,NW Coast (9),4120,0.00236165671176321,0.00174276227519464,0.00303152747537051,0.052875314250843,-0.0211704912489203,0.133020032544087,Early Pacific
1833,NW Coast (9),4090,0.00235215112855967,0.00172548829776447,0.00301497686834356,0.0517380466920112,-0.0232371854982549,0.131039883820154,Early Pacific
1834,NW Coast (9),4060,0.00233653145525056,0.00176853127962286,0.00297558824664785,0.0498692767960835,-0.0180874344672274,0.126327347968071,Early Pacific
1835,NW Coast (9),4030,0.00231091672157425,0.00179650974652616,0.00283454102903082,0.0468046772849934,-0.0147400330428592,0.109452168252674,Early Pacific
1836,NW Coast (9),4000,0.00228479043030606,0.00176826936593001,0.00279485355508478,0.0436788739696493,-0.0181187703610607,0.104703877101636,Early Pacific
1837,NW Coast (9),3970,0.00225732272847812,0.00168833231198389,0.00274871986212076,0.0403925815312262,-0.0276826041895505,0.099184347026136,Early Pacific
1838,NW Coast (9),3940,0.00223000399416718,0.00165501921915308,0.00280486908402061,0.037124111873455,-0.0316682512508196,0.105902155618521,Early Pacific
1839,NW Coast (9),3910,0.00220518146195618,0.00166410043872466,0.0028090359784234,0.0341542929778483,-0.0305817554312318,0.106400691449926,Early Pacific
1840,NW Coast (9),3880,0.00218141021168918,0.00162030005503191,0.00277870791652306,0.0313102516199793,-0.0358221235781988,0.10277217963924,Early Pacific
1841,NW Coast (9),3850,0.00217785641393761,0.00160853413623128,0.00276128975386807,0.0308850679350883,-0.0372298223448369,0.100688234772542,Early Pacific
1842,NW Coast (9),3820,0.00218523245425736,0.00163401219464953,0.00269753357518506,0.0317675525958057,-0.0341815749432143,0.0930603141980012,Early Pacific
1843,NW Coast (9),3790,0.00219646551210123,0.00166968887698765,0.00271210206556879,0.0331114987797239,-0.0299131431635847,0.0948033184029835,Early Pacific
1844,NW Coast (9),3760,0.00221264449163679,0.00172239243929484,0.00269907113290781,0.0350471852249227,-0.0236075803839615,0.0932442707717834,Early Pacific
1845,NW Coast (9),3730,0.00223351146238126,0.00172836290392203,0.00275511223913959,0.0375437525970277,-0.0228932616950112,0.099949144182889,Middle Pacific
1846,NW Coast (9),3700,0.00226781573483075,0.00179554577461474,0.00279619281645908,0.0416479864300039,-0.0148553646284133,0.104864109091738,Middle Pacific
1847,NW Coast (9),3670,0.00230966619969858,0.00169084920437216,0.00296237881802635,0.0466550622713377,-0.0273814779986625,0.124746944712398,Middle Pacific
1848,NW Coast (9),3640,0.00239718843135425,0.00184723680940873,0.00300140778930058,0.0571264023887452,-0.0086709427265802,0.129416451247067,Middle Pacific
1849,NW Coast (9),3610,0.00249436455973029,0.00192346826934398,0.00309333164949199,0.0687527545997086,0.000449546199810781,0.14041441127117,Middle Pacific
1850,NW Coast (9),3580,0.00261739384148911,0.00209234775191026,0.00316388896617948,0.0834722313466608,0.0206546354365724,0.148856034008956,Middle Pacific
1851,NW Coast (9),3550,0.0027515171888148,0.00220074109496275,0.00331286707772488,0.0995190249551458,0.0336230383222625,0.166680082213969,Middle Pacific
1852,NW Coast (9),3520,0.0028391723032511,0.0023398234421826,0.00336157129801374,0.110006263442206,0.050263136895116,0.172507155474673,Middle Pacific
1853,NW Coast (9),3490,0.00288088363654105,0.00238325829193496,0.00338674671692627,0.114996693294909,0.055459771808344,0.175519194462303,Middle Pacific
1854,NW Coast (9),3460,0.00288483555767975,0.00235171295805286,0.00339794170093869,0.115469509282089,0.0516856230698126,0.176858585414583,Middle Pacific
1855,NW Coast (9),3430,0.00280247253101551,0.00230720285513503,0.00330557991488546,0.10561542707937,0.0463603426525236,0.165808231038114,Middle Pacific
1856,NW Coast (9),3400,0.00271503367948724,0.00222640575996604,0.00323281016065195,0.0951540627321929,0.0366936117201864,0.157101907714035,Middle Pacific
1857,NW Coast (9),3370,0.00261876532965727,0.00215177488254707,0.00320420220490943,0.0836363190167781,0.0277646197837247,0.153679192948005,Middle Pacific
1858,NW Coast (9),3340,0.00252548776559167,0.002002461949872,0.0032054698786555,0.0724763990721301,0.00990051288892522,0.153830860046774,Middle Pacific
1859,NW Coast (9),3310,0.00249791927535482,0.00195012478050684,0.00310816215314736,0.0691780481008112,0.00363878611576597,0.142188763283796,Middle Pacific
1860,NW Coast (9),3280,0.00249299681984772,0.00187875284766985,0.00312191580793251,0.0685891153822028,-0.0049002989765008,0.143834278878958,Middle Pacific
1861,NW Coast (9),3250,0.00254552080238362,0.00193145993243633,0.00314533655935954,0.0748731928680007,0.00140568523740925,0.14663638583348,Middle Pacific
1862,NW Coast (9),3220,0.00264191612211332,0.00203737436568702,0.0032201839026072,0.0864061275238159,0.0140775062471122,0.155591276187671,Middle Pacific
1863,NW Coast (9),3190,0.00273745317776858,0.00211646161374711,0.00331981016871604,0.097836377697483,0.0235396675485418,0.167510767925008,Middle Pacific
1864,NW Coast (9),3160,0.00283143333095106,0.00228283035332246,0.00341204852718373,0.109080356851619,0.043444366320983,0.178546355170845,Middle Pacific
1865,NW Coast (9),3130,0.00291199232871371,0.00229102292916374,0.0035066941800469,0.11871860131971,0.0444245429738046,0.189869956077909,Middle Pacific
1866,NW Coast (9),3100,0.00293836900912509,0.00230960456538682,0.00349914798491044,0.121874361708023,0.0466476882152937,0.18896711374435,Middle Pacific
1867,NW Coast (9),3070,0.00295741161856619,0.00226598752470058,0.00350753569974174,0.12415265873506,0.0414292556033676,0.189970637227983,Middle Pacific
1868,NW Coast (9),3040,0.00295944394187685,0.002330517084184,0.00352245950939673,0.124395810083143,0.0491497050502674,0.191756152562643,Middle Pacific
1869,NW Coast (9),3010,0.00295716068818389,0.00236682164143883,0.00356185622788479,0.124122636907129,0.0534932570785426,0.196469657131645,Middle Pacific
1870,NW Coast (9),2980,0.00297220476807444,0.00237772017791316,0.00350610442974846,0.125922541620564,0.0547971804365957,0.18979939713714,Middle Pacific
1871,NW Coast (9),2950,0.00299763928481791,0.00237303810213013,0.0035163609807849,0.128965579606508,0.0542370072434288,0.191026512034721,Middle Pacific
1872,NW Coast (9),2920,0.00304317319607564,0.00245248597614012,0.00357259887148488,0.134413350562936,0.0637423145765023,0.197754929145036,Middle Pacific
1873,NW Coast (9),2890,0.00311745056647034,0.00264559406147526,0.00360137179448893,0.143300048190684,0.0868461637667396,0.201197380934118,Middle Pacific
1874,NW Coast (9),2860,0.00322612508091749,0.00273534583743894,0.00370891729323854,0.156302091001328,0.0975842511586893,0.214064345980597,Middle Pacific
1875,NW Coast (9),2830,0.00344381512929108,0.00298756316535803,0.00389175361396528,0.182346976895725,0.12776005191449,0.235939260090162,Middle Pacific
1876,NW Coast (9),2800,0.00368772437377627,0.00314824544134747,0.00419523271565991,0.211528781432343,0.146984410467688,0.272248125075141,Middle Pacific
1877,NW Coast (9),2770,0.00407171572484687,0.00346416675546391,0.00469427492808965,0.257470297812115,0.184781887381514,0.331954563547301,Middle Pacific
1878,NW Coast (9),2740,0.004483908427218,0.00374227991953749,0.00520310121827056,0.306785881964748,0.21805591932805,0.392831589239755,Middle Pacific
1879,NW Coast (9),2710,0.00485453646211603,0.00399762431934032,0.0057100847091652,0.351128583665184,0.24860584940673,0.453488138628878,Middle Pacific
1880,NW Coast (9),2680,0.00520541977839492,0.00428157712373966,0.00627077972429226,0.393108986549965,0.282578547953255,0.520570845439065,Middle Pacific
1881,NW Coast (9),2650,0.00544316721086153,0.00447050614065249,0.00644280734000804,0.421553579201494,0.305182404787309,0.541152583811934,Middle Pacific
1882,NW Coast (9),2620,0.00555506919872094,0.00463365536521061,0.0064627694568418,0.434941763580749,0.32470191414992,0.543540892597891,Middle Pacific
1883,NW Coast (9),2590,0.00564564735094054,0.00473679817648837,0.00641388970439761,0.445778720330541,0.337042132596408,0.537692818308476,Middle Pacific
1884,NW Coast (9),2560,0.00568247143669219,0.00492216415985836,0.00645357493513309,0.450184429818561,0.359219700756476,0.54244084107718,Middle Pacific
1885,NW Coast (9),2530,0.00572530765963797,0.00487645312945138,0.00656868350981559,0.455309443787298,0.353750738900112,0.556212668110482,Middle Pacific
1886,NW Coast (9),2500,0.00581860681400794,0.00497667697755607,0.0066040089637138,0.466471946840443,0.36574172657863,0.560439078195925,Middle Pacific
1887,NW Coast (9),2470,0.00592057707617241,0.00495657053700907,0.00689865804261318,0.478671879095212,0.363336150606273,0.595691501061179,Middle Pacific
1888,NW Coast (9),2440,0.00603165488168675,0.00510135283659602,0.00703266808726121,0.491961456600639,0.380658203223942,0.611724738903869,Middle Pacific
1889,NW Coast (9),2410,0.00614611264906331,0.00517134199238753,0.00720488054147234,0.505655419707,0.389031850021552,0.632328591735145,Middle Pacific
1890,NW Coast (9),2380,0.00622184039485081,0.0051789711412667,0.00733218529064939,0.514715643234951,0.389944617111797,0.647559594212763,Middle Pacific
1891,NW Coast (9),2350,0.00626450159433711,0.00524804221490682,0.00731286138524856,0.519819717036396,0.398208422669289,0.645247642357551,Middle Pacific
1892,NW Coast (9),2320,0.00628725626733232,0.00534615515502096,0.0073615586676648,0.522542132995013,0.409946856966713,0.651073885556879,Middle Pacific
1893,NW Coast (9),2290,0.00626998878517631,0.0053046966029189,0.00716746132250494,0.520476215853661,0.404986670376134,0.627851679283039,Middle Pacific
1894,NW Coast (9),2260,0.00624807380134238,0.00541004702824173,0.00709677180688824,0.517854262036311,0.417591012315323,0.619394239992992,Middle Pacific
1895,NW Coast (9),2230,0.00621028063502589,0.00547607074918335,0.00700976918580936,0.513332609752916,0.425490226317503,0.608985067155546,Middle Pacific
1896,NW Coast (9),2200,0.00617135714614886,0.0055523196893197,0.00693307111960372,0.508675723349573,0.434612806611167,0.599808752493616,Middle Pacific
1897,NW Coast (9),2170,0.00614239091199052,0.00540945901357938,0.00679157065163033,0.505210143415713,0.417520661029632,0.582879344971753,Middle Pacific
1898,NW Coast (9),2140,0.00611644007382852,0.00541315888481938,0.00683847093465788,0.502105331671479,0.417963321247633,0.588490591461859,Middle Pacific
1899,NW Coast (9),2110,0.0060942488616462,0.0054070259637606,0.0068686570662314,0.499450329325414,0.417229565936499,0.592102122435826,Middle Pacific
1900,NW Coast (9),2080,0.00607456246374198,0.00536100380948619,0.00680781831562005,0.497095008120252,0.411723380579627,0.584823248966558,Middle Pacific
1901,NW Coast (9),2050,0.00602850200581974,0.00532820594228081,0.00681981293348232,0.491584240036038,0.407799376173703,0.586258309760121,Middle Pacific
1902,NW Coast (9),2020,0.00594048535475745,0.0051884098473639,0.00681869647198277,0.481053746562168,0.39107388335584,0.586124734006068,Middle Pacific
1903,NW Coast (9),1990,0.00583527079600023,0.0050563013551018,0.00671108296108511,0.468465659978816,0.375268151158371,0.57324963184607,Middle Pacific
1904,NW Coast (9),1960,0.00567105712895909,0.00496391515540255,0.00646652113667216,0.448818798524465,0.364214875882991,0.543989751302384,Middle Pacific
1905,NW Coast (9),1930,0.00550082883171707,0.00478108893686119,0.00641056519113528,0.428452334320935,0.3423411704197,0.537295066692273,Middle Pacific
1906,NW Coast (9),1900,0.00532312679039201,0.00467663013721751,0.00611832802328624,0.407191695977147,0.329843504413782,0.502331209834345,Middle Pacific
1907,NW Coast (9),1870,0.00514519119754811,0.00439532842035482,0.00587763283636506,0.38590311504846,0.296187987442179,0.47353394176661,Middle Pacific
1908,NW Coast (9),1840,0.00503093409844925,0.00430245834382755,0.00570611781412768,0.37223316030828,0.285076820146165,0.453013531133594,Middle Pacific
1909,NW Coast (9),1810,0.0049501801351417,0.00429802966817292,0.00560578126858746,0.36257158976071,0.284546964266441,0.441009060101697,Middle Pacific
1910,NW Coast (9),1780,0.00500157847045039,0.00440221182297049,0.00563462124586766,0.368720992493073,0.297011531912998,0.444459534402528,Middle Pacific
1911,NW Coast (9),1750,0.00521763615745209,0.00454623549857277,0.00590382000831079,0.39457057930978,0.314242821194148,0.476667028971648,Late Pacific
1912,NW Coast (9),1720,0.00546869360664707,0.00472782677329528,0.0062808493239841,0.424607609785329,0.335968775434597,0.521775593092601,Late Pacific
1913,NW Coast (9),1690,0.00581652737742126,0.00514911763523053,0.00655484088540568,0.466223158762948,0.386372882142428,0.554556508006111,Late Pacific
1914,NW Coast (9),1660,0.00615584752456061,0.00547804192544007,0.00689335831321477,0.506820120268268,0.425726061906073,0.595057430516916,Late Pacific
1915,NW Coast (9),1630,0.00640099385184363,0.00580028435727657,0.00704885571995796,0.536149931939581,0.46427981036733,0.613661460631102,Late Pacific
1916,NW Coast (9),1600,0.00662811762708809,0.00591234522749221,0.00731871394932672,0.563323488353124,0.477687003759028,0.645947855181904,Late Pacific
1917,NW Coast (9),1570,0.00683599560949821,0.00609709271414813,0.00758226278719351,0.588194438459842,0.499790573697936,0.677479381134167,Late Pacific
1918,NW Coast (9),1540,0.00703583399338627,0.00634733165761766,0.00787225643185809,0.612103514435391,0.529729676462126,0.712174818255973,Late Pacific
1919,NW Coast (9),1510,0.00723471461555511,0.00650338969012375,0.00803689540665736,0.635898001825574,0.548400780997643,0.731872564406768,Late Pacific
1920,NW Coast (9),1480,0.00743267748214665,0.00678440037606784,0.00804437718260052,0.659582687047638,0.582021478430533,0.732767699495317,Late Pacific
1921,NW Coast (9),1450,0.00761662836764738,0.00697679242110082,0.00823359146240457,0.6815909499831,0.605039659083762,0.755405685769405,Late Pacific
1922,NW Coast (9),1420,0.00776937847451867,0.00713207306680823,0.00838879514633041,0.699866287480348,0.623617755461034,0.773974574280566,Late Pacific
1923,NW Coast (9),1390,0.00791637016925775,0.00730717899110415,0.00855311291837091,0.717452676686036,0.644567789014672,0.793633891071526,Late Pacific
1924,NW Coast (9),1360,0.00804006432389704,0.00743174659196702,0.00866173523868462,0.732251700194247,0.659471313428633,0.806629689268512,Late Pacific
1925,NW Coast (9),1330,0.00816144134610126,0.00756976535840993,0.00885891157613099,0.746773497203935,0.675984163006037,0.83022027252316,Late Pacific
1926,NW Coast (9),1300,0.00829626098573499,0.00764084923073445,0.00901308244448631,0.762903596658725,0.684488783945101,0.848665592851554,Late Pacific
1927,NW Coast (9),1270,0.00843579039847234,0.00772755108858323,0.00924395383454668,0.779597183071181,0.694861972850035,0.876287521622884,Late Pacific
1928,NW Coast (9),1240,0.00862327788438117,0.00793803483659714,0.00938993295398216,0.80202857216593,0.720044682122253,0.893752764233041,Late Pacific
1929,NW Coast (9),1210,0.00884634426912625,0.00804312572797741,0.00964522054452905,0.828716694020681,0.732617972885835,0.924295897535296,Late Pacific
1930,NW Coast (9),1180,0.00911331804497921,0.00827398080732267,0.00992762452601844,0.860657986610011,0.760237950209606,0.958083291717834,Late Pacific
1931,NW Coast (9),1150,0.00945784439466812,0.00861109602038107,0.0102112959545023,0.901877828914704,0.800571108858654,0.992022325870108,Late Pacific
1932,NW Coast (9),1120,0.00978700323766638,0.00881348009326116,0.0107658897763159,0.941259071057241,0.824784756310094,1.05837507334199,Late Pacific
1933,NW Coast (9),1090,0.0100499040577901,0.00922351811973893,0.0108582852517316,0.972713066831609,0.873842550599565,1.06942945838319,Late Pacific
1934,NW Coast (9),1060,0.0102779754659536,0.00931407803173525,0.0112994596331983,1,0.884677325051463,1.1222124703338,Late Pacific
1935,NW Coast (9),1030,0.0102183704408267,0.00943374394534726,0.0110482269661085,0.992868731989534,0.898994401503782,1.09215447642831,Late Pacific
1936,NW Coast (9),1000,0.010080153209496,0.00927330227238521,0.0110133394423579,0.976332137664054,0.879798829192496,1.08798046120799,Late Pacific
1937,NW Coast (9),970,0.00974903771412835,0.00878986236032879,0.0107511166991133,0.936716797600754,0.821959082082431,1.05660759194848,Late Pacific
1938,NW Coast (9),940,0.00930540634168627,0.00829016536001648,0.01028703895148,0.883639826187714,0.76217430343894,1.00108437408188,Late Pacific
1939,NW Coast (9),910,0.0089483546035091,0.00792013962746686,0.010041019371712,0.840921420598218,0.717903662432392,0.971650084684106,Late Pacific
1940,NW Coast (9),880,0.0087117231258759,0.00780806414010105,0.00955942286024573,0.812610343082161,0.704494720214732,0.914030885818602,Late Pacific
1941,NW Coast (9),850,0.00849708676521165,0.00767727599895594,0.00928067427921185,0.786930806676825,0.68884695754522,0.880680831277786,Late Pacific
1942,NW Coast (9),820,0.008348388472008,0.00778222464416697,0.00898884799004338,0.769140236514729,0.701403229684045,0.845766132791735,Late Pacific
1943,NW Coast (9),790,0.00820176872294458,0.00755519781706529,0.00896016645062899,0.751598347655996,0.674241272346047,0.8423346143236,Late Pacific
1944,NW Coast (9),760,0.00803553184756843,0.00737595365642833,0.00874696684850884,0.731709425388027,0.652796131670555,0.816826974670635,Late Pacific
1945,NW Coast (9),730,0.00787026330904102,0.00713367573131632,0.00866177143673475,0.711936356935706,0.623809501544752,0.806634020077808,Late Pacific
1946,NW Coast (9),700,0.0078512616507044,0.0071546822534731,0.00858509069361787,0.709662959383182,0.626322765135343,0.797459777985909,Late Pacific
1947,NW Coast (9),670,0.00789988310005621,0.00724213433023895,0.00852671045815954,0.715480129758443,0.636785711777193,0.790475046334829,Late Pacific
1948,NW Coast (9),640,0.00799279652227336,0.00740961438285838,0.00848749503285415,0.726596483022101,0.656823370331867,0.78578323205572,Late Pacific
1949,NW Coast (9),610,0.0081335292509552,0.00766487644806634,0.00859000244391202,0.743434036633349,0.687363449729983,0.798047429910785,Late Pacific
1950,NW Coast (9),580,0.0082878091342298,0.00784779896210406,0.0087037695411483,0.761892399731288,0.709248676184856,0.811658759818573,Late Pacific
1951,NW Coast (9),550,0.00847547171626016,0.00800647421749635,0.00890284829324658,0.784344737686766,0.728232910658745,0.835476951881723,Late Pacific
1952,NW Coast (9),520,0.00869360796215484,0.00798830608067391,0.00932740548767073,0.810443007571887,0.726059237337481,0.886271849338153,Late Pacific
1953,Central Andes (15),6490,0.000484915535730764,0.000184030631334635,0.000795905995502631,0,-0.0605098222568295,0.0625421121811769,Archaic
1954,Central Andes (15),6460,0.000552566570263043,0.000187727975427474,0.000907966642799634,0.0136050430421377,-0.0597662634055503,0.0850782040583544,Archaic
1955,Central Andes (15),6430,0.000607709970165507,0.000244620856825449,0.000966377768338357,0.0246947231091125,-0.048324751748528,0.0968250440377912,Archaic
1956,Central Andes (15),6400,0.000647539790278416,0.000289883633505235,0.00101384331257353,0.0327047472091605,-0.0392221263534746,0.106370659663668,Archaic
1957,Central Andes (15),6370,0.000678667110830311,0.000366842067373373,0.00104162830480581,0.038964644619789,-0.0237453075217988,0.111958394099055,Archaic
1958,Central Andes (15),6340,0.000709007063512833,0.000426044732791082,0.00103812937304929,0.0450661974636733,-0.0118392839585834,0.111254737200412,Archaic
1959,Central Andes (15),6310,0.000745803994392827,0.000403166464915739,0.00109246680484712,0.0524662887099058,-0.0164402456633905,0.122182332077857,Archaic
1960,Central Andes (15),6280,0.000794042080216189,0.000402631813459442,0.00125563736559099,0.0621672672453342,-0.0165477673905267,0.154996944854707,Archaic
1961,Central Andes (15),6250,0.000853289156424406,0.000407577187065895,0.0014493280695051,0.0740822220942361,-0.0155532220559222,0.193949347901199,Archaic
1962,Central Andes (15),6220,0.000918936675070194,0.000459447532659632,0.00147903782634455,0.0872843456531796,-0.00512177353052475,0.199924164448599,Archaic
1963,Central Andes (15),6190,0.000985187559062379,0.000465925363384887,0.00155643302097622,0.100607809729154,-0.00381904155538068,0.215488818581361,Archaic
1964,Central Andes (15),6160,0.00104503483807098,0.000502646556137534,0.00166573389702379,0.112643469087451,0.00356581828323752,0.237469903326798,Archaic
1965,Central Andes (15),6130,0.00109193787888414,0.000581033729678559,0.00173891286941375,0.122075961782971,0.0193299655331708,0.252186648991195,Archaic
1966,Central Andes (15),6100,0.0011213615452462,0.000541544642365087,0.00172581429044388,0.127993243759234,0.01138846491446,0.249552443440489,Archaic
1967,Central Andes (15),6070,0.00113003254621981,0.000587906065819523,0.00164544948989649,0.129737035887174,0.0207120349966207,0.233390583121879,Archaic
1968,Central Andes (15),6040,0.00111797557021087,0.000562163578649897,0.00162479939942186,0.127312303158491,0.0155350610098099,0.229237721725542,Archaic
1969,Central Andes (15),6010,0.0010894435481369,0.000591415605996835,0.00164848245047365,0.121574336384157,0.0214178253145449,0.234000530323465,Archaic
1970,Central Andes (15),5980,0.00104744615205019,0.000493337260821441,0.00166428299938874,0.113128399298823,0.00169366120030354,0.237178118804787,Archaic
1971,Central Andes (15),5950,0.000989367774169455,0.00042787226773008,0.00169517246147848,0.101448476939203,-0.0114717553364717,0.243390181401981,Archaic
1972,Central Andes (15),5920,0.000912362870086577,0.000360296911740822,0.00154713084075618,0.0859623126588421,-0.0250615789537731,0.213618092388416,Archaic
1973,Central Andes (15),5890,0.000825802538331976,0.000311723622323607,0.00139284837752709,0.0685544925507673,-0.0348299690129689,0.182590931201734,Archaic
1974,Central Andes (15),5860,0.000754333982290607,0.000318113170457652,0.0012777469241398,0.0541817222328453,-0.0335449912150016,0.159443314341573,Archaic
1975,Central Andes (15),5830,0.000719604964782206,0.000324609239998187,0.00117397400910184,0.0471975012038598,-0.0322385913008727,0.138573936874391,Archaic
1976,Central Andes (15),5800,0.000715345449983097,0.000294916957010996,0.00114188732925631,0.0463408863334272,-0.0382098937481002,0.132121106353824,Archaic
1977,Central Andes (15),5770,0.000710663077811482,0.000259593194408441,0.00124446993602221,0.0453992322201597,-0.0453137217078739,0.152751105437709,Archaic
1978,Central Andes (15),5740,0.00068488810985132,0.000235027964354843,0.00119132617283267,0.0402157261447218,-0.0502539419798899,0.142063564728041,Archaic
1979,Central Andes (15),5710,0.000648596744679695,0.000171193952088378,0.00116928515030903,0.0329173073011444,-0.0630913581471656,0.137630978261329,Archaic
1980,Central Andes (15),5680,0.000633300875554274,0.000127091238544934,0.001090356065576,0.0298412130587278,-0.0719606876434844,0.121757849306339,Archaic
1981,Central Andes (15),5650,0.000664119935052338,0.000167702340941752,0.00113813285437924,0.0360391172576548,-0.0637935428257101,0.131366058147153,Archaic
1982,Central Andes (15),5620,0.000744245042229901,0.000227185248738104,0.00125395584186974,0.0521527737515036,-0.0518311607803218,0.154658779994966,Archaic
1983,Central Andes (15),5590,0.000854837419786897,0.000371241840241442,0.00130829651150242,0.0743935874685114,-0.0228604858829346,0.165587026021099,Archaic
1984,Central Andes (15),5560,0.000963168375658524,0.000457858843433373,0.00142510530374663,0.0961796152450148,-0.00544126879697958,0.189077999325053,Archaic
1985,Central Andes (15),5530,0.00103650223710154,0.000533644453559457,0.00152538075554683,0.110927510059578,0.00979968789893143,0.209244015221833,Archaic
1986,Central Andes (15),5500,0.00105938313589487,0.000483966075541601,0.00164757560428711,0.115529000858325,-0.000190942338571215,0.233818157925382,Archaic
1987,Central Andes (15),5470,0.00103907789363956,0.000451187284929683,0.00165803745500587,0.111445490579814,-0.00678296063108648,0.235922101055199,Archaic
1988,Central Andes (15),5440,0.000998169237525584,0.000439188547860787,0.00165584963848723,0.103218505862217,-0.00919598114736157,0.235482117570686,Archaic
1989,Central Andes (15),5410,0.000960007504791353,0.000311023342274379,0.00161497229163582,0.0955439444900024,-0.0349707996784149,0.227261429340168,Archaic
1990,Central Andes (15),5380,0.000942697499299943,0.00031965271590708,0.00159759228092746,0.0920627949200294,-0.0332353790671667,0.223766201286453,Archaic
1991,Central Andes (15),5350,0.000961717385619726,0.000342402486609093,0.0016013377013749,0.0958878121400357,-0.0286602589416648,0.224519428591115,Archaic
1992,Central Andes (15),5320,0.00102881975334049,0.000363058360142823,0.00177022061844638,0.109382514880091,-0.0245062345362396,0.258482831689453,Archaic
1993,Central Andes (15),5290,0.00114027914359948,0.000439138994345908,0.00186729915581658,0.131797690234142,-0.00920594666684666,0.278005928246967,Archaic
1994,Central Andes (15),5260,0.00126426557315482,0.000517457200389266,0.00211897952079972,0.156732130962267,0.00654433079113511,0.328620412151461,Archaic
1995,Central Andes (15),5230,0.00135561119886028,0.000567654266104935,0.00222747484488806,0.175102303392385,0.016639272344835,0.350439495396794,Archaic
1996,Central Andes (15),5200,0.00138691638059418,0.000662255104709277,0.00221727938742777,0.181397969790928,0.0356640882982452,0.348389125605103,Archaic
1997,Central Andes (15),5170,0.00136756296713447,0.000627755461880395,0.00214051752578179,0.177505878192447,0.0287259959413373,0.332951838667682,Archaic
1998,Central Andes (15),5140,0.00133398412860686,0.000639492999051175,0.0020268838984032,0.170752965297152,0.0310864875364947,0.31009941073057,Archaic
1999,Central Andes (15),5110,0.00132602365851067,0.000639987020702404,0.00209606967207729,0.169152065339847,0.0311858383575899,0.324013099342243,Archaic
2000,Central Andes (15),5080,0.00136787598445931,0.000591998347883907,0.00216757281069818,0.177568827919778,0.0215350183258696,0.338392824431606,Archaic
2001,Central Andes (15),5050,0.00146661664161567,0.000606035434455976,0.00225503163159231,0.197426187085221,0.0243579635819114,0.355981336283727,Archaic
2002,Central Andes (15),5020,0.00161988027751805,0.000808659518044442,0.00254858999264118,0.228248455771318,0.0651069247419874,0.415017745188066,Archaic
2003,Central Andes (15),4990,0.00181859069641708,0.00098222225541307,0.00272242680860117,0.268210354665157,0.100011468755793,0.449977408108157,Archaic
2004,Central Andes (15),4960,0.0020351418259814,0.00119158109114731,0.00288081431335899,0.311760131234212,0.142114830383725,0.481830118631582,Archaic
2005,Central Andes (15),4930,0.00221234944654481,0.00128591848270874,0.00303235289868949,0.347397683887005,0.161086665501247,0.512305468938049,Archaic
2006,Central Andes (15),4900,0.00229072745858281,0.00140231206034912,0.00317458117839815,0.363159988701801,0.184494136570595,0.540908458982825,Archaic
2007,Central Andes (15),4870,0.00224889925811463,0.00140551352831197,0.00319675219484751,0.354748077905772,0.185137971653588,0.54536718803504,Archaic
2008,Central Andes (15),4840,0.00211915948147427,0.00118236168685209,0.00309986434256948,0.328656603360363,0.140260750943159,0.525882439433392,Archaic
2009,Central Andes (15),4810,0.00196230214453732,0.00100042928741287,0.00305602182197104,0.297111619085451,0.103673015925611,0.517065436353668,Archaic
2010,Central Andes (15),4780,0.00183554001571051,0.000921561264159912,0.00284690994901604,0.271618968001469,0.0878121668133496,0.47501174047386,Archaic
2011,Central Andes (15),4750,0.00176147318304776,0.000889348022830035,0.00260377807220606,0.256723668124115,0.0813338839925506,0.426116410612538,Archaic
2012,Central Andes (15),4720,0.00172505626004643,0.000837147935375671,0.00255217756480611,0.249399998821484,0.0708361223318457,0.415739228223148,Archaic
2013,Central Andes (15),4690,0.00170522821665535,0.000881743327644225,0.00261472957266761,0.24541245619716,0.0798045325784799,0.42831882534552,Archaic
2014,Central Andes (15),4660,0.00169427283162014,0.000884796221830378,0.00262204208062968,0.243209260252299,0.0804184885525883,0.429789416094912,Archaic
2015,Central Andes (15),4630,0.00168650246981807,0.000843437144086192,0.00262822539475322,0.241646592253191,0.0721009212488054,0.431032918953004,Archaic
2016,Central Andes (15),4600,0.00165959125054149,0.000795859091090212,0.00245911242764863,0.236234578983835,0.062532679412643,0.397023251364791,Archaic
2017,Central Andes (15),4570,0.00158339773396041,0.000765726352077484,0.00246841474475217,0.220911589767421,0.0564727985241983,0.398894005085857,Archaic
2018,Central Andes (15),4540,0.00144838321020282,0.000643371661969752,0.00232212423245486,0.193759330829542,0.0318665107293109,0.369474074847959,Archaic
2019,Central Andes (15),4510,0.00127946655461768,0.000473838335111973,0.0021369701755293,0.159789142706651,-0.0022276938149872,0.332238444508904,Archaic
2020,Central Andes (15),4480,0.00112787473563045,0.000353181541870532,0.00186449879652374,0.129303086781324,-0.0264925240090159,0.277442758607714,Archaic
2021,Central Andes (15),4450,0.0010435413635545,0.00039025392663632,0.00171994551737179,0.112343122090254,-0.0190370372762508,0.248372196740606,Archaic
2022,Central Andes (15),4420,0.00104559865989376,0.000331173854515014,0.00178722163134881,0.112756857156385,-0.030918406566464,0.261901840931463,Archaic
2023,Central Andes (15),4390,0.0011096211702182,0.000394099995673295,0.00184879984442352,0.125632181453371,-0.0182635689153773,0.274285601876606,Archaic
2024,Central Andes (15),4360,0.00118914055629445,0.000501671776320705,0.00191426469159881,0.14162402367325,0.00336978401035084,0.287450989068754,Archaic
2025,Central Andes (15),4330,0.00124471587292381,0.00061451149446873,0.00196864215117518,0.152800564875471,0.0260625518723719,0.298386633780968,Archaic
2026,Central Andes (15),4300,0.00126430618108637,0.000630213894363676,0.00192140458517881,0.156740297469407,0.0292204019764034,0.288886865994269,Archaic
2027,Central Andes (15),4270,0.00126450991402223,0.00053449451151456,0.00194259045561406,0.156781269427644,0.00997063983111466,0.293147476066968,Archaic
2028,Central Andes (15),4240,0.00127470541569028,0.000565443816501295,0.00198031399592554,0.158831648109787,0.016194737206416,0.300733914222539,Archaic
2029,Central Andes (15),4210,0.00131630617730065,0.000671517258425018,0.00208074636038415,0.167197819539506,0.0375267649126793,0.320931486229087,Archaic
2030,Central Andes (15),4180,0.00139922243443675,0.00072360224320171,0.00221626680240975,0.183872793618303,0.0480013787103128,0.348185488471551,Archaic
2031,Central Andes (15),4150,0.00153323229034329,0.000703594126844258,0.00233243873717858,0.210823007614059,0.0439776222945058,0.371548385783405,Archaic
2032,Central Andes (15),4120,0.00172891695439331,0.000798310792925055,0.0025202686304027,0.250176408422977,0.0630257318725224,0.409322143414488,Archaic
2033,Central Andes (15),4090,0.00197863949316315,0.00108415572042444,0.00287701945565125,0.300397161321213,0.120510921402778,0.481066949186953,Archaic
2034,Central Andes (15),4060,0.00223797140562118,0.00124472113817965,0.00318074413701262,0.352550418925988,0.152801623751109,0.542147868221671,Archaic
2035,Central Andes (15),4030,0.00245077784952822,0.00152895113809381,0.00344214918147445,0.395347115961243,0.209962041318025,0.594718045543027,Archaic
2036,Central Andes (15),4000,0.00259302904877897,0.00168847402789261,0.00364394677439995,0.423954715268223,0.242043084821998,0.635300794299681,Archaic
2037,Central Andes (15),3970,0.00266917511162896,0.00175775849288919,0.00353962031299165,0.439268161244709,0.255976620871328,0.614320095220843,Archaic
2038,Central Andes (15),3940,0.00267918536832743,0.00166605624500459,0.00358298356399044,0.441281286013416,0.23753472950697,0.62304071420863,Archaic
2039,Central Andes (15),3910,0.00261045759229137,0.00156869358871863,0.00372097359688899,0.427459703570137,0.217954494871602,0.650791366507598,Archaic
2040,Central Andes (15),3880,0.00246323972629229,0.00154206384306641,0.00359178193815119,0.397853276745526,0.212599087695577,0.624810121875274,Archaic
2041,Central Andes (15),3850,0.00226702599032463,0.00144488258843002,0.00330365655579663,0.358393476289334,0.193055334058134,0.566866318715903,Archaic
2042,Central Andes (15),3820,0.00206878739739664,0.00115809616053353,0.00304066210651001,0.318526464527506,0.135380802952908,0.513976502216783,Archaic
2043,Central Andes (15),3790,0.00191009542738217,0.000921816288656832,0.0029045614763971,0.286612524150759,0.087863453822948,0.486605820547981,Archaic
2044,Central Andes (15),3760,0.00180406182500858,0.000933291213205443,0.00286002238280867,0.265288508425364,0.0901711323894102,0.47764873231544,Archaic
2045,Central Andes (15),3730,0.00173770033349185,0.000805083991580077,0.00263970561398793,0.251942800489517,0.0643878641720743,0.433341662313713,Archaic
2046,Central Andes (15),3700,0.00169888700227182,0.000817507837233176,0.00254994158265235,0.244137198616492,0.0668863766638329,0.415289558330385,Archaic
2047,Central Andes (15),3670,0.00169062630257307,0.000864709657302385,0.00260147544037622,0.242475920622199,0.076378955722656,0.425653337056135,Archaic
2048,Central Andes (15),3640,0.00171529598069303,0.000944421420090037,0.00263251145219581,0.247437146048804,0.0924094860935291,0.431894871713827,Archaic
2049,Central Andes (15),3610,0.00176193426837553,0.000962333493607956,0.00257906515107942,0.256816395246084,0.09601171528145,0.421146488748824,Archaic
2050,Central Andes (15),3580,0.00181409546740666,0.00103683943173415,0.00252292023493381,0.267306336203446,0.110995321993599,0.409855397547643,Archaic
2051,Central Andes (15),3550,0.00186948309747199,0.00111244672767038,0.00262161605132864,0.278445132472425,0.126200418598903,0.429703738957556,Archaic
2052,Central Andes (15),3520,0.00195594390564301,0.00130684586290371,0.00270456994175138,0.29583293776997,0.165295291581842,0.446386281323936,Archaic
2053,Central Andes (15),3490,0.00211887842431039,0.00138486040671314,0.00285648312760245,0.328600081019821,0.180984500679355,0.476936966120721,Archaic
2054,Central Andes (15),3460,0.0023849906603747,0.0016452613242587,0.00320065660045568,0.382116903796079,0.233352741843933,0.546152388242552,Archaic
2055,Central Andes (15),3430,0.00274726782766774,0.00199598715910459,0.00367847843323927,0.454973091262861,0.303885884641495,0.642245325275053,Early Formative
2056,Central Andes (15),3400,0.00318687745569953,0.00222188121455638,0.00410666429460897,0.54338131668707,0.349314581610175,0.728356160301383,Early Formative
2057,Central Andes (15),3370,0.00367851233319717,0.00258765904189694,0.0047752988952282,0.642252142767049,0.422874773545652,0.862822729567915,Early Formative
2058,Central Andes (15),3340,0.004162074058784,0.00307812481769081,0.00533040313918441,0.739499407877239,0.521510486014869,0.974457639279372,Early Formative
2059,Central Andes (15),3310,0.00455594131374872,0.00335395513121044,0.00584315375553755,0.818708558095436,0.576981674500102,1.07757497153596,Early Formative
2060,Central Andes (15),3280,0.00481301386306558,0.00372416718574936,0.00608692171269578,0.870407443745724,0.651433617054165,1.12659822110429,Early Formative
2061,Central Andes (15),3250,0.00494809559178211,0.00380290994569209,0.00621399947964471,0.897573218018073,0.667269274937069,1.15215434897421,Early Formative
2062,Central Andes (15),3220,0.00500895216425338,0.00382336909680419,0.00647623584403943,0.909811852557705,0.671383737242192,1.20489170989515,Early Formative
2063,Central Andes (15),3190,0.00503753841149435,0.0036849180485848,0.00636593678590553,0.91556072434977,0.643540371900083,1.18270988453514,Early Formative
2064,Central Andes (15),3160,0.00506491588666222,0.00370702434865059,0.00642922425685315,0.921066504573517,0.647986086085784,1.19543738785011,Early Formative
2065,Central Andes (15),3130,0.00510485874898941,0.00388132924860612,0.00645345988625172,0.929099262164657,0.683039883603381,1.20031132338414,Early Formative
2066,Central Andes (15),3100,0.00514707695887965,0.00386589377729022,0.00641175441957848,0.937589606276759,0.679935714493767,1.19192409511624,Early Formative
2067,Central Andes (15),3070,0.00516779164826844,0.00372599761135153,0.00644936180287805,0.941755458915781,0.651801727006587,1.19948717337558,Early Formative
2068,Central Andes (15),3040,0.00514430439461995,0.00384046018694387,0.00641814538769424,0.937032026391231,0.674820861575841,1.19320935848134,Early Formative
2069,Central Andes (15),3010,0.00506842911455466,0.00392120493948428,0.00651617159142577,0.921773036513848,0.691059132599101,1.21292303662751,Early Formative
2070,Central Andes (15),2980,0.00496566041943725,0.0035913384153807,0.0064447482306266,0.901105613907183,0.624720926692607,1.19855935535338,Early Formative
2071,Central Andes (15),2950,0.00488608242292861,0.00344105879295169,0.00642750843293989,0.88510198476548,0.594498761641644,1.19509232500881,Early Formative
2072,Central Andes (15),2920,0.00486430769667359,0.00364450842315632,0.00620706457373404,0.880722952131634,0.635413745351471,1.15075969634162,Early Formative
2073,Central Andes (15),2890,0.0049011516853119,0.00376488059613467,0.00608327152024298,0.888132506985211,0.659621336643584,1.12586414474056,Early Formative
2074,Central Andes (15),2860,0.00498570812679095,0.00386136267615651,0.00622029680499362,0.905137332318128,0.679024481925357,1.15342078019754,Early Formative
2075,Central Andes (15),2830,0.00510709571169675,0.00390281298451012,0.00637070951155658,0.929549129252831,0.687360396271082,1.18366970929406,Early Formative
2076,Central Andes (15),2800,0.00524658293083937,0.00395729490060797,0.00667178008791542,0.957600875000459,0.698317047838262,1.2442168713353,Early Formative
2077,Central Andes (15),2770,0.00537495555040057,0.0040187528645839,0.00669898078953993,0.98341740576953,0.710676625943098,1.24968710130202,Early Formative
2078,Central Andes (15),2740,0.00545512032687122,0.00418293799120172,0.00692952262624068,0.999539040004496,0.743695274215927,1.29605049593467,Early Formative
2079,Central Andes (15),2710,0.00545741244902601,0.00406872490635015,0.00694212229803718,1,0.720726313783554,1.29858436815545,Early Formative
2080,Central Andes (15),2680,0.00539503038403398,0.00392259288540234,0.00699955369836338,0.987454579443733,0.691338257140003,1.31013417931222,Early Formative
2081,Central Andes (15),2650,0.00533030066256404,0.0035804955782601,0.00692014120878472,0.97443703059481,0.622540364832105,1.29416383464165,Early Formative
2082,Central Andes (15),2620,0.00531604051814812,0.00372264565676658,0.00689901012810518,0.971569227021559,0.651127628129625,1.28991424312898,Early Formative
2083,Central Andes (15),2590,0.00535539943976565,0.00390271794712898,0.00695642304097549,0.979484550510709,0.687341283663716,1.3014603363436,Early Formative
2084,Central Andes (15),2560,0.00541366578058873,0.00399259131403868,0.00693611942878283,0.991202273384965,0.705415375709787,1.2973771538808,Early Formative
2085,Central Andes (15),2530,0.00545193011131134,0.00404753661765472,0.00686186750067318,0.9988974678496,0.71646521738372,1.28244463015995,Early Formative
2086,Central Andes (15),2500,0.00545197332542631,0.00404238034511121,0.00696153358185082,0.998906158476408,0.71542825896355,1.30248809784138,Early Formative
2087,Central Andes (15),2470,0.00542057008221827,0.00377513134776665,0.00705611054473412,0.992590771306618,0.661682826436483,1.32150811223906,Early Formative
2088,Central Andes (15),2440,0.00536941181007166,0.00368723347821111,0.00692175256155824,0.982302525172201,0.644006019172809,1.29448788768816,Late Formative
2089,Central Andes (15),2410,0.00529558506262904,0.00377565861383603,0.00700161719846737,0.967455507923136,0.66178886291646,1.31054916199395,Late Formative
2090,Central Andes (15),2380,0.00517957240460214,0.00349291710536049,0.0067571510894635,0.94412464215292,0.604927790218846,1.26138550975513,Late Formative
2091,Central Andes (15),2350,0.00501752747753312,0.00326705819650611,0.00651275859225788,0.911536401296349,0.559506161449105,1.21223666130594,Late Formative
2092,Central Andes (15),2320,0.00485674134744912,0.00316345505253334,0.00634400615907825,0.879201312328452,0.53867092599712,1.17829949932834,Late Formative
2093,Central Andes (15),2290,0.00475532009906804,0.00334895443514989,0.00611360719253218,0.858804869625813,0.57597600347652,1.13196483677077,Late Formative
2094,Central Andes (15),2260,0.00471346036057953,0.00339699654800931,0.00599258645605118,0.850386616338095,0.585637570632241,1.1076268153318,Late Formative
2095,Central Andes (15),2230,0.00469678592831893,0.00341732528148684,0.00590490213712093,0.847033284490665,0.589725805141381,1.08999295442466,Late Formative
2096,Central Andes (15),2200,0.00471212440044437,0.0035273266694055,0.00589376064758165,0.850117946460878,0.611847767173081,1.08775233170863,Late Formative
2097,Central Andes (15),2170,0.00481111484691799,0.00364607846894168,0.00613716746383461,0.870025539808788,0.635729491306216,1.13670295359884,Late Formative
2098,Central Andes (15),2140,0.00501249383064604,0.00372807649933843,0.0064190631910546,0.910524103656984,0.652219804287106,1.19339393443511,Late Formative
2099,Central Andes (15),2110,0.00525542614894061,0.00395074547451426,0.00669477585672849,0.959379301061939,0.696999917590036,1.24884146320817,Late Formative
2100,Central Andes (15),2080,0.00543373628965824,0.00420357591566842,0.00669059681897898,0.995238577362518,0.747845688952539,1.24800103277203,Late Formative
2101,Central Andes (15),2050,0.00545343929723412,0.00440233722353877,0.0065436345530543,0.999200974508146,0.787817821934444,1.21844600870923,Late Formative
2102,Central Andes (15),2020,0.00527903138260677,0.00415458262930058,0.00645417808014324,0.9641264601005,0.737992834899107,1.20045575663448,Late Formative
2103,Central Andes (15),1990,0.00494540078734873,0.00384593632941172,0.00612625423166398,0.897031276116375,0.675922147823643,1.13450823485675,Late Formative
2104,Central Andes (15),1960,0.00453157945553601,0.0033981258596538,0.00558023533465588,0.813809237163216,0.58586468221505,1.02470044482109,Late Formative
2105,Central Andes (15),1930,0.00410544547147323,0.00309887953817968,0.00515716043829093,0.72811104740197,0.525684389156646,0.939617456587598,Late Formative
2106,Central Andes (15),1900,0.00371107138451603,0.00274243321871846,0.00469789185250457,0.648799970123523,0.454000821388475,0.847255692710303,Late Formative
2107,Central Andes (15),1870,0.00339064276250602,0.00252092448125166,0.00437257442366112,0.584359784921344,0.409454039091931,0.781832338102755,Late Formative
2108,Central Andes (15),1840,0.00318756668570289,0.00228546324762261,0.00419237598404423,0.543519925119691,0.362101323195921,0.745593313170415,Late Formative
2109,Central Andes (15),1810,0.00311763352876321,0.00223292164796402,0.0040654508145567,0.529455933093332,0.351534881310738,0.720067873597358,Late Formative
2110,Central Andes (15),1780,0.00314496281534201,0.00217727944364123,0.00401539064205853,0.534952022292648,0.34034488857811,0.710000462119571,Late Formative
2111,Central Andes (15),1750,0.0032122427726594,0.00228512873021097,0.00426473182857073,0.548482439403114,0.362034049667658,0.760144522711247,Late Formative
2112,Central Andes (15),1720,0.00327948723905528,0.00231673343658486,0.00430589212120658,0.562005719068928,0.368389952330842,0.768422113095626,Late Formative
2113,Central Andes (15),1690,0.00333893643070549,0.00229261550505377,0.00428017592550359,0.573961320588007,0.363539686568665,0.763250426485983,Late Formative
2114,Central Andes (15),1660,0.00339967619372117,0.00237910799360859,0.0044509951406949,0.586176464020932,0.380933862988073,0.79760323115733,Late Formative
2115,Central Andes (15),1630,0.00346847624732539,0.002521720881245,0.00448341764907143,0.600012581931888,0.409614200074879,0.804123598880403,Late Formative
2116,Central Andes (15),1600,0.00355509792523713,0.00261929718746519,0.00460906191273773,0.61743273913302,0.429237401038422,0.829391440340566,Late Formative
2117,Central Andes (15),1570,0.00367466882081526,0.00266399821798794,0.00469638829581377,0.641479188565381,0.438227055793809,0.846953318125256,Late Formative
2118,Central Andes (15),1540,0.00381697194347914,0.00278314160587857,0.00480213061140218,0.670097229993098,0.46218753077612,0.868218754269759,Late Formative
2119,Central Andes (15),1510,0.00393446314898813,0.00294664008894976,0.00494455245349255,0.693725440841222,0.495068090768834,0.896860670911188,Late Formative
2120,SE Australia (32),4990,0.00136714142834284,0.000830088304268612,0.00189985452468,0,-0.0655900426536658,0.0650599971299883,HG
2121,SE Australia (32),4960,0.0014161531583052,0.000886494818217475,0.00194816928532518,0.00598577927333041,-0.0587011419285689,0.0709606558720483,HG
2122,SE Australia (32),4930,0.00146230472617938,0.000968294339040798,0.00193042922186197,0.0116222483109504,-0.0487110053492504,0.0687940703573719,HG
2123,SE Australia (32),4900,0.00153626860268048,0.00104228949004274,0.00201169021257549,0.0206554213753472,-0.0396740127449378,0.0787184365104727,HG
2124,SE Australia (32),4870,0.00167800679320791,0.00120617056090495,0.00223006500183971,0.0379658391824732,-0.0196592954923195,0.105388445677658,HG
2125,SE Australia (32),4840,0.00190444146584091,0.00132595548824713,0.0025596789343372,0.0656201980727024,-0.00503001927838289,0.14564403850941,HG
2126,SE Australia (32),4810,0.00218207198988054,0.00147033986527663,0.00286936098813535,0.0995270819496167,0.0126035760278778,0.183465360473991,HG
2127,SE Australia (32),4780,0.00243869989428447,0.00167968539862202,0.00314937699125126,0.130868925877981,0.0381708464634573,0.217663581776104,HG
2128,SE Australia (32),4750,0.00261397753171357,0.00187879795568768,0.00338383232173628,0.152275500385905,0.0624883683721688,0.246297499795668,HG
2129,SE Australia (32),4720,0.00270292600312082,0.00201942321957094,0.00343887529068219,0.163138734900436,0.0796628649774831,0.253019871417973,HG
2130,SE Australia (32),4690,0.00273860726407812,0.00204604160334812,0.0034320391533247,0.167496470333332,0.0829137555301191,0.25218497721335,HG
2131,SE Australia (32),4660,0.0027511017137811,0.00205222965929278,0.00341273333444694,0.169022411533963,0.0836694998599812,0.249827166734472,HG
2132,SE Australia (32),4630,0.00276129516264877,0.00211926908662901,0.00338121588073667,0.170267332596792,0.0918569932407156,0.245977955100605,HG
2133,SE Australia (32),4600,0.00277725535525157,0.00207981975243601,0.00352392966933097,0.172216543329684,0.087039064815408,0.263407522235703,HG
2134,SE Australia (32),4570,0.00278245599277867,0.002010001096856,0.00357648882955457,0.172851694717764,0.0785121456108912,0.269826547479899,HG
2135,SE Australia (32),4540,0.00275194115891482,0.00192625311900023,0.00352814190679741,0.169124932568955,0.0682840449007657,0.263921960794398,HG
2136,SE Australia (32),4510,0.00268557978554217,0.00193043590697766,0.00341251083714979,0.161020249596352,0.0687948868073727,0.249799993245377,HG
2137,SE Australia (32),4480,0.0026076530136461,0.00199034087415755,0.00328697591169813,0.151503090001878,0.0761110519619241,0.234468472496675,HG
2138,SE Australia (32),4450,0.00253447774363863,0.00188170212313135,0.00319792881655587,0.142566229073535,0.0628430529610199,0.223593193112287,HG
2139,SE Australia (32),4420,0.00246062808827733,0.00176014319159434,0.00312896640500147,0.133547005782625,0.0479971184583762,0.21517084658344,HG
2140,SE Australia (32),4390,0.00238405669911928,0.00170343928242642,0.00306797018933752,0.124195378437407,0.0410718969965984,0.207721407770461,HG
2141,SE Australia (32),4360,0.00231858857012145,0.00167170528604288,0.0029185932377557,0.116199786975528,0.0371962391090189,0.189478071708287,HG
2142,SE Australia (32),4330,0.00227544369124548,0.00169029327740305,0.00283680398364481,0.110930523435464,0.0394663816545277,0.179489188997676,HG
2143,SE Australia (32),4300,0.00225098088141778,0.00165954595028757,0.00283323364901133,0.107942892104218,0.0357112252154567,0.179053145726721,HG
2144,SE Australia (32),4270,0.00223531979644527,0.00159268089688544,0.00282765863694356,0.106030211243977,0.0275450280403719,0.178372272154018,HG
2145,SE Australia (32),4240,0.00222076397011313,0.00160374141639293,0.00286612680912426,0.104252515095891,0.0288958440281175,0.183070371729344,HG
2146,SE Australia (32),4210,0.00219881400618311,0.00160499811228037,0.00288018025440427,0.101571776439174,0.0290493236992427,0.184786712318436,HG
2147,SE Australia (32),4180,0.00216302155381983,0.00155648497133904,0.00271751707775164,0.0972004612527407,0.023124436865952,0.164920735906478,HG
2148,SE Australia (32),4150,0.00211889821107686,0.00155008432836722,0.00270052346553407,0.091811698385897,0.0223427293835568,0.162845314127465,HG
2149,SE Australia (32),4120,0.00208318518715098,0.00149527272722026,0.00264512588147712,0.0874500837567524,0.0156486146005141,0.156079633530282,HG
2150,SE Australia (32),4090,0.00206732404671385,0.00144437360622838,0.0027170604582266,0.0855129702177517,0.00943232915827545,0.164864969181025,HG
2151,SE Australia (32),4060,0.00207089211913481,0.00148190370215135,0.00270017951542338,0.0859487372057672,0.0140158619263355,0.162803307664008,HG
2152,SE Australia (32),4030,0.00209727567856134,0.00151964834661847,0.00271579135151688,0.0891709487721268,0.0186255974060679,0.164709973782076,HG
2153,SE Australia (32),4000,0.00216891457861364,0.00163304964672406,0.00276953244156116,0.0979201735684473,0.032475244261262,0.171273347553218,HG
2154,SE Australia (32),3970,0.00230249184098835,0.00172424133112652,0.00286903814461559,0.11423390110112,0.0436124413121636,0.183425931748448,HG
2155,SE Australia (32),3940,0.00247934914369659,0.00192554024872031,0.0031248563178363,0.135833399378393,0.0681969823924773,0.214668883592463,HG
2156,SE Australia (32),3910,0.00265227368730465,0.00206467755461962,0.00324365547095874,0.156952591656941,0.0851897553967922,0.229177767669718,HG
2157,SE Australia (32),3880,0.00277957205784403,0.00213928918828812,0.00338918499004784,0.172499481115619,0.0943020387360103,0.246951218631157,HG
2158,SE Australia (32),3850,0.00285227417118537,0.00225910613867354,0.00349561238584339,0.181378555645333,0.10893522590899,0.259949145869327,HG
2159,SE Australia (32),3820,0.00289092126798799,0.00226335876149271,0.00356007638684129,0.186098507199648,0.109454596711609,0.267822103656076,HG
2160,SE Australia (32),3790,0.00292003454582146,0.00226776321922863,0.00362485779470922,0.189654097976961,0.109992511040407,0.275733826192924,HG
2161,SE Australia (32),3760,0.00294499630653117,0.00228606674180555,0.0036308254345921,0.192702665942156,0.112227911548694,0.276462651213977,HG
2162,SE Australia (32),3730,0.00295102296004549,0.00232807912603971,0.00367925004727902,0.193438698269952,0.1173588640567,0.282376726133654,HG
2163,SE Australia (32),3700,0.00292865450858523,0.00232123820014331,0.003607093399591,0.190706849930174,0.116523385030096,0.273564269064792,HG
2164,SE Australia (32),3670,0.00288606919153472,0.00226470920336515,0.00351854593693533,0.18550592540976,0.109619525535303,0.262750009558396,HG
2165,SE Australia (32),3640,0.00283680260660502,0.002174383470463,0.0034465453148823,0.179489020820461,0.0985880867293403,0.253956607826139,HG
2166,SE Australia (32),3610,0.00278997790297095,0.00217190513561314,0.00340086771173318,0.173770342032589,0.0982854088726714,0.248378023875002,HG
2167,SE Australia (32),3580,0.00275333675172743,0.00215409710682266,0.00335905277855577,0.169295375655502,0.0961105227848956,0.243271185970662,HG
2168,SE Australia (32),3550,0.00273429225920778,0.00217147052713223,0.00336604310286192,0.166969480840469,0.0982323303455708,0.244124910954004,HG
2169,SE Australia (32),3520,0.00273308257828641,0.00216390994741806,0.00334757647484283,0.166821743084792,0.0973089603404269,0.241869590455628,HG
2170,SE Australia (32),3490,0.00273729903656159,0.00213572082870235,0.00331892908284694,0.167336697128851,0.0938662366766931,0.238370898094111,HG
2171,SE Australia (32),3460,0.00272714673144806,0.0021466900693457,0.00328994697856102,0.166096800933149,0.0952059048201677,0.234831327479783,HG
2172,SE Australia (32),3430,0.00268848531721598,0.0021435015857489,0.00331245424641992,0.161375100797982,0.0948164968347372,0.237580129400314,HG
2173,SE Australia (32),3400,0.00262015876714469,0.00203778517096499,0.00324786653032317,0.153030411729691,0.08190540136942,0.229692062347374,HG
2174,SE Australia (32),3370,0.00252995030276133,0.00186607764153166,0.00316137602647778,0.142013294872163,0.0609348424532946,0.219129018242314,HG
2175,SE Australia (32),3340,0.00243324680230739,0.00180534338137231,0.00302924315515009,0.130202942347976,0.0535173961415215,0.202991693501351,HG
2176,SE Australia (32),3310,0.00235278935974258,0.00180272756653689,0.00292026550436783,0.120376713148159,0.0531979279195934,0.1896823048344,HG
2177,SE Australia (32),3280,0.00231264453509636,0.0017758485535197,0.00284492972535746,0.115473844804532,0.0499152068418137,0.180481581968937,HG
2178,SE Australia (32),3250,0.0023305186342486,0.00173438266182135,0.00291663734525252,0.11765680003417,0.044850997207328,0.189239199486976,HG
2179,SE Australia (32),3220,0.00240534277962845,0.00184267427444691,0.00301694822482557,0.126795037327638,0.0580766003604408,0.201490119507532,HG
2180,SE Australia (32),3190,0.00251296230609121,0.00191094116833241,0.00312680455244346,0.139938558917291,0.0664140036471296,0.214906820558574,HG
2181,SE Australia (32),3160,0.0026189553028069,0.00195073359757859,0.00327378950433407,0.15288343320241,0.0712738341081278,0.232858022835949,HG
2182,SE Australia (32),3130,0.00270365376200573,0.00200366412051002,0.00332865082807273,0.163227615746972,0.0777382137032331,0.239558210215472,HG
2183,SE Australia (32),3100,0.00276521830698644,0.00203511062275174,0.00349031424541416,0.170746464349145,0.0815787600679869,0.259302086498176,HG
2184,SE Australia (32),3070,0.00280520335742408,0.00215415875938664,0.00344599237510179,0.175629819544657,0.0961180523832171,0.253889077553689,HG
2185,SE Australia (32),3040,0.00282273546912248,0.00223100191616001,0.00355905579166496,0.177771008009187,0.105502870578057,0.267697458852524,HG
2186,SE Australia (32),3010,0.00281807768524876,0.002208354528315,0.00349161418748436,0.177202155079644,0.102736955870255,0.259460847805037,HG
2187,SE Australia (32),2980,0.00279479789095737,0.00219229064280443,0.00341226549418226,0.17435900487328,0.100775081171847,0.249770029625423,HG
2188,SE Australia (32),2950,0.00275616557149896,0.00221355205379858,0.00332521061660561,0.169640858068986,0.103371727185939,0.239138058824945,HG
2189,SE Australia (32),2920,0.00270347328525997,0.00209699895499745,0.00321000047055613,0.163205574207836,0.0891371526548616,0.2250674984748,HG
2190,SE Australia (32),2890,0.00263715181059675,0.00207641849548928,0.00316940849944165,0.155105764045641,0.0866236709219327,0.22011002034564,HG
2191,SE Australia (32),2860,0.00256210567157462,0.00201940781515397,0.00315641685431914,0.145940414774209,0.0796609836433633,0.218523356904857,HG
2192,SE Australia (32),2830,0.00249286827447003,0.00197025656266684,0.00309079024300115,0.137484484390885,0.0736581645504305,0.210508410072581,HG
2193,SE Australia (32),2800,0.00245658474368075,0.00196303601108989,0.00305095430986066,0.133053194029812,0.0727763220199893,0.20564326650166,HG
2194,SE Australia (32),2770,0.00249161827426771,0.00196259101402945,0.00301726646594408,0.137331822460599,0.0727219747406109,0.201528986144,HG
2195,SE Australia (32),2740,0.00263227955458706,0.00200703401558336,0.00319599340010038,0.154510717736125,0.0781497773860251,0.223356821620942,HG
2196,SE Australia (32),2710,0.00286695041224835,0.00212968782050052,0.00354549928865218,0.183170957987234,0.0931294282539327,0.266041809586214,HG
2197,SE Australia (32),2680,0.00312641725747104,0.00226930935076961,0.00388674927096762,0.214859520407767,0.110181339350262,0.307718507648842,HG
2198,SE Australia (32),2650,0.0033230370722452,0.00251291976431093,0.00416783157612247,0.238872604885813,0.139933363309895,0.342046955911903,HG
2199,SE Australia (32),2620,0.00341146228506365,0.00266024746110939,0.00427331320958678,0.249671934077724,0.157926424859876,0.354929377646305,HG
2200,SE Australia (32),2590,0.00341297426801715,0.00263423279702502,0.00425020654722879,0.249856591836828,0.15474926630623,0.352107371960635,HG
2201,SE Australia (32),2560,0.00339019141599552,0.00261388678792669,0.00416394888019301,0.247074132953553,0.152264417890365,0.34157276410441,HG
2202,SE Australia (32),2530,0.00340778191603049,0.00263875892936281,0.0042835300557447,0.249222452357862,0.155302040696294,0.356177156209066,HG
2203,SE Australia (32),2500,0.00350841397330037,0.00267441642063941,0.00436720385735661,0.261512597657799,0.15965687314939,0.366396197809802,Intensive HG
2204,SE Australia (32),2470,0.00368178115963902,0.00284891483177815,0.00451962884809285,0.28268584968254,0.180968281121024,0.385011789444444,Intensive HG
2205,SE Australia (32),2440,0.00387135035762421,0.00309823373761409,0.00463045908375137,0.30583784568499,0.211417480529991,0.398547433421358,Intensive HG
2206,SE Australia (32),2410,0.00403053907117516,0.00319452591216473,0.00476723948389227,0.32527948757058,0.223177598017209,0.415252358646199,Intensive HG
2207,SE Australia (32),2380,0.00414970477165521,0.00324172561064348,0.00508679471778677,0.339833137902313,0.228942074747138,0.454279487400869,Intensive HG
2208,SE Australia (32),2350,0.0042432681862908,0.00332641570091372,0.00521140702284565,0.351259993238736,0.239285235198431,0.469498328959741,Intensive HG
2209,SE Australia (32),2320,0.00432811664026532,0.00344191035907769,0.00533896593948517,0.361622494573925,0.253390542877822,0.48507703878973,Intensive HG
2210,SE Australia (32),2290,0.00440400161816288,0.00345469658069888,0.00531476673652923,0.370890290838314,0.254952118044076,0.482121601640377,Intensive HG
2211,SE Australia (32),2260,0.00445044473941714,0.00358778647489877,0.00523657921998312,0.376562367151597,0.271206323533319,0.472572597425787,Intensive HG
2212,SE Australia (32),2230,0.00445389780443503,0.00368267922350938,0.00519868159214771,0.376984088340167,0.282795529795962,0.467944178160036,Intensive HG
2213,SE Australia (32),2200,0.00443637046983245,0.00371006349931374,0.00525244838614556,0.374843483300079,0.286139958377668,0.474510691142805,Intensive HG
2214,SE Australia (32),2170,0.00444088183808742,0.00369826782734587,0.00512117235940408,0.375394454559728,0.284699358569529,0.458478012423693,Intensive HG
2215,SE Australia (32),2140,0.00447955281660939,0.00372082139930917,0.00520457615748706,0.380117322777071,0.287453815588312,0.468664078621837,Intensive HG
2216,SE Australia (32),2110,0.00452452104585012,0.0038165382730565,0.00529004926925147,0.38560927123011,0.299143671862,0.479102869115856,Intensive HG
2217,SE Australia (32),2080,0.00455281399147831,0.0038929455515727,0.00534484485585613,0.389064675225291,0.308475256452569,0.485795028050464,Intensive HG
2218,SE Australia (32),2050,0.00458553497678667,0.00383946200197068,0.00542004854678196,0.393060873600909,0.30194333597317,0.494979619060973,Intensive HG
2219,SE Australia (32),2020,0.00467456465919159,0.00386838011015418,0.00548893348496151,0.403934026375966,0.305475090773942,0.503392503803391,Intensive HG
2220,SE Australia (32),1990,0.00483989977486675,0.004031429138908,0.00567357058004349,0.424126325430135,0.325388191119531,0.525942144423677,Intensive HG
2221,SE Australia (32),1960,0.00504426365221379,0.00421575704678988,0.00583501480678062,0.449085188587605,0.347900070854099,0.545659251062112,Intensive HG
2222,SE Australia (32),1930,0.00523169643206865,0.00434680168153665,0.00604170518317745,0.471976264859747,0.363904489778933,0.570902248442194,Intensive HG
2223,SE Australia (32),1900,0.00538185995835238,0.00455708406631835,0.00615181064608546,0.490315664916218,0.38958617743492,0.584349376267745,Intensive HG
2224,SE Australia (32),1870,0.0055245139817218,0.0047569086169639,0.0063965785716743,0.507737932952824,0.413990654780963,0.614242766623301,Intensive HG
2225,SE Australia (32),1840,0.0057017644692946,0.00494535214933961,0.00650238677073717,0.529385450710632,0.437005173777825,0.627165071658961,Intensive HG
2226,SE Australia (32),1810,0.00592062323330734,0.00514521604549744,0.00675836429512433,0.556114567483705,0.461414456372572,0.658427484985156,Intensive HG
2227,SE Australia (32),1780,0.00613819153964308,0.0052962632861225,0.00690884670933313,0.582686081274349,0.479861784041309,0.676805830672274,Intensive HG
2228,SE Australia (32),1750,0.00629520441908179,0.00542708425702322,0.00716850358091639,0.601861989574505,0.495838887006986,0.708517600921858,Intensive HG
2229,SE Australia (32),1720,0.00637154612722854,0.00550646069616852,0.00725137124594708,0.611185566087035,0.505533093773236,0.718638189445277,Intensive HG
2230,SE Australia (32),1690,0.00639073870486713,0.00550465476663941,0.00736564394852483,0.613529546467224,0.505312536458636,0.732594260270011,Intensive HG
2231,SE Australia (32),1660,0.0063917436993725,0.00560765536802487,0.00723339910112423,0.61365228596825,0.517891950925075,0.716443259944513,Intensive HG
2232,SE Australia (32),1630,0.00640275073032952,0.0055503727255439,0.00719096351716353,0.614996569424763,0.510896049038984,0.711260622255153,Intensive HG
2233,SE Australia (32),1600,0.00642238096292997,0.00554396331310649,0.00729557223500495,0.617394000397321,0.510113270545927,0.724036435219636,Intensive HG
2234,SE Australia (32),1570,0.00642828804023417,0.00555525729542428,0.0072845260519727,0.61811542893944,0.511492599235673,0.722687370138795,Intensive HG
2235,SE Australia (32),1540,0.00640169313265697,0.00557387391196645,0.00728910451811274,0.614867405523942,0.513766237761048,0.723246536031241,Intensive HG
2236,SE Australia (32),1510,0.00633753254594671,0.00554617030387739,0.00713029403292946,0.607031503579857,0.510382809279267,0.70385108699633,Intensive HG
2237,SE Australia (32),1480,0.0062466066385559,0.00554743145434079,0.00714783644184773,0.595926765749001,0.510536832985636,0.705993533055426,Intensive HG
2238,SE Australia (32),1450,0.00615488515725799,0.00545219665571174,0.00686773694852721,0.584724864855198,0.498905852316898,0.671785115134327,Intensive HG
2239,SE Australia (32),1420,0.00608885072933582,0.00541002497434616,0.00685116677154082,0.576660111574986,0.493755444925985,0.669761407298738,Intensive HG
2240,SE Australia (32),1390,0.00606060660681785,0.00529719623140786,0.00680347031174424,0.573210670323039,0.479975724205359,0.663936261345292,Intensive HG
2241,SE Australia (32),1360,0.00606948800938659,0.00535026777822663,0.00676437180772268,0.574295351795309,0.486457326980764,0.659161179641989,Intensive HG
2242,SE Australia (32),1330,0.00611160553426525,0.00542369228773989,0.00681134282869924,0.579439145080228,0.495424627411425,0.66489772809732,Intensive HG
2243,SE Australia (32),1300,0.00617877279590497,0.00547367918904376,0.00694532866844886,0.587642250803658,0.501529503896964,0.681261354990496,Intensive HG
2244,SE Australia (32),1270,0.00625892820492766,0.00550158202713416,0.00696476061206288,0.597431592790604,0.504937264244066,0.683634569023435,Intensive HG
2245,SE Australia (32),1240,0.00634821899178705,0.00558578262964879,0.00707896154854854,0.608336634128521,0.515220643788537,0.697581875089469,Intensive HG
2246,SE Australia (32),1210,0.00645392314728627,0.00572263937452748,0.00723995414654085,0.621246232373229,0.531934892959898,0.717243824524067,Intensive HG
2247,SE Australia (32),1180,0.00657363841961703,0.00572894075332315,0.00739735836395724,0.635867001653745,0.532704477355665,0.736467526745341,Intensive HG
2248,SE Australia (32),1150,0.00668879639866342,0.00581900721946982,0.00762811552703645,0.64993119087261,0.543704252036071,0.764649789338253,Intensive HG
2249,SE Australia (32),1120,0.00679976851437767,0.00587784429050258,0.00769130747403147,0.66348416259326,0.550889995542001,0.772367391774542,Intensive HG
2250,SE Australia (32),1090,0.0069390637807716,0.00601646727176139,0.00778162948861047,0.680496227237668,0.567819954322553,0.783398376463467,Intensive HG
2251,SE Australia (32),1060,0.00713399955320756,0.00629840642879787,0.0080814302458748,0.704303640425777,0.602253049498451,0.82001290038131,Intensive HG
2252,SE Australia (32),1030,0.00737345384969249,0.00645352902847593,0.00821814977032703,0.733548079785708,0.621198098830341,0.836710390887243,Intensive HG
2253,SE Australia (32),1000,0.00763088422989755,0.00675470505575043,0.00848897869055493,0.764987929702055,0.657980583820533,0.869786598125056,Intensive HG
2254,SE Australia (32),970,0.00790659367525836,0.00695317508671806,0.00880395166790587,0.798660193153472,0.682219634322437,0.908254098067101,Intensive HG
2255,SE Australia (32),940,0.00821972521239699,0.00728245177321419,0.00910187589166944,0.836902798878063,0.722434039460417,0.944639441840861,Intensive HG
2256,SE Australia (32),910,0.00856069732063734,0.007640703165336,0.00955386080792348,0.87854556031204,0.76618711161787,0.999840144726668,Intensive HG
2257,SE Australia (32),880,0.00886443826950606,0.00805267791194878,0.00958860639693519,0.915641297956814,0.816501391511771,1.0040836069898,Intensive HG
2258,SE Australia (32),850,0.00906673843793043,0.00832635498249393,0.00989182992626574,0.940348121324933,0.849925441993425,1.04111615243243,Intensive HG
2259,SE Australia (32),820,0.00916721148402939,0.00846700674188606,0.00992360503050487,0.952618846666182,0.867103174482637,1.04499683080286,Intensive HG
2260,SE Australia (32),790,0.00921259991900438,0.00838094054550068,0.0100285078247314,0.958162114645722,0.856591950845895,1.05780855917642,Intensive HG
2261,SE Australia (32),760,0.00923896905998505,0.00838415787989633,0.0101079075575383,0.961382565294145,0.856984882365668,1.06750561078649,Intensive HG
2262,SE Australia (32),730,0.00926524331358378,0.00851482585294013,0.0102116471217081,0.964591427391735,0.872943299775836,1.08017527442636,Intensive HG
2263,SE Australia (32),700,0.00931737906684528,0.00859829349302131,0.0101316330795899,0.970958742144996,0.883137162966861,1.07040319751224,Intensive HG
2264,SE Australia (32),670,0.00940892619509649,0.00861220269980415,0.0101872039600691,0.982139349384118,0.884835887776884,1.07719004271906,Intensive HG
2265,SE Australia (32),640,0.00950839500154218,0.00875271552087824,0.0102529642062588,0.994287427414069,0.901996651795385,1.08522131031467,Intensive HG
2266,SE Australia (32),610,0.00955516970742208,0.00884756855615745,0.0101991209256276,1,0.913581007887749,1.07864545605575,Intensive HG
2267,SE Australia (32),580,0.00951390644957051,0.00893920332877806,0.0100982377149593,0.994960537940861,0.924772319092028,1.06632463751069,Intensive HG
2268,SE Australia (32),550,0.00941023181596605,0.00880443881358267,0.010107381695228,0.982298804240044,0.908313592936952,1.06744138747259,Intensive HG
2269,SE Australia (32),520,0.00934337310419117,0.00861802594895349,0.0101052548935178,0.974133381564881,0.885547078426312,1.0671816421911,Intensive HG
2270,South France (25),8490,0.00087451366695191,0.000728507158973485,0.0010332224440532,0.0773710286037881,0.0354391317089126,0.122950915212036,Mesolithic
2271,South France (25),8460,0.000840278880689747,0.000708323385562519,0.000970310973649692,0.0675390728393556,0.0296425140283964,0.104883245989685,Mesolithic
2272,South France (25),8430,0.000803741979090365,0.000678454983998674,0.000924103187398872,0.0570459680323432,0.0210645488943016,0.0916127407523698,Mesolithic
2273,South France (25),8400,0.000767205077490982,0.000631135823493483,0.000902664377247399,0.0465528632253308,0.0074748658936718,0.0854556865958986,Mesolithic
2274,South France (25),8370,0.000728479271012967,0.00059968348135659,0.000874636206640831,0.0354311225105473,-0.00155799425651705,0.0774062210186504,Mesolithic
2275,South France (25),8340,0.000687560271889663,0.000583009517860909,0.000792119388513916,0.0236795144758325,-0.00634662270747017,0.0537080533294246,Mesolithic
2276,South France (25),8310,0.000646641272766358,0.000544628641307649,0.000749881002576469,0.0119279064411177,-0.0173693023170946,0.041577527994234,Mesolithic
2277,South France (25),8280,0.000609945682686495,0.000498192413034752,0.000724568298715274,0.00138922757652346,-0.0307054142691299,0.034307922665443,Mesolithic
2278,South France (25),8250,0.000605108404092969,0.000499847576657711,0.00071156241420919,0,-0.0302300645649078,0.0305727370515498,Mesolithic
2279,South France (25),8220,0.000606829592427476,0.000513932696885939,0.000700788721888604,0.000494311471307059,-0.0261849311161353,0.0274786191124325,Mesolithic
2280,South France (25),8190,0.000608550780761983,0.000499576061489391,0.000708443765474448,0.000988622942614118,-0.0303080415414206,0.0296770861726461,Mesolithic
2281,South France (25),8160,0.000617597422929324,0.000513064606394487,0.000721249820609432,0.00358674594314372,-0.0264342397359153,0.0333548823954666,Mesolithic
2282,South France (25),8130,0.000637667765387012,0.000539174792823654,0.000737645693816581,0.00935078716454584,-0.0189356038161,0.0380636455481694,Mesolithic
2283,South France (25),8100,0.000657847074572489,0.000557409960437226,0.00075699915856713,0.0151461227553421,-0.013698610076437,0.0436218052474516,Mesolithic
2284,South France (25),8070,0.000679272878186235,0.000564772716157701,0.000789116901969884,0.0212994415385994,-0.0115840857445576,0.0528457632990978,Mesolithic
2285,South France (25),8040,0.000716607566088493,0.000607864255988318,0.000828421941117641,0.0320216641668617,0.00079145853930286,0.0641338549863282,Neolithic
2286,South France (25),8010,0.000758780460064336,0.000657935095798615,0.000872196489537551,0.0441333807364742,0.0151714017448171,0.0767055538535776,Neolithic
2287,South France (25),7980,0.000800953354040179,0.00068652222576942,0.00091800723794138,0.0562450973060867,0.0233813959639332,0.0898620330088102,Neolithic
2288,South France (25),7950,0.000852430849473357,0.000720547482993887,0.000983684794927512,0.0710290207133189,0.0331531766709193,0.108724100090483,Neolithic
2289,South France (25),7920,0.000924298206551999,0.000808824539300979,0.00104911614664912,0.0916687486874589,0.0585056385200792,0.127515458996815,Neolithic
2290,South France (25),7890,0.000996881622652355,0.000890130866203965,0.00111873211828364,0.112514123063837,0.0818561628480826,0.147508607146394,Neolithic
2291,South France (25),7860,0.00106901742554848,0.000962960216086426,0.00119125797243057,0.133230946521571,0.102772167432231,0.168337450191876,Neolithic
2292,South France (25),7830,0.00112951861520011,0.00101926860263103,0.00123880993192331,0.150606402462648,0.118943483982409,0.18199399119273,Neolithic
2293,South France (25),7800,0.0011848941977614,0.00108407473811361,0.0012960374201826,0.166509825197728,0.137555285804368,0.198429266376463,Neolithic
2294,South France (25),7770,0.00124026978032269,0.0011190200993993,0.00135927122749765,0.182413247932808,0.147591313010786,0.216589508171966,Neolithic
2295,South France (25),7740,0.00129048725090116,0.0011477608949342,0.00141341994018266,0.196835302317731,0.155845438746225,0.23214058372836,Neolithic
2296,South France (25),7710,0.00132435028051272,0.00121068233861946,0.00144326626990228,0.206560492556717,0.173915972215027,0.240712210005996,Neolithic
2297,South France (25),7680,0.00135700566672403,0.00125388131959835,0.00147510955337583,0.215938857306577,0.186322372734093,0.249857345369446,Neolithic
2298,South France (25),7650,0.0013896432583403,0.00125373542278226,0.00151695739124951,0.225312111591602,0.186280472339828,0.261875708436192,Neolithic
2299,South France (25),7620,0.00142075431381351,0.00127994833125178,0.00154243828603943,0.234246956951963,0.193808609204939,0.269193616849412,Neolithic
2300,South France (25),7590,0.00145088852495959,0.00133728678215306,0.00156158172232486,0.242901260464055,0.2102757519686,0.274691458059701,Neolithic
2301,South France (25),7560,0.00148102273610567,0.00136107692257414,0.00160537952727509,0.251555563976146,0.217108089301118,0.287269836015746,Neolithic
2302,South France (25),7530,0.00151762729242779,0.00139162076966333,0.00165318953740447,0.262068098676369,0.225880036967353,0.301000487087714,Neolithic
2303,South France (25),7500,0.00158442723311817,0.00146564219187917,0.00170925653016325,0.281252505346972,0.247138395155232,0.317102477280605,Neolithic
2304,South France (25),7470,0.0016550522764268,0.00152440801592106,0.00178448283759471,0.301535450780139,0.264015468025373,0.338706868829127,Neolithic
2305,South France (25),7440,0.00172567731973543,0.00156138206908159,0.0018791972389025,0.321818396213305,0.274634119251128,0.365908084481,Neolithic
2306,South France (25),7410,0.00181111051262224,0.00164963075648185,0.00197777845785283,0.346354123319792,0.299978433778001,0.394219819115506,Neolithic
2307,South France (25),7380,0.00191071110421518,0.00175739296374652,0.00207665383594253,0.374958613593343,0.330926874547876,0.422616033893218,Neolithic
2308,South France (25),7350,0.00201031169580813,0.0018361183468209,0.00219471832052821,0.403563103866893,0.353536172529113,0.456523205999033,Neolithic
2309,South France (25),7320,0.00210367651040802,0.00192576915694491,0.0023120248002841,0.430376729051262,0.379283165445469,0.490212685203285,Neolithic
2310,South France (25),7290,0.00215229708627626,0.00197198778335601,0.00233939028872833,0.444340168095895,0.392556783889786,0.498071833783779,Neolithic
2311,South France (25),7260,0.00219209756862339,0.00202114450442188,0.00238120672109207,0.455770547092375,0.406674199530801,0.510081177440206,Neolithic
2312,South France (25),7230,0.00223189805097051,0.00202792234677098,0.00246194530180532,0.467200926088854,0.40862074143833,0.533268649620603,Neolithic
2313,South France (25),7200,0.00225547119133198,0.00203411364853722,0.00249782728814764,0.473970942746409,0.410398833599437,0.543573668023701,Neolithic
2314,South France (25),7170,0.00225561575419042,0.00205628697134182,0.00248788622850932,0.474012460038748,0.416766833892936,0.540718675506232,Neolithic
2315,South France (25),7140,0.00225557109812674,0.00205226849504485,0.00247860632105204,0.473999635175773,0.415612759762322,0.538053560587175,Neolithic
2316,South France (25),7110,0.00225608360584273,0.00201153285626279,0.00249211119224867,0.474146823277196,0.403913811345526,0.541932051172535,Neolithic
2317,South France (25),7080,0.00226329038582947,0.0020426611075908,0.0024704271209632,0.476216552630581,0.412853595217329,0.535704559987434,Neolithic
2318,South France (25),7050,0.00227245139250239,0.00207734064662519,0.00245236367623985,0.478847520198951,0.422813280407297,0.530516883683183,Neolithic
2319,South France (25),7020,0.00228161239917531,0.00207661531784465,0.00247562149646363,0.481478487767322,0.422604971804746,0.537196342928707,Neolithic
2320,South France (25),6990,0.00229842104650591,0.00209927362899615,0.00249862168067375,0.486305796334368,0.429112256857802,0.543801811179509,Neolithic
2321,South France (25),6960,0.00233133238087654,0.00213890268559098,0.00252104718106915,0.495757667340737,0.440493403754493,0.550242234852507,Neolithic
2322,South France (25),6930,0.0023647582959198,0.0021638175808154,0.00258510762422324,0.505357321785027,0.447648761636563,0.56863987982443,Neolithic
2323,South France (25),6900,0.00239819197444522,0.00217702644426406,0.00263565722753062,0.514959205839069,0.451442241173173,0.583157320062608,Neolithic
2324,South France (25),6870,0.00243181017298262,0.00222295817010932,0.00264772210213567,0.524614082559155,0.46463346407833,0.586622255187715,Neolithic
2325,South France (25),6840,0.00246550653382569,0.00227131499468859,0.00266559031204716,0.534291406865909,0.478521155870268,0.591753861621416,Neolithic
2326,South France (25),6810,0.00249920289466875,0.00229209341464789,0.00270506144952755,0.543968731172664,0.484488551265413,0.603089655416278,Neolithic
2327,South France (25),6780,0.00252866132834818,0.0023079743238088,0.00275361428308433,0.552428956821735,0.489049420878368,0.617033639412922,Neolithic
2328,South France (25),6750,0.00254519934714859,0.00233037435153055,0.00275211752106247,0.557178543047621,0.495482529003995,0.616603781376826,Neolithic
2329,South France (25),6720,0.00256084619323405,0.00235064988451683,0.00279176995353123,0.561672191624454,0.501305499297862,0.62799164163684,Neolithic
2330,South France (25),6690,0.00257642863646966,0.00233991099697684,0.00281815501259389,0.56614734421986,0.498221377012303,0.635569218770213,Neolithic
2331,South France (25),6660,0.0025874120419015,0.00236381710396944,0.00281817662058544,0.569301690080871,0.505087019013136,0.635575424411908,Neolithic
2332,South France (25),6630,0.00259556802540535,0.00241519662957483,0.00277104815661236,0.571644023063799,0.519842806272367,0.622040507924313,Neolithic
2333,South France (25),6600,0.00260372400890921,0.00243493875420287,0.00276033003131141,0.573986356046727,0.525512585968153,0.618962348387125,Neolithic
2334,South France (25),6570,0.00261186251854487,0.00241579079119862,0.00280731043536937,0.576323670674997,0.520013444720561,0.632454743255776,Neolithic
2335,South France (25),6540,0.00261992285146473,0.00243941462285205,0.00279916839506976,0.57863853357812,0.5267980195102,0.630116414649167,Neolithic
2336,South France (25),6510,0.0026279737861845,0.00244601394236762,0.00282486179641462,0.58095069739363,0.528693291093192,0.637495353238879,Neolithic
2337,South France (25),6480,0.00263603291363456,0.00242404551691604,0.00287922472614912,0.583265214095505,0.522384135674484,0.653107950212071,Neolithic
2338,South France (25),6450,0.00266571391674716,0.00247117638772686,0.00292497683447222,0.59178935989891,0.535919743386553,0.666247588406906,Neolithic
2339,South France (25),6420,0.00271516964994629,0.00253191688090594,0.00291612156767559,0.60599264942401,0.553363925379492,0.663704426876407,Neolithic
2340,South France (25),6390,0.00276462538314542,0.00258514311086941,0.00295318458764916,0.620195938949111,0.568650071304307,0.674348628656604,Neolithic
2341,South France (25),6360,0.00282204393789872,0.00261634927818194,0.00304751105565986,0.636686086895967,0.577612232021326,0.701438432980032,Neolithic
2342,South France (25),6330,0.00293384760867573,0.0027350520370301,0.00313818027221487,0.668795203540157,0.611702711371012,0.72747790404721,Neolithic
2343,South France (25),6300,0.00305591366472132,0.0028518874247395,0.00325850576453874,0.703851594843098,0.645256896721623,0.76203441942319,Neolithic
2344,South France (25),6270,0.0031779797207669,0.00294789761678998,0.00340426764582704,0.73890798614604,0.67283025307169,0.803896061496619,Neolithic
2345,South France (25),6240,0.00328530872062319,0.00304552717385602,0.00355442336403912,0.76973201322618,0.700868678053337,0.84701957825914,Neolithic
2346,South France (25),6210,0.00337221608182824,0.00316520684860431,0.00361651107386022,0.794691109638475,0.735239719806485,0.864850670055694,Neolithic
2347,South France (25),6180,0.00345899661771295,0.00323598149439166,0.00369640603026959,0.81961378283697,0.755565629870473,0.887795860108956,Neolithic
2348,South France (25),6150,0.00353915883208173,0.0032964438764715,0.00376985030717442,0.842635727230525,0.772929940588493,0.908888466797057,Neolithic
2349,South France (25),6120,0.00354460663580329,0.00334354749609448,0.00375112643361271,0.844200292722289,0.786457721978196,0.903511120632609,Neolithic
2350,South France (25),6090,0.00352909289962699,0.00333350591379745,0.00372241279000231,0.83974487224271,0.783573860160183,0.895264792711901,Neolithic
2351,South France (25),6060,0.00351357916345069,0.00331187170345474,0.00374515489209285,0.835289451763131,0.777360688637535,0.901796141849943,Neolithic
2352,South France (25),6030,0.00349578106545175,0.00326381173039468,0.00374235606071575,0.830177980907826,0.763558250218677,0.900992339948535,Neolithic
2353,South France (25),6000,0.00347335880214583,0.00325463795525655,0.00369546657736603,0.823738486900938,0.76092361564961,0.887526056777345,Neolithic
2354,South France (25),5970,0.00345080346966512,0.0032486647494097,0.0036662034691796,0.817260776495384,0.759208158885593,0.879121927041713,Neolithic
2355,South France (25),5940,0.00342906352869946,0.00317924916262631,0.00366936804192037,0.811017239986673,0.739272559656492,0.880030766926455,Neolithic
2356,South France (25),5910,0.00342517507935721,0.00319125366670203,0.00366295772824686,0.809900508553548,0.742720156850254,0.878189776303892,Neolithic
2357,South France (25),5880,0.00342855325709559,0.0032126542562404,0.00365263745377352,0.810870694078697,0.748866234353491,0.875225876330288,Neolithic
2358,South France (25),5850,0.00343193143483396,0.00322099398195935,0.00364519054533069,0.811840879603846,0.751261336625439,0.87308718401216,Neolithic
2359,South France (25),5820,0.00340895036493056,0.00319956329800726,0.00362923362847614,0.805240900828477,0.745106616248193,0.868504485599813,Neolithic
2360,South France (25),5790,0.00330878178902079,0.00313009334090691,0.00349494602329305,0.776473290019129,0.725155402300565,0.829938163503888,Neolithic
2361,South France (25),5760,0.00320363063354711,0.003000515071917,0.00339467518811056,0.746274722361099,0.687941563750957,0.801141184652395,Neolithic
2362,South France (25),5730,0.00309742532313175,0.00285821571610342,0.00331963739123456,0.71577340986698,0.647074331195378,0.779590931821967,Neolithic
2363,South France (25),5700,0.00292649394960824,0.0026927456441344,0.00314375065347188,0.666683291693983,0.599552654983399,0.729077672823056,Neolithic
2364,South France (25),5670,0.00271735183367175,0.00251221554560764,0.00295971295344018,0.606619355070551,0.547705860051733,0.676223522899549,Neolithic
2365,South France (25),5640,0.00250820971773526,0.00229377297713722,0.00275155118061219,0.546555418447118,0.484970908128174,0.616441132946304,Neolithic
2366,South France (25),5610,0.00231541641033166,0.00206079690148371,0.0025996142763284,0.491186728379792,0.418062049622227,0.572806073844037,Neolithic
2367,South France (25),5580,0.00219275184372548,0.0019624910930454,0.00244453292702223,0.455958449648922,0.38982941067567,0.528267955376155,Neolithic
2368,South France (25),5550,0.00207808265734114,0.00188043373342607,0.00229913716843696,0.423026379927771,0.366263195781114,0.486511460803662,Neolithic
2369,South France (25),5520,0.00196350367676541,0.00176268850597923,0.00218286395512552,0.390120216590645,0.332447711762456,0.453118727426795,Neolithic
2370,South France (25),5490,0.00193142901559103,0.0017295089587192,0.00212434517815502,0.380908631409107,0.32291881216757,0.436312604492167,Neolithic
2371,South France (25),5460,0.00197155703583972,0.00178651588449235,0.00215651511168768,0.392433076661317,0.339290743576043,0.445551551130119,Neolithic
2372,South France (25),5430,0.00201168505608842,0.00182014136057602,0.00221799246452689,0.403957521913527,0.34894771034899,0.463207353301653,Neolithic
2373,South France (25),5400,0.00206394394048857,0.00183153461278316,0.00227974532242162,0.418965853958781,0.352219760913458,0.480942278313274,Neolithic
2374,South France (25),5370,0.00219525622284082,0.00197667509834752,0.00243010706663275,0.456677687224728,0.393902943123777,0.524124964088667,Neolithic
2375,South France (25),5340,0.00234082117585184,0.00210026566518451,0.00257818573837627,0.498482773077938,0.429397161686648,0.566651969780747,Neolithic
2376,South France (25),5310,0.00248638612886286,0.00221774661552007,0.0027711824120222,0.540287858931148,0.463136747440667,0.622079065000165,Neolithic
2377,South France (25),5280,0.00262068079375618,0.00231542004714795,0.00296108561190141,0.578856208519172,0.491187772844233,0.676617739389383,Neolithic
2378,South France (25),5250,0.00274000628661821,0.00244558373784835,0.00303661421953624,0.613125532078094,0.528569739809105,0.698308949129331,Neolithic
2379,South France (25),5220,0.00285925975041977,0.00256419832371543,0.00316278228117785,0.647374169469123,0.562634896586512,0.734543403506967,Neolithic
2380,South France (25),5190,0.00296985269575206,0.00265500550925488,0.00327948222284537,0.67913557548576,0.58871399123835,0.768058689841762,Neolithic
2381,South France (25),5160,0.00298829452284045,0.00271269713269363,0.00325946542724941,0.684431920167451,0.605282562319369,0.762310026849153,Neolithic
2382,South France (25),5130,0.00298191009489983,0.00273476328850513,0.00323222173597599,0.682598363719553,0.611619785112827,0.754485857438282,Neolithic
2383,South France (25),5100,0.00297552566695921,0.0026636490573388,0.00323407022052923,0.680764807271654,0.591196348854318,0.755016727361626,Neolithic
2384,South France (25),5070,0.00294822771366246,0.00262551561762583,0.00320629742436493,0.672925054243319,0.580244731118706,0.747040603273952,Neolithic
2385,South France (25),5040,0.00288020460507544,0.0026289476100248,0.00313403556516427,0.653389363572865,0.581230371782331,0.726287577457585,Neolithic
2386,South France (25),5010,0.00281114093105282,0.00255886051339674,0.00307084246368323,0.633554830863366,0.561101920316982,0.708139026050807,Neolithic
2387,South France (25),4980,0.00274681270234514,0.00244302484870642,0.00306068825594816,0.615080280030337,0.52783484739129,0.705222819111189,Neolithic
2388,South France (25),4950,0.00277765063854468,0.00250523905600765,0.00307777907855844,0.623936687728008,0.545702268248565,0.710131166153149,Neolithic
2389,South France (25),4920,0.00284576454705798,0.00256986845733351,0.00314257023682602,0.643498455408313,0.564263313439606,0.728738666639205,Neolithic
2390,South France (25),4890,0.00291387845557128,0.00259895279388765,0.00323157863704472,0.663060223088618,0.572616101397688,0.754301164588268,Neolithic
2391,South France (25),4860,0.00300666870720194,0.00265782934828525,0.00336256615030597,0.689708838401034,0.589524975137004,0.791919726778648,Neolithic
2392,South France (25),4830,0.00316893718098934,0.00286247683303109,0.00347658315434737,0.736311041318919,0.648298089767116,0.824664494966878,Neolithic
2393,South France (25),4800,0.00333537931262309,0.00302781837470842,0.00362047377064475,0.784111885262539,0.695782853111213,0.865988724758152,Neolithic
2394,South France (25),4770,0.0035011111325664,0.00319111845591405,0.00380941257750429,0.831708733391322,0.742681325397469,0.92025043321464,Neolithic
2395,South France (25),4740,0.00362894027635464,0.0033637517552758,0.00390029439716529,0.868420237225662,0.792260223007492,0.946350962186996,Neolithic
2396,South France (25),4710,0.00373527710045698,0.00349649052939798,0.0039618086489157,0.898959319394841,0.830381733257334,0.964017361429589,Neolithic
2397,South France (25),4680,0.00384161392455933,0.00358125769910756,0.00409288332542348,0.92949840156402,0.854726183854412,1.0016609562046,Neolithic
2398,South France (25),4650,0.00393751426866564,0.00364311728756893,0.00423264933483637,0.957040210466421,0.872491761027894,1.04180063201258,Neolithic
2399,South France (25),4620,0.00399050404047698,0.0037033326710214,0.0042737444791561,0.972258447508323,0.889785135723134,1.05360282753354,Neolithic
2400,South France (25),4590,0.00403885411587893,0.00375824704566226,0.00433386102799552,0.986144200990721,0.905556103246223,1.0708678177214,Neolithic
2401,South France (25),4560,0.00408709989006052,0.00374903614662361,0.00441789855776778,1,0.902910806990968,1.09500272158631,Neolithic
2402,South France (25),4530,0.00407673189416712,0.00373978742296447,0.00440521739836158,0.997022394817685,0.900254647808384,1.09136079441408,Neolithic
2403,Southern California (10),4690,0.00246629772540872,0.00194806777065103,0.00299496673174553,0.0889101155830254,0.0362178597577383,0.142663786657142,Middle Archaic
2404,Southern California (10),4660,0.00243618967120857,0.00182500022438461,0.0030460786877784,0.0858488079921553,0.0237046760404976,0.147860715623307,Middle Archaic
2405,Southern California (10),4630,0.00236506706506209,0.00171635654186913,0.00299352690296499,0.078617248867435,0.0126580727703643,0.142517388661904,Middle Archaic
2406,Southern California (10),4600,0.00224417854973769,0.0016259799981262,0.00282796005219482,0.0663256232727874,0.00346882402125658,0.125682987684353,Middle Archaic
2407,Southern California (10),4570,0.00213123964420601,0.00150927164725312,0.00273961693322966,0.0548422930479152,-0.00839777347025116,0.116700492206854,Middle Archaic
2408,Southern California (10),4540,0.00203529255899424,0.0014523592115238,0.00263357481976383,0.045086646325346,-0.0141844799227788,0.105918409620353,Middle Archaic
2409,Southern California (10),4510,0.00196364689515197,0.00143277136118568,0.00260856388413428,0.0378019040728177,-0.0161761209145975,0.103375363610521,Middle Archaic
2410,Southern California (10),4480,0.00197783218472194,0.00147995668791663,0.00251799838292659,0.0392442269260497,-0.0113784412658607,0.0941669021644583,Middle Archaic
2411,Southern California (10),4450,0.0020019294859409,0.00147098871632474,0.00256722927241972,0.0416943769972129,-0.0122902809791293,0.0991725692430653,Middle Archaic
2412,Southern California (10),4420,0.00204007603240852,0.00148899092247859,0.00261016225577667,0.0455730172936098,-0.0104598641084534,0.103537881826057,Middle Archaic
2413,Southern California (10),4390,0.00207728156181846,0.00155083201671391,0.00268065447873956,0.0493559774559574,-0.00417202465022183,0.110705345250264,Middle Archaic
2414,Southern California (10),4360,0.00206632685243195,0.00159195862546771,0.00254964829384495,0.048242131480467,9.62052444742491E-06,0.0973849816823386,Middle Archaic
2415,Southern California (10),4330,0.0020389669826161,0.00157301194301926,0.00253196242026488,0.0454602520340011,-0.00191682820636888,0.0955867286739609,Middle Archaic
2416,Southern California (10),4300,0.0019639027721664,0.0014741219666049,0.0024316244241252,0.0378279209731916,-0.0119717003494091,0.0853846257020075,Middle Archaic
2417,Southern California (10),4270,0.00186280441626847,0.00130926042607338,0.00240521201805433,0.0275485066252111,-0.0287343872409833,0.0826990818717626,Middle Archaic
2418,Southern California (10),4240,0.00176318314749777,0.0012094291588886,0.00234957824787908,0.0174192786029524,-0.0388849673484618,0.0770423867624066,Middle Archaic
2419,Southern California (10),4210,0.00166498951171534,0.00114355986639896,0.00223021226516254,0.00743520853992011,-0.0455823833874814,0.0649055682701655,Middle Archaic
2420,Southern California (10),4180,0.00159985267962739,0.00101341398158692,0.00219067300446174,0.000812267143890778,-0.0588152739106297,0.0608853204615194,Middle Archaic
2421,Southern California (10),4150,0.00159186400731422,0.00108348876811151,0.00212081307022433,0,-0.0516902543231714,0.0537821464883039,Middle Archaic
2422,Southern California (10),4120,0.00160137308140455,0.00114308164281954,0.00209542889735585,0.000966857589047968,-0.0456310079005135,0.0512011506998134,Middle Archaic
2423,Southern California (10),4090,0.00165960263534467,0.00120079140863358,0.00207685195417587,0.00688748514952826,-0.039763231026611,0.0493122960832386,Middle Archaic
2424,Southern California (10),4060,0.00171711607961488,0.00127029876084473,0.00215383943118153,0.0127353005663279,-0.0326959066644731,0.0571401798180224,Middle Archaic
2425,Southern California (10),4030,0.00175440345562019,0.0012807693733116,0.00222957319070469,0.0165265826747583,-0.0316312823877669,0.0648405888637927,Middle Archaic
2426,Southern California (10),4000,0.00178935874472254,0.0012244771929731,0.00228878269975802,0.0200807443339182,-0.037354922907054,0.0708608556771737,Middle Archaic
2427,Southern California (10),3970,0.00182996002771356,0.00131422367846104,0.00234957440068295,0.0242089757697064,-0.0282297368205762,0.0770419955896452,Middle Archaic
2428,Southern California (10),3940,0.00187425480823293,0.0013263092640864,0.00242365228623004,0.0287127522986848,-0.0270009063299343,0.0845740397341577,Middle Archaic
2429,Southern California (10),3910,0.00197848781400085,0.00145245922677809,0.00247099437724288,0.0393108895829916,-0.0141743106353481,0.0893876587618703,Middle Archaic
2430,Southern California (10),3880,0.00210951437989768,0.00152669902415724,0.00269667017386459,0.0526333254375007,-0.00662580372252658,0.112333778915668,Middle Archaic
2431,Southern California (10),3850,0.00224015543094442,0.00168557264480127,0.00289679423048162,0.0659165631582102,0.00952804725812341,0.132681865496246,Middle Archaic
2432,Southern California (10),3820,0.0023704980016674,0.0017545350412855,0.00298112892633287,0.0791694521863487,0.0165399619583674,0.141256795077111,Middle Archaic
2433,Southern California (10),3790,0.00246127437172798,0.0018834887491435,0.00306333310425483,0.0883993542215549,0.0296516350712237,0.149615099210642,Middle Archaic
2434,Southern California (10),3760,0.00249640551064421,0.00199035576264233,0.00302750661082087,0.0919713958262777,0.0405175913187692,0.145972355791405,Middle Archaic
2435,Southern California (10),3730,0.00252246788236967,0.00200664312386183,0.00308905470364541,0.0946213490869179,0.0421736472765881,0.152230403638496,Middle Archaic
2436,Southern California (10),3700,0.00252749728781989,0.00199569178362359,0.00307563238636746,0.0951327257763571,0.0410601438672126,0.150865657796838,Middle Archaic
2437,Southern California (10),3670,0.00253865789736176,0.00199997904880539,0.00310103626523224,0.096267507136923,0.0414960616903269,0.153448657239091,Middle Archaic
2438,Southern California (10),3640,0.00257928405220066,0.00205397252509715,0.00313731584453698,0.100398267476646,0.0469859760411716,0.157137469235404,Middle Archaic
2439,Southern California (10),3610,0.00262561537517738,0.00212085389751378,0.00319007389139532,0.105109114274675,0.0537862976994813,0.162501768377861,Middle Archaic
2440,Southern California (10),3580,0.00269099395307825,0.00216039281497126,0.00321951048387393,0.111756635747758,0.0578065106080506,0.165494803510755,Middle Archaic
2441,Southern California (10),3550,0.00275999327309077,0.00225219673567201,0.0032438728790914,0.118772304735032,0.0671408912838845,0.167971907640939,Middle Archaic
2442,Southern California (10),3520,0.00282200643464392,0.00233748163156845,0.00327455372308986,0.125077639544598,0.0758124347007626,0.171091454988716,Middle Archaic
2443,Southern California (10),3490,0.00288115768762496,0.00238803827938074,0.00334948947827542,0.131091983034103,0.0809529013907666,0.178710725056855,Middle Archaic
2444,Southern California (10),3460,0.00291675317366827,0.00244537805166903,0.00338143674538359,0.134711238230759,0.0867830582982163,0.18195903896833,Middle Archaic
2445,Southern California (10),3430,0.00293756136238495,0.0024643989572162,0.00345629562377973,0.136826960012285,0.0887170538380704,0.189570492407156,Middle Archaic
2446,Southern California (10),3400,0.00293227635247618,0.00244267885962743,0.00344053883077903,0.136289594135234,0.0865086115660825,0.187968383227329,Middle Archaic
2447,Southern California (10),3370,0.00289744167909253,0.00240886331732811,0.00337855532245053,0.132747696364428,0.083070336357657,0.181666063479484,Middle Archaic
2448,Southern California (10),3340,0.00286417915304123,0.00236669265341141,0.0034355427395239,0.129365650390436,0.0787825344059922,0.187460393837436,Middle Archaic
2449,Southern California (10),3310,0.00283409395922923,0.00240095686345578,0.00329409208065859,0.126306667183576,0.0822664289681153,0.173078063686197,Middle Archaic
2450,Southern California (10),3280,0.00283345399476511,0.00234932511689482,0.00333245978534644,0.126241597283713,0.0770166490711415,0.176979190767488,Middle Archaic
2451,Southern California (10),3250,0.00293247049759234,0.00240878563998683,0.00344932060130723,0.136309334298909,0.083062438330341,0.188861290507239,Middle Archaic
2452,Southern California (10),3220,0.0030574187238289,0.00240098061119679,0.0036158368886243,0.149013740598331,0.0822688435758258,0.20579222769031,Middle Archaic
2453,Southern California (10),3190,0.00328996795923645,0.00267098922872491,0.00387566149300331,0.172658733890544,0.109722608104887,0.232210508605863,Middle Archaic
2454,Southern California (10),3160,0.00353232266153346,0.00290919554162208,0.00416889517999146,0.197300721210375,0.133942798125058,0.262025736979907,Middle Archaic
2455,Southern California (10),3130,0.00367061512112698,0.00308231351342199,0.00430374526795842,0.211361933984185,0.151544977185319,0.275736938480292,Middle Archaic
2456,Southern California (10),3100,0.00377325442341772,0.00312523429209489,0.00442997635384306,0.221798027699689,0.155909048828206,0.288571782567309,Middle Archaic
2457,Southern California (10),3070,0.00370392196526413,0.00310087138893034,0.00422710798186217,0.21474848610433,0.153431893051302,0.267944661234127,Middle Archaic
2458,Southern California (10),3040,0.00354642895114886,0.00297781076996463,0.00416450769676756,0.198735011556458,0.140919413683738,0.261579629250432,Middle Archaic
2459,Southern California (10),3010,0.00337590033286957,0.0028075722132577,0.00401192019855127,0.181396111137036,0.123610005960435,0.246064934628983,Middle Archaic
2460,Southern California (10),2980,0.00319362634110019,0.00263618053360421,0.00380129850211592,0.162862972100141,0.106183351735382,0.224649475701843,Middle Archaic
2461,Southern California (10),2950,0.00303237394744246,0.00241056135944023,0.00368521547936489,0.146467253749537,0.0832429888038393,0.212846459925516,Middle Archaic
2462,Southern California (10),2920,0.00290522943675389,0.00236473839905798,0.00351474216704547,0.133539535036104,0.0785838309744501,0.195513182870316,Middle Archaic
2463,Southern California (10),2890,0.00278177220020227,0.00222095523748918,0.00345564939910601,0.120986728637827,0.0639643380964393,0.189504785985682,Middle Archaic
2464,Southern California (10),2860,0.00266724240410206,0.00216969717780855,0.00320633454422438,0.109341640853289,0.058752553696477,0.164155108696939,Middle Archaic
2465,Southern California (10),2830,0.002589054401084,0.00210489344908719,0.00306211476158639,0.101391690797966,0.0521634813727534,0.149491221339479,Middle Archaic
2466,Southern California (10),2800,0.00268425274357799,0.00216492553604868,0.00321771821146875,0.111071207334563,0.058267385739647,0.16531256997675,Middle Archaic
2467,Southern California (10),2770,0.00282722038225791,0.00218506695532885,0.00351013731252572,0.125607779994825,0.0603153121623702,0.195044973400437,Middle Archaic
2468,Southern California (10),2740,0.00320164545589658,0.00238918140840947,0.00407051300392821,0.163678334555484,0.0810691317372953,0.252022496638085,Middle Archaic
2469,Southern California (10),2710,0.00363156064093811,0.00274996124930017,0.00450178111836164,0.207390977380185,0.117752274998877,0.295872701757241,Middle Archaic
2470,Southern California (10),2680,0.00403646285056523,0.00316250388902145,0.00497042742737079,0.248560366795106,0.159698523206773,0.343523423177681,Middle Archaic
2471,Southern California (10),2650,0.00443006758210045,0.00354649069610688,0.00528339112818586,0.288581058416057,0.198741289621039,0.375344747352366,Middle Archaic
2472,Southern California (10),2620,0.00469462940883982,0.00384828962604959,0.00556263961669196,0.315481007614621,0.229427409322041,0.403737997607589,Middle Archaic
2473,Southern California (10),2590,0.00486570297446989,0.0040214839379938,0.00568182891135279,0.332875316844273,0.247037350446953,0.415856850924049,Middle Archaic
2474,Southern California (10),2560,0.00492479564870951,0.00405889638239868,0.00568896325589381,0.338883704201755,0.25084134918059,0.416582252271944,Late Archaic
2475,Southern California (10),2530,0.00483640652393277,0.00402699864810501,0.00566349826861704,0.329896530974597,0.247598071635133,0.413993039487433,Late Archaic
2476,Southern California (10),2500,0.0046962702550372,0.00375950754409665,0.00557553321175788,0.315647844530953,0.220400281244982,0.405048984368357,Late Archaic
2477,Southern California (10),2470,0.00443984289669971,0.00354481073114014,0.00528015543836265,0.289574986638284,0.198570475211351,0.375015750939922,Late Archaic
2478,Southern California (10),2440,0.00419408777587641,0.00330508034548326,0.00515836078816664,0.264587253725681,0.174195321490193,0.362631991939962,Late Archaic
2479,Southern California (10),2410,0.0040077315133412,0.00319444609850436,0.00481191705328682,0.245639040157553,0.162946322872242,0.327406506149796,Late Archaic
2480,Southern California (10),2380,0.00384123932610714,0.00301272815706243,0.00475507984895091,0.228710553407399,0.144469721566978,0.321627449027052,Late Archaic
2481,Southern California (10),2350,0.00377415024689093,0.00296788615908596,0.00472203715540275,0.221889112669191,0.139910305409343,0.318267755042535,Late Archaic
2482,Southern California (10),2320,0.00372752865148274,0.00289145138381605,0.00469213306483195,0.217148751735444,0.132138618930212,0.31522718593588,Late Archaic
2483,Southern California (10),2290,0.00369496996424547,0.00292580063283185,0.00453120902107784,0.213838270236851,0.135631160030801,0.298864853337997,Late Archaic
2484,Southern California (10),2260,0.00366782587389395,0.00290376814933519,0.004406493315152,0.211078330677557,0.133390955183099,0.286184089090882,Late Archaic
2485,Southern California (10),2230,0.00367509479619799,0.00299492925012559,0.00433413513432677,0.211817415537671,0.142659975624822,0.278826899989611,Late Archaic
2486,Southern California (10),2200,0.00370264649499448,0.00314175254473991,0.00421582739353313,0.214618799649256,0.157588581217579,0.266797680746726,Late Archaic
2487,Southern California (10),2170,0.00378245809277549,0.00316685955881758,0.00439692567916011,0.222733832540529,0.160141396230767,0.285211277082044,Late Archaic
2488,Southern California (10),2140,0.00391749543609234,0.00320563557640895,0.00458407153342697,0.236464073671314,0.164084039491838,0.304239774256202,Late Archaic
2489,Southern California (10),2110,0.00407954770384745,0.00328253695315153,0.0048802931713773,0.252941121111793,0.171903168778819,0.334358809608303,Late Archaic
2490,Southern California (10),2080,0.00429201216972817,0.00356266982688745,0.00504428626628892,0.274543947978883,0.200386340993106,0.351033195238335,Late Archaic
2491,Southern California (10),2050,0.00452260355389277,0.0037194692435579,0.00527552662899898,0.297989872117307,0.216329292381006,0.374545105804654,Late Archaic
2492,Southern California (10),2020,0.0048073272012449,0.00400895736714489,0.00556340679801804,0.326939822092318,0.24576368174115,0.403816002582652,Late Archaic
2493,Southern California (10),1990,0.00508233660539744,0.00421690025282735,0.00598897183417165,0.354902053424045,0.26690676625187,0.447086333734754,Late Archaic
2494,Southern California (10),1960,0.00527963447420157,0.00450134342339609,0.00616857264558269,0.374962780677205,0.29582819808684,0.465347670838905,Late Archaic
2495,Southern California (10),1930,0.00545400298298171,0.00455380139102664,0.00627095617945618,0.392692111041393,0.301161985964378,0.47575775869591,Late Archaic
2496,Southern California (10),1900,0.00550586104422093,0.00467026895521697,0.00628596266546046,0.397964902018321,0.31300410090066,0.477283578638035,Late Archaic
2497,Southern California (10),1870,0.0055232292832132,0.004645119640001,0.00638564284074643,0.399730858779048,0.310446984819228,0.487418796119498,Late Archaic
2498,Southern California (10),1840,0.00554202891210086,0.00468878083442956,0.00628901885473917,0.401642355491414,0.314886339984529,0.477594323908249,Late Archaic
2499,Southern California (10),1810,0.00556147800348586,0.00468218250522392,0.00623044070352723,0.403619887838626,0.31421543926308,0.471638251896019,Late Archaic
2500,Southern California (10),1780,0.00555691868826123,0.00477948210427485,0.00628927133491422,0.40315630868424,0.324108606027797,0.477619995426949,Late Archaic
2501,Southern California (10),1750,0.00553216707279271,0.00475740094946765,0.0063560548566793,0.400639629664853,0.32186345240953,0.484410367888928,Late Archaic
2502,Southern California (10),1720,0.00549815149245775,0.00466155719025336,0.00631955674281198,0.397181015116234,0.312118311602033,0.480699335874315,Late Archaic
2503,Southern California (10),1690,0.00545002314274741,0.0046643526242504,0.00620831384668841,0.392287451376616,0.312402543962517,0.469388451415639,Late Archaic
2504,Southern California (10),1660,0.00540339233165918,0.00464761305897491,0.00619464969649078,0.387546153416813,0.310700509088226,0.467999116640143,Late Archaic
2505,Southern California (10),1630,0.00536105460821477,0.00464063603693633,0.00604142858129768,0.383241365292714,0.3099911038777,0.452419997514609,Late Archaic
2506,Southern California (10),1600,0.00533519044303091,0.00465961896417463,0.00603204773524432,0.380611565150781,0.311921237883213,0.45146617781437,Late Archaic
2507,Southern California (10),1570,0.00538287018865033,0.00472146013769803,0.0060449296143406,0.385459516008886,0.318209085403249,0.452775973326228,Late Archaic
2508,Southern California (10),1540,0.00545714716882745,0.00472540107478635,0.00623976767822225,0.393011803570597,0.318609789498684,0.472586594098537,Late Archaic
2509,Southern California (10),1510,0.00568253836330715,0.00504186260440718,0.00636108604021517,0.415928986128762,0.350786763686599,0.484921925369429,Late Archaic
2510,Southern California (10),1480,0.00593903096851666,0.00528134496960782,0.00659954093700814,0.442008478151396,0.37513669934151,0.509167390744897,Late Archaic
2511,Southern California (10),1450,0.00612467975968534,0.00566086046939783,0.00665073692698068,0.460884757895761,0.413724835015657,0.514372864060547,Late Archaic
2512,Southern California (10),1420,0.00628164057480412,0.00575367337713567,0.00686936538344714,0.476844119852465,0.423161806833886,0.536602429243063,Late Archaic
2513,Southern California (10),1390,0.00636488656097834,0.00581960793781289,0.0069291410277052,0.48530835230304,0.429865859170183,0.542680259191815,Late Archaic
2514,Southern California (10),1360,0.00639804348529084,0.00575967415648624,0.0071106334557337,0.488679660970581,0.423771950261122,0.56113393088762,Late Archaic
2515,Southern California (10),1330,0.00643953165852919,0.00577022966810762,0.00713535513608939,0.492898069069011,0.424845206860077,0.563647566183639,Late Archaic
2516,Southern California (10),1300,0.0064912894441626,0.00582308140550159,0.00719351844081333,0.498160664286652,0.430219032209243,0.569561457698441,Late Archaic
2517,Southern California (10),1270,0.0065831208995184,0.00589965483783141,0.00736153152335012,0.507497844613634,0.438004816972746,0.586644585074131,Late Archaic
2518,Southern California (10),1240,0.00676075302780834,0.00600904402112877,0.00746110150603315,0.525559011207178,0.449127220797355,0.596768598462177,Late Archaic
2519,Southern California (10),1210,0.00695785828572431,0.00615803086485954,0.00775259450208164,0.545600154292922,0.464275810361489,0.626406837969672,Late Archaic
2520,Southern California (10),1180,0.00721590899669714,0.00650655122133977,0.0079128962250381,0.571838070402644,0.499712441562329,0.642705894629191,Late Archaic
2521,Southern California (10),1150,0.00744716992724037,0.0066978768276791,0.00821139046792363,0.595352072252028,0.519165924910033,0.673056002460866,Late Archaic
2522,Southern California (10),1120,0.00746301236360006,0.00680015196271925,0.00805023525877707,0.596962889422854,0.529564991059385,0.656670165575195,Late Archaic
2523,Southern California (10),1090,0.00742499196671327,0.00664070249723369,0.00822386864787654,0.593097075683326,0.513352589693087,0.674324750907914,Late Archaic
2524,Southern California (10),1060,0.00718426647318568,0.00639553002524733,0.00798247834991276,0.568620742016826,0.488424098978451,0.649780821678666,Late Archaic
2525,Southern California (10),1030,0.00688238325785517,0.00598435191643382,0.00783631829946539,0.537926052399756,0.446616592676564,0.634919653004596,Late Archaic
2526,Southern California (10),1000,0.00680210335199324,0.00599314693675681,0.0076910258629254,0.529763403177202,0.447510847160684,0.620146701025731,Late Archaic
2527,Southern California (10),970,0.00684455922059175,0.00601196513317398,0.00770745978141444,0.534080203989158,0.449424231770509,0.621817658540414,Late Archaic
2528,Southern California (10),940,0.0070522416758925,0.00621921489200921,0.0079664627193529,0.55519680862512,0.470496840970379,0.648152394578078,Late Precontact
2529,Southern California (10),910,0.0074223932006324,0.00660718645334848,0.0083764311412783,0.59283283999817,0.509944766693977,0.689836903105732,Late Precontact
2530,Southern California (10),880,0.00772981468832427,0.00684966458818732,0.00875277390131255,0.624090646550909,0.534599304309312,0.728102442964367,Late Precontact
2531,Southern California (10),850,0.00792716924144598,0.00722991579671249,0.00863362121510738,0.644157137316068,0.573262244908434,0.715987311899185,Late Precontact
2532,Southern California (10),820,0.00809851342738357,0.00741145050911024,0.00881531407497461,0.661578962505275,0.591720215967449,0.734461362976044,Late Precontact
2533,Southern California (10),790,0.00819797212193201,0.00751563839474529,0.00883811071630376,0.671691660409135,0.602313765555575,0.736779265377951,Late Precontact
2534,Southern California (10),760,0.00832581827781142,0.0075101412451989,0.00905317558844987,0.684690720556145,0.601754829879339,0.758646494699834,Late Precontact
2535,Southern California (10),730,0.0086285217827995,0.00790919586277415,0.0092929959518419,0.715468815063439,0.642329651547779,0.783030797119934,Late Precontact
2536,Southern California (10),700,0.00896214925776518,0.00829650938564739,0.00967222154324643,0.749391177327226,0.681710669654639,0.821589455673598,Late Precontact
2537,Southern California (10),670,0.00935289408449454,0.00869496502045069,0.00999801140886197,0.789121081365787,0.722224588333654,0.854714910477396,Late Precontact
2538,Southern California (10),640,0.00975472712794269,0.00906056495503696,0.0103987515818755,0.82997840605348,0.759397826017175,0.895461114979939,Late Precontact
2539,Southern California (10),610,0.0100440060170988,0.00957142395653284,0.0105577434334509,0.8593915210082,0.8113406227435,0.911626987370047,Late Precontact
2540,Southern California (10),580,0.0102820141827369,0.00985666171302683,0.0107678625115168,0.883591563937358,0.840342845980942,0.93299134138621,Late Precontact
2541,Southern California (10),550,0.0104543939590966,0.00980188357686735,0.0110658387421305,0.901118685231029,0.834773149482991,0.963288779095484,Late Precontact
2542,Southern California (10),520,0.0105751502755989,0.00974174305920292,0.0114744418148358,0.913396869197897,0.828658220168029,1.00483446251329,Late Precontact
2543,Southern California (10),490,0.0107622017097738,0.00974587053079799,0.0118842695897881,0.932415765985986,0.829077890600435,1.04650467042744,Late Precontact
2544,Southern California (10),460,0.0110439274574216,0.00991933864008222,0.0121994845924932,0.961060897421063,0.846715670717192,1.07855490104422,Late Precontact
2545,Southern California (10),430,0.0112766750391426,0.0101397150850952,0.0122785427097981,0.984726058043611,0.869122966767695,1.08659332202674,Late Precontact
2546,Southern California (10),400,0.0113872838572962,0.0105195596814661,0.0122356087566899,0.995972471125637,0.907744564114736,1.08222791084199,Late Precontact
2547,Southern California (10),370,0.011426894727502,0.0104610826866454,0.0123849376318814,1,0.901798777417733,1.09741127726351,Late Precontact
2548,Southern California (10),340,0.0111892940453701,0.0101113116996265,0.0121930854926402,0.975841388919695,0.866234985400185,1.07790425743821,Late Precontact
2549,Southern California (10),310,0.0108790214477062,0.0095750485447875,0.0123247214704284,0.94429368902008,0.811709161323377,1.09128865668751,Late Precontact
2550,Southern California (10),280,0.0102410298596122,0.0090077362817364,0.0116340306891365,0.879424385990411,0.754026345764234,1.02106103860045,Late Precontact
2551,Sonoran Desert (5),4870,0.00124122707826134,0.000820063917179716,0.00161165025739682,0.00879593949009852,-0.0116604151129878,0.0267877977669182,Middle Archaic
2552,Sonoran Desert (5),4840,0.00116894658998653,0.000778129651098863,0.00158682828934714,0.00528519725130363,-0.013697208204689,0.025582167675562,Middle Archaic
2553,Sonoran Desert (5),4810,0.00110301961935905,0.000671235870379433,0.00157640261239748,0.00208305230206441,-0.0188891558518799,0.0250757811622881,Middle Archaic
2554,Sonoran Desert (5),4780,0.0010657328900253,0.000658582139739418,0.00150020377387651,0.000271995144829916,-0.0195037613657128,0.0213747203735787,Middle Archaic
2555,Sonoran Desert (5),4750,0.00106013295116923,0.000673493947670838,0.0014142662659217,0,-0.0187794785722348,0.0172006417767838,Middle Archaic
2556,Sonoran Desert (5),4720,0.00106981090223348,0.000682915782175032,0.00148447501824646,0.000470068650575375,-0.018321849782636,0.0206107575383502,Middle Archaic
2557,Sonoran Desert (5),4690,0.00107936721109169,0.000615668198977007,0.0015205842627994,0.000934229006381777,-0.0215881383264072,0.022364622974082,Middle Archaic
2558,Sonoran Desert (5),4660,0.00108615386482853,0.000649988992828821,0.00152967982371444,0.00126386418874817,-0.0199211398940441,0.0228064042991965,Middle Archaic
2559,Sonoran Desert (5),4630,0.00109797076264388,0.000665567476291749,0.00158412484833601,0.00183782381854653,-0.0191644759420556,0.025450858593756,Middle Archaic
2560,Sonoran Desert (5),4600,0.00112464170026671,0.000696210382434571,0.00158442926656356,0.00313326038096641,-0.0176761165316153,0.0254656445194631,Middle Archaic
2561,Sonoran Desert (5),4570,0.00117312636759629,0.000734057429916364,0.00161001961004913,0.00548821361372141,-0.0158378441101169,0.0267085954447323,Middle Archaic
2562,Sonoran Desert (5),4540,0.00124174838201085,0.000770032814087739,0.00175175697087177,0.00882125978242559,-0.0140904804192805,0.0335929338233485,Middle Archaic
2563,Sonoran Desert (5),4510,0.00132085256635291,0.000863934166292697,0.00180618341885341,0.0126634363900215,-0.00952958921151023,0.0362364858302227,Middle Archaic
2564,Sonoran Desert (5),4480,0.00139456678760204,0.000968758871109232,0.00185708247903191,0.0162438166048771,-0.0044381388401533,0.0387087087599326,Middle Archaic
2565,Sonoran Desert (5),4450,0.00144565348128849,0.00101872123707822,0.00188388209936096,0.0187251530989461,-0.00201141217097828,0.0400103955819029,Middle Archaic
2566,Sonoran Desert (5),4420,0.00147004810458263,0.00100136589069421,0.0019501715663608,0.0199100265889067,-0.00285438029520568,0.0432301473757578,Middle Archaic
2567,Sonoran Desert (5),4390,0.0014777078531286,0.000999695887510757,0.00203702110849133,0.0202820689394875,-0.0029354941733078,0.04744852446832,Middle Archaic
2568,Sonoran Desert (5),4360,0.00148578703386133,0.000981103713083355,0.00204585888323307,0.0206744835693583,-0.0038385363860992,0.0478777848375199,Middle Archaic
2569,Sonoran Desert (5),4330,0.00150815303631089,0.00100208220574622,0.00199810874815765,0.0217608247298404,-0.00281958809098333,0.0455585086383876,Middle Archaic
2570,Sonoran Desert (5),4300,0.00155139463130262,0.00110394823082315,0.00201247847142517,0.0238611162142194,0.00212815597482948,0.0462564617878358,Middle Archaic
2571,Sonoran Desert (5),4270,0.00161912062001271,0.0011631174342396,0.00217680168328687,0.0271506414360842,0.00500206879180203,0.0542378196129793,Middle Archaic
2572,Sonoran Desert (5),4240,0.00170611278146195,0.00118855645305062,0.00226041291042467,0.0313759457046823,0.00623766971239619,0.0582989082104189,Middle Archaic
2573,Sonoran Desert (5),4210,0.00179920446039857,0.00126177905926742,0.002355004112352,0.0358975101977248,0.00979417164833504,0.0628933061724536,Middle Archaic
2574,Sonoran Desert (5),4180,0.00188737469456928,0.00134629910883834,0.0024014328987097,0.0401800347447461,0.0138994027436969,0.0651484030215819,Middle Archaic
2575,Sonoran Desert (5),4150,0.00196480958442064,0.00138452382056216,0.00247488008865251,0.0439411318962213,0.0157560187298034,0.0687158132343167,Middle Archaic
2576,Sonoran Desert (5),4120,0.00203006473789648,0.00146824480098166,0.00262221725001694,0.0471106459528459,0.0198224381639748,0.0758721400396872,Middle Archaic
2577,Sonoran Desert (5),4090,0.00208020607409174,0.00154481328759287,0.00267268632894534,0.0495460654013289,0.0235414531640472,0.0783234783105824,Middle Archaic
2578,Sonoran Desert (5),4060,0.00211117382353984,0.00160726320888456,0.00259572633924578,0.0510502028058041,0.026574714030446,0.0745854475780248,Middle Archaic
2579,Sonoran Desert (5),4030,0.00211030242268844,0.00163222662516798,0.00265659532178081,0.0510078779149664,0.027787214416963,0.0775419205227806,Early Agricultural Period
2580,Sonoran Desert (5),4000,0.00205981524014594,0.00156084111626412,0.00255394636001231,0.0485556603317669,0.0243199423034455,0.0725561483669673,Early Agricultural Period
2581,Sonoran Desert (5),3970,0.00195140147838921,0.00142533058483359,0.00245267155539393,0.0432898855459226,0.0177380478274984,0.0676371205243818,Early Agricultural Period
2582,Sonoran Desert (5),3940,0.00179491623615704,0.00133996062909238,0.00228775912164213,0.0356892264639884,0.0135915358614305,0.0596271435486629,Early Agricultural Period
2583,Sonoran Desert (5),3910,0.00162275167740658,0.00116927690267223,0.00213198760438855,0.027327005858467,0.00530124089911741,0.0520611508682575,Early Agricultural Period
2584,Sonoran Desert (5),3880,0.00147579453133354,0.0010439374479606,0.00193310535581602,0.0201891368107395,-0.000786633274762941,0.0424012228949503,Early Agricultural Period
2585,Sonoran Desert (5),3850,0.00139206639091083,0.00102251891476955,0.00184238378425844,0.0161223696073939,-0.00182695481881446,0.0379947771052353,Early Agricultural Period
2586,Sonoran Desert (5),3820,0.00138285002221323,0.000997347492619186,0.00182875565210503,0.0156747205163702,-0.00304955827741102,0.0373328438459446,Early Agricultural Period
2587,Sonoran Desert (5),3790,0.00142714970102587,0.0010110374370423,0.00192158656491713,0.0178264042872558,-0.00238462272868777,0.0418417426435881,Early Agricultural Period
2588,Sonoran Desert (5),3760,0.00149633902743633,0.00105949414555504,0.00194991658681939,0.0211870054190503,-3.10274861950568E-05,0.0432177627410186,Early Agricultural Period
2589,Sonoran Desert (5),3730,0.00156652894580947,0.00113961575819081,0.00196675671599024,0.0245962063950218,0.00386056672455973,0.044035706202636,Early Agricultural Period
2590,Sonoran Desert (5),3700,0.00162418113641704,0.00120607704240646,0.0020335910266295,0.0273964362434356,0.0070886638681948,0.0472819216469742,Early Agricultural Period
2591,Sonoran Desert (5),3670,0.00165629582421661,0.00124814887737035,0.00210150710966294,0.0289562816959872,0.00913213883075674,0.0505806799576884,Early Agricultural Period
2592,Sonoran Desert (5),3640,0.00165890268315538,0.00125652410648129,0.00210529214337298,0.0290828996810807,0.00953893285361371,0.0507645231778753,Early Agricultural Period
2593,Sonoran Desert (5),3610,0.00164406187485636,0.0012427137389416,0.00203640479779252,0.028362065417273,0.0088681482226283,0.0474185895847273,Early Agricultural Period
2594,Sonoran Desert (5),3580,0.00162804694514445,0.00124021651735679,0.00199984756265876,0.0275842027944144,0.00874685544352981,0.045642964757323,Early Agricultural Period
2595,Sonoran Desert (5),3550,0.00162456312735491,0.00123954045672899,0.00200259859586976,0.0274149899603849,0.00871401844064513,0.0457765854442431,Early Agricultural Period
2596,Sonoran Desert (5),3520,0.0016449248227316,0.00128232318590442,0.00209111016798823,0.0284039797378291,0.0107920223112892,0.050075689148095,Early Agricultural Period
2597,Sonoran Desert (5),3490,0.00169894173145617,0.00130249608441965,0.00216563227683379,0.0310276399758101,0.0117718420190244,0.0536953093456441,Early Agricultural Period
2598,Sonoran Desert (5),3460,0.0017946427268712,0.00134368326624028,0.00225223562916073,0.0356759418193296,0.0137723484124627,0.0579017287306307,Early Agricultural Period
2599,Sonoran Desert (5),3430,0.0019392246282912,0.00149648571418726,0.00236990706169009,0.042698442640722,0.0211941301547106,0.0636171586943811,Early Agricultural Period
2600,Sonoran Desert (5),3400,0.00213480291077329,0.00174255638811749,0.00261178736529483,0.0521978933734057,0.0331460514728281,0.075365549150311,Early Agricultural Period
2601,Sonoran Desert (5),3370,0.00236110859637513,0.00194136318860818,0.00281224974169484,0.0631898076269621,0.0428023148504186,0.0851022256575455,Early Agricultural Period
2602,Sonoran Desert (5),3340,0.00257681826785763,0.0021316776046694,0.00307911724596837,0.073667061904921,0.0520460938434086,0.0980642717335598,Early Agricultural Period
2603,Sonoran Desert (5),3310,0.00273049630667745,0.00223763429475544,0.00324636325675725,0.0811313720519235,0.0571925259753237,0.10618759309401,Early Agricultural Period
2604,Sonoran Desert (5),3280,0.0028017385967515,0.00231260974754018,0.00332809782314119,0.0845916878704958,0.0608341655830061,0.110157530229503,Early Agricultural Period
2605,Sonoran Desert (5),3250,0.00282851999871807,0.00230175028895162,0.00338331083571667,0.0858924898067072,0.0603067098218833,0.112839286537552,Early Agricultural Period
2606,Sonoran Desert (5),3220,0.00287681462505453,0.00233346166739827,0.00347612100883001,0.0882382125409204,0.061846966098789,0.11734717798538,Early Agricultural Period
2607,Sonoran Desert (5),3190,0.00299100672211531,0.00241913337854836,0.00367745613844127,0.0937846473818645,0.066008134654554,0.127126245069047,Early Agricultural Period
2608,Sonoran Desert (5),3160,0.00317103521640182,0.002563080276933,0.0038616638859461,0.102528827923028,0.0729997926851573,0.136073416502363,Early Agricultural Period
2609,Sonoran Desert (5),3130,0.00339043916103731,0.00274643528346243,0.00405034591612709,0.113185517081816,0.0819055455581876,0.145237908730743,Early Agricultural Period
2610,Sonoran Desert (5),3100,0.00361326872336609,0.00293222707538309,0.00429524204509973,0.12400859223241,0.0909296557584034,0.157132781117781,Early Agricultural Period
2611,Sonoran Desert (5),3070,0.00382319180384178,0.00318652621245787,0.00455096680710956,0.134204785466771,0.103281242516136,0.169553612035254,Early Agricultural Period
2612,Sonoran Desert (5),3040,0.00402915457226882,0.00327539402758942,0.00478351682769589,0.144208622020654,0.107597649332117,0.180848820457215,Early Agricultural Period
2613,Sonoran Desert (5),3010,0.00424847408172018,0.00353653872025825,0.0049311125551905,0.154861210070354,0.120281732199735,0.188017706101857,Early Agricultural Period
2614,Sonoran Desert (5),2980,0.00448817719935293,0.00374184143467934,0.00513532819678711,0.166503852226348,0.130253509209833,0.197936682797892,Early Agricultural Period
2615,Sonoran Desert (5),2950,0.00473301403090001,0.00395600885497497,0.0053595417242307,0.17839584447268,0.140655854663657,0.208826978645268,Early Agricultural Period
2616,Sonoran Desert (5),2920,0.00495029420579943,0.00415901345247652,0.00563874090278077,0.188949379816436,0.150516009625652,0.222387987605888,Early Agricultural Period
2617,Sonoran Desert (5),2890,0.00509669101848576,0.00441310388959158,0.00577576745345364,0.196060032859742,0.162857459598461,0.229043516791781,Early Agricultural Period
2618,Sonoran Desert (5),2860,0.00513720193605409,0.00447624989284429,0.00586723211050358,0.198027692360031,0.165924529925761,0.233486055055237,Early Agricultural Period
2619,Sonoran Desert (5),2830,0.00505684111636988,0.00435972364620217,0.00573429707049023,0.194124479601743,0.160264722890986,0.227029255009609,Early Agricultural Period
2620,Sonoran Desert (5),2800,0.0048760990961316,0.00424656828359618,0.0054796987389225,0.185345642326001,0.154768643374524,0.214663136048663,Cienega
2621,Sonoran Desert (5),2770,0.0046700669394686,0.00399726037535573,0.00537210782619879,0.175338435509733,0.142659486051213,0.209437327938824,Cienega
2622,Sonoran Desert (5),2740,0.00452969513829802,0.00370579060752425,0.00536955163346494,0.168520423854477,0.128502481170902,0.209313170866626,Cienega
2623,Sonoran Desert (5),2710,0.00451549376099223,0.00364602013010517,0.00548474637473701,0.167830647452206,0.125599363819089,0.214908305231703,Cienega
2624,Sonoran Desert (5),2680,0.00461662956255067,0.00362454203584622,0.00559361254501052,0.172742923764393,0.124556149328934,0.220196053993194,Cienega
2625,Sonoran Desert (5),2650,0.00474778605714125,0.00371434849427893,0.00576635193090475,0.179113337916838,0.128918147074959,0.228586194580743,Cienega
2626,Sonoran Desert (5),2620,0.00483067031002005,0.00381439420564027,0.00576627210923973,0.183139116580732,0.133777476516,0.228582317555316,Cienega
2627,Sonoran Desert (5),2590,0.00485154944474631,0.00392067055045504,0.00573583268212105,0.184153238952378,0.138939434627121,0.227103841343258,Cienega
2628,Sonoran Desert (5),2560,0.00484173803143881,0.00386901793492319,0.0057524593238971,0.18367668789492,0.136430610691089,0.227911415489002,Cienega
2629,Sonoran Desert (5),2530,0.00483531947579926,0.00386998246110723,0.00580146712947758,0.183364931639067,0.136477458781017,0.230291778117819,Cienega
2630,Sonoran Desert (5),2500,0.00485125475664318,0.0039368569933073,0.00592070541997162,0.184138925629438,0.139725627830482,0.236083312083771,Cienega
2631,Sonoran Desert (5),2470,0.00488733436300005,0.00388649226111802,0.00595971362019839,0.185891351505624,0.137279357794643,0.237977982961959,Cienega
2632,Sonoran Desert (5),2440,0.00492397553234999,0.00401638627330106,0.00596931261743609,0.187671053109556,0.143588451798045,0.238444216738969,Cienega
2633,Sonoran Desert (5),2410,0.00493289176507007,0.00399967484629052,0.00595794434706276,0.188104124268433,0.142776759540884,0.237892047433887,Cienega
2634,Sonoran Desert (5),2380,0.00489600326715999,0.00390284008376132,0.00591574270507776,0.186312409646276,0.138073389390666,0.235842267602573,Cienega
2635,Sonoran Desert (5),2350,0.00483665337880163,0.00380919471053285,0.00586164822148151,0.183429720764385,0.133524931361288,0.23321483946837,Cienega
2636,Sonoran Desert (5),2320,0.00479954365747983,0.00379469835289188,0.00578125406653423,0.181627261079566,0.132820827442048,0.229310007579955,Cienega
2637,Sonoran Desert (5),2290,0.00481315789084899,0.0039089820046057,0.00579053250234821,0.182288519259729,0.138371709192459,0.229760671338593,Cienega
2638,Sonoran Desert (5),2260,0.00486100542287135,0.00399719417313222,0.00566688526329522,0.184612526134923,0.142656270536931,0.223754989926988,Cienega
2639,Sonoran Desert (5),2230,0.00490339808366018,0.00409175949178559,0.00567020330472219,0.186671583958113,0.147249411320088,0.223916150822076,Cienega
2640,Sonoran Desert (5),2200,0.0049432035016537,0.00419410105597296,0.00561668510709281,0.188604976573716,0.152220252839737,0.221316713526532,Cienega
2641,Sonoran Desert (5),2170,0.00500196809451474,0.00421182407035342,0.00584479049831784,0.191459237014217,0.15308107900001,0.23239604144731,Cienega
2642,Sonoran Desert (5),2140,0.00506308026332516,0.0042529263671648,0.00594855684881863,0.194427521781905,0.155077462435863,0.237436086393931,Cienega
2643,Sonoran Desert (5),2110,0.00508717614296495,0.00428144894288543,0.00607306548857672,0.195597884966374,0.156462835082502,0.243483606978349,Cienega
2644,Sonoran Desert (5),2080,0.00504300963560597,0.00422551983448954,0.0059259820056405,0.193452669478403,0.153746297218548,0.236339601611229,Cienega
2645,Sonoran Desert (5),2050,0.00493937278005967,0.00418794629747544,0.00575403904825953,0.188418914243118,0.151921309499113,0.227988144426191,Cienega
2646,Sonoran Desert (5),2020,0.00482733355344899,0.00408391358899193,0.00570616317779761,0.182977046670661,0.146868327254434,0.225662761122045,Cienega
2647,Sonoran Desert (5),1990,0.00477280861578458,0.00394409920432878,0.00563763514696059,0.180328710912353,0.140077389927588,0.222334279838323,Cienega
2648,Sonoran Desert (5),1960,0.00483580244086831,0.00399783570980539,0.00579921794215922,0.183388389779821,0.142687430673643,0.230182532633872,Cienega
2649,Sonoran Desert (5),1930,0.00502941346542278,0.00422705891236886,0.00594277485149189,0.192792288646905,0.153821051911671,0.237155248470391,Cienega
2650,Sonoran Desert (5),1900,0.00529842936433099,0.00452189107566726,0.00615159540263572,0.205858684596165,0.168141372011221,0.247297890651249,Cienega
2651,Sonoran Desert (5),1870,0.00554597397614438,0.00480136396190582,0.00640246852386414,0.217882196686665,0.181715675253132,0.259483072078447,Cienega
2652,Sonoran Desert (5),1840,0.00567759420857636,0.00491324361195316,0.00645725074613401,0.224275135092423,0.187149792017666,0.262143904430972,Cienega
2653,Sonoran Desert (5),1810,0.00568820125601567,0.00485282684634808,0.00643060764240402,0.224790330968418,0.184215283742975,0.260849819791119,Cienega
2654,Sonoran Desert (5),1780,0.00566968456180116,0.00485399681294035,0.00652219268059246,0.223890954911984,0.184272110297851,0.265298205097917,Hohokam
2655,Sonoran Desert (5),1750,0.00573128452984178,0.00484549577973684,0.00667998738995669,0.226882932620912,0.183859205832853,0.272962466428266,Hohokam
2656,Sonoran Desert (5),1720,0.00591959492473596,0.00491493662134318,0.00684401265308813,0.236029374117622,0.187232023332341,0.28092935255825,Hohokam
2657,Sonoran Desert (5),1690,0.00620716762574267,0.00520915482917271,0.00705188522872063,0.249997094207035,0.201522522944388,0.291025950533426,Hohokam
2658,Sonoran Desert (5),1660,0.00652851512359329,0.00576614235808506,0.00730484727390465,0.265605293057962,0.228576015400058,0.303312593278049,Hohokam
2659,Sonoran Desert (5),1630,0.00681837946345732,0.00610101190678518,0.00754857666056217,0.279684320548923,0.244840995025514,0.315150795716872,Hohokam
2660,Sonoran Desert (5),1600,0.00706476649198381,0.00632219008229709,0.00782992284439615,0.291651607555209,0.255583860515258,0.328816087068453,Hohokam
2661,Sonoran Desert (5),1570,0.00729476483530585,0.00646018640665181,0.00812200738954619,0.30282287822626,0.262286492667778,0.343002952354404,Hohokam
2662,Sonoran Desert (5),1540,0.00752793854035759,0.00674410829456106,0.00842405110612952,0.314148379683709,0.276076888778713,0.35767354547132,Hohokam
2663,Sonoran Desert (5),1510,0.00776028335377378,0.00694241446275566,0.00861062296104243,0.32543362096935,0.285708835899041,0.366735544182823,Hohokam
2664,Sonoran Desert (5),1480,0.00798142799198063,0.00718175548155702,0.00876966795770358,0.336174857515568,0.297333890519418,0.374460533332376,Hohokam
2665,Sonoran Desert (5),1450,0.00819138796244787,0.00742689468164503,0.00902367484435705,0.3463728425371,0.30924056913594,0.386797925168037,Hohokam
2666,Sonoran Desert (5),1420,0.00841772349115759,0.00762524117300994,0.00923427993854463,0.357366206302991,0.318874474796678,0.397027244553078,Hohokam
2667,Sonoran Desert (5),1390,0.00871875509641251,0.00796205906467637,0.00947565952253661,0.371987640067559,0.335234087567409,0.408751314510679,Hohokam
2668,Sonoran Desert (5),1360,0.0091779775383973,0.00821504652260057,0.00995521046028373,0.394292575501158,0.347521964636571,0.432043627180202,Hohokam
2669,Sonoran Desert (5),1330,0.00990023781207016,0.00910067835562364,0.0106161263210138,0.429373545631665,0.390538069790626,0.464145032191923,Hohokam
2670,Sonoran Desert (5),1300,0.0109342847239367,0.0100555832580753,0.0117583322270954,0.479598333220031,0.436918843566307,0.519623220228452,Hohokam
2671,Sonoran Desert (5),1270,0.0121820901125326,0.0110755587957024,0.0131545049692169,0.540205603426674,0.48646016914328,0.587436854798605,Hohokam
2672,Sonoran Desert (5),1240,0.0134131184696507,0.0123760060706608,0.0144895280040406,0.599997994895554,0.549624313250392,0.652280381315754,Hohokam
2673,Sonoran Desert (5),1210,0.0143589748182027,0.0131939574903583,0.0154277260799599,0.645939270528183,0.589353106828773,0.697849686284524,Hohokam
2674,Sonoran Desert (5),1180,0.0149578176086562,0.0139145609931434,0.01600291893372,0.675025718738797,0.62435360578823,0.725787431246499,Hohokam
2675,Sonoran Desert (5),1150,0.0152998149413219,0.0143132702812989,0.0163681502622575,0.69163690261431,0.643719351265843,0.743527115670778,Hohokam
2676,Sonoran Desert (5),1120,0.015432144958136,0.0145463552462143,0.0164916057652084,0.69806431602252,0.655040542517974,0.749523484250544,Hohokam
2677,Sonoran Desert (5),1090,0.0153740307818892,0.0144836342649693,0.0163749413563829,0.695241647027169,0.651994115973669,0.743856966527661,Hohokam
2678,Sonoran Desert (5),1060,0.0152043780559055,0.0140761237972476,0.0162375804033487,0.687001428881804,0.632200887594493,0.737185195053946,Hohokam
2679,Sonoran Desert (5),1030,0.0151072333877214,0.0138267083478607,0.0164016923923093,0.682283006275539,0.620086506880273,0.745156293552148,Hohokam
2680,Sonoran Desert (5),1000,0.0153660373667149,0.0140802661544565,0.0165624295082633,0.694853398124118,0.632402086407183,0.752963470783383,Hohokam
2681,Sonoran Desert (5),970,0.0162080609504506,0.0150092806425031,0.017291289098168,0.735751402994304,0.677525334485382,0.788364976909084,Hohokam
2682,Sonoran Desert (5),940,0.0175925199719846,0.0162529678561304,0.0187822621549539,0.802996089365274,0.737932580437161,0.860783166275247,Hohokam
2683,Sonoran Desert (5),910,0.0191748013417747,0.0178052729196906,0.0206576261324267,0.87984922319388,0.813329732340953,0.951871642376798,Hohokam
2684,Sonoran Desert (5),880,0.0205419819368254,0.0192791711813069,0.0218487884671824,0.946254677524191,0.884918580261709,1.0097276976097,Hohokam
2685,Sonoran Desert (5),850,0.0214114904713079,0.0202968792475205,0.0226489267440779,0.988487656463051,0.93434977227627,1.04859128739197,Hohokam
2686,Sonoran Desert (5),820,0.0216485109517188,0.0207627965399837,0.0227059096366772,1,0.956979883907734,1.05135900870531,Hohokam
2687,Sonoran Desert (5),790,0.0212844651743074,0.0202386881238634,0.0223306411518393,0.982317899088422,0.931523365861177,1.03313180863992,Hohokam
2688,Sonoran Desert (5),760,0.0204292200344339,0.0193796115877167,0.0215664661659671,0.940777708799967,0.889797080472221,0.996014995171089,Hohokam
2689,Sonoran Desert (5),730,0.0192103980530262,0.0181230337843026,0.0204764614931374,0.881578194327524,0.828763724499225,0.943072278032288,Hohokam
2690,Sonoran Desert (5),700,0.0177434496918431,0.0166764271644552,0.0188828099435582,0.810326910659428,0.758500461419018,0.865666882156199,Post-Hohokam
2691,Sonoran Desert (5),670,0.0161508074482865,0.0151862713053361,0.0170575518380376,0.732970537878917,0.686121964235835,0.777012102966116,Post-Hohokam
2692,Sonoran Desert (5),640,0.0145584590908298,0.0138315780585986,0.01524834351222,0.655628439467175,0.620323034048069,0.689136879101019,Post-Hohokam
2693,Sonoran Desert (5),610,0.0130678806853108,0.0125201554145685,0.0136284059427542,0.583229418743968,0.556625804281103,0.610454742537244,Post-Hohokam
2694,Sonoran Desert (5),580,0.0116718600371399,0.0112083116410738,0.012153570394148,0.515423171543061,0.492908119796213,0.538820369563969,Post-Hohokam
2695,Sonoran Desert (5),550,0.0102347460440193,0.00962217196206335,0.0108504527361585,0.445620975708003,0.415867583675877,0.475526522037237,Post-Hohokam
2696,Sonoran Desert (5),520,0.00870378863635508,0.00806103813786942,0.00935268828765526,0.371260702760646,0.34004160922795,0.402778467359822,Post-Hohokam
2697,Sonoran Desert (5),490,0.00724273050422766,0.00654643002026159,0.00779803391879908,0.300295513949346,0.266475439150472,0.327267207132587,Post-Hohokam
2698,Sonoran Desert (5),460,0.00605704086191946,0.00540577547111798,0.00662213602805383,0.242705273364267,0.211072602214354,0.270152562612564,Post-Hohokam
2699,Sonoran Desert (5),430,0.00525106602421755,0.00468034192849759,0.00583320638563314,0.203558195450679,0.175837502946164,0.231833388445486,Post-Hohokam
2700,Northern Patagonia (17),2980,0.00185322413792381,0.000263895850489425,0.00355405504016374,0.00238513689208541,-0.109605865321232,0.12223309960891,Phase 1
2701,Northern Patagonia (17),2950,0.00193746729026265,0.000403487502637449,0.00328959991157162,0.00832127679132966,-0.0997696287499281,0.103598437956161,Phase 1
2702,Northern Patagonia (17),2920,0.00201054840176544,0.000575805599118393,0.00328456084961852,0.013470890615464,-0.0876273441904904,0.103243363675533,Phase 1
2703,Northern Patagonia (17),2890,0.00201891634995367,0.000590407702298764,0.00367134012131922,0.0140605327375347,-0.0865984163204454,0.130497517908843,Phase 1
2704,Northern Patagonia (17),2860,0.00194099146032367,0.000380953574085666,0.00354560162067916,0.00856960518277877,-0.101357467626433,0.121637434806558,Phase 1
2705,Northern Patagonia (17),2830,0.00184276915740941,0.000376336867850646,0.00349039495362712,0.00164843337073964,-0.101682780881267,0.117747332289101,Phase 1
2706,Northern Patagonia (17),2800,0.00185400729541693,0.000490282415826924,0.00344354609872553,0.00244032158441082,-0.0936536806528874,0.114446157664288,Phase 1
2707,Northern Patagonia (17),2770,0.00207696588954378,0.000680524268783126,0.00375074240093949,0.0181509564518276,-0.0802484100464751,0.136092548805229,Phase 1
2708,Northern Patagonia (17),2740,0.00249732273875357,0.000900903728224322,0.00437715269152522,0.0477711332286658,-0.0647195122566485,0.180232149663071,Phase 1
2709,Northern Patagonia (17),2710,0.00300879436243063,0.00107259587180035,0.00515793430974878,0.0838116543671485,-0.0526213350686798,0.23524942748158,Phase 1
2710,Northern Patagonia (17),2680,0.00349847550802861,0.000956758408223861,0.00645502183539448,0.118316723391629,-0.0607837479209176,0.326647871153622,Phase 1
2711,Northern Patagonia (17),2650,0.00388208136346568,0.00126723416022595,0.00681059129448039,0.145347264875696,-0.0389062724461833,0.351702845883708,Phase 1
2712,Northern Patagonia (17),2620,0.00410262987592509,0.00118353263884142,0.00722726686664367,0.160888074878428,-0.0448042466663268,0.381063623825753,Phase 1
2713,Northern Patagonia (17),2590,0.00415013974503122,0.00166762743527331,0.00696807003681134,0.164235827446784,-0.010692816166228,0.362799484835126,Phase 1
2714,Northern Patagonia (17),2560,0.00406152807119177,0.00151172707082539,0.00677521631086557,0.15799186247143,-0.0216782357286826,0.349210170267458,Phase 1
2715,Northern Patagonia (17),2530,0.00389351318155327,0.00132443255203577,0.00648261508509693,0.14615280063245,-0.0348758243163554,0.328592211862166,Phase 1
2716,Northern Patagonia (17),2500,0.00369366782026897,0.00101339001193433,0.0064749737593863,0.132070824948219,-0.0567932381523405,0.328053770728678,Phase 1
2717,Northern Patagonia (17),2470,0.00349612277910231,0.000860978717395918,0.0062938111175764,0.118150939851201,-0.0675328026330932,0.315288260934188,Phase 1
2718,Northern Patagonia (17),2440,0.00330913484936844,0.000949584353563621,0.00569356154416995,0.104974954865435,-0.0612892630984209,0.272992058296015,Phase 1
2719,Northern Patagonia (17),2410,0.00310623803306089,0.000690166361384918,0.00540214545414513,0.090677960352832,-0.0795689861524655,0.252457609723625,Phase 1
2720,Northern Patagonia (17),2380,0.00284812488169384,0.000381820674590074,0.00494711137192628,0.0724901820728038,-0.101296367943456,0.220393923881118,Phase 2
2721,Northern Patagonia (17),2350,0.00253328427738655,0.000308283866972723,0.00471834078700756,0.0503051400694692,-0.10647809210312,0.204273750796341,Phase 2
2722,Northern Patagonia (17),2320,0.00221369480145389,0.000304344114895271,0.00442784412936266,0.0277854718615216,-0.106755704215805,0.183804089439096,Phase 2
2723,Northern Patagonia (17),2290,0.00196188901173082,0.000306933218107028,0.00413491600629457,0.0100421377894119,-0.106573264712393,0.163163096424483,Phase 2
2724,Northern Patagonia (17),2260,0.00182952462358191,0.000343631007709988,0.0036248934514735,0.000715165757674476,-0.103987378417446,0.127224682997001,Phase 2
2725,Northern Patagonia (17),2230,0.00181937529777525,0.000467403633865671,0.00339848566181862,0,-0.0952658194045338,0.111271002770694,Phase 2
2726,Northern Patagonia (17),2200,0.00188378525289564,0.000403966519925833,0.00336319586266889,0.00453860633040858,-0.0997358751027881,0.108784329623345,Phase 2
2727,Northern Patagonia (17),2170,0.00196133062008705,0.000394350695458603,0.0035566180668033,0.010002791079039,-0.100413448029481,0.122413701643325,Phase 2
2728,Northern Patagonia (17),2140,0.00202049435293768,0.000301421513631224,0.00365277262424903,0.0141717257094786,-0.106961643446371,0.129189171092189,Phase 2
2729,Northern Patagonia (17),2110,0.00209383901870524,0.000432039613721898,0.00368953475789618,0.0193399107164727,-0.0977577224868015,0.131779591349094,Phase 2
2730,Northern Patagonia (17),2080,0.00224505820373437,0.00065247618448225,0.00380354296130959,0.0299954739623968,-0.082224800384364,0.139813106552816,Phase 2
2731,Northern Patagonia (17),2050,0.00249236717655755,0.000801975436333126,0.0041427529602978,0.0474219427050653,-0.0716904311308299,0.163715322380605,Phase 2
2732,Northern Patagonia (17),2020,0.00278354814874716,0.000985823892744093,0.00460560772941219,0.0679398238494349,-0.0587356671266778,0.196330087927886,Phase 2
2733,Northern Patagonia (17),1990,0.0030427943710041,0.00135753524981918,0.00499756496087745,0.0862074432457007,-0.0325432638692542,0.223949103787355,Phase 2
2734,Northern Patagonia (17),1960,0.00324991190252175,0.00152412053168296,0.00502985964177963,0.1008018477586,-0.0208049384286188,0.226224727841232,Phase 2
2735,Northern Patagonia (17),1930,0.00348365394651986,0.00176095597717021,0.0052000495076013,0.117272331530707,-0.00411648009722498,0.238217047987177,Phase 2
2736,Northern Patagonia (17),1900,0.00389850779571947,0.00211123524034341,0.005632833053332,0.146504742928175,0.0205657243582402,0.268712863993859,Phase 2
2737,Northern Patagonia (17),1870,0.00462202529080725,0.00253438590485652,0.00666855621920822,0.197486940900974,0.0503827655452144,0.341694435063277,Phase 2
2738,Northern Patagonia (17),1840,0.00559230907270564,0.00332185885969667,0.00776326028868885,0.265857367593336,0.105871544122731,0.418832057817125,Phase 2
2739,Northern Patagonia (17),1810,0.00651226686573694,0.00455602535016571,0.00884597348799411,0.330681605637851,0.192836297256799,0.495124751566081,Phase 2
2740,Northern Patagonia (17),1780,0.00699882887429951,0.00518296944964907,0.0088580857837496,0.364966886664221,0.237013512617515,0.495978236746887,Phase 2
2741,Northern Patagonia (17),1750,0.00681108558927226,0.00517515760590722,0.00870999029819026,0.351737676050368,0.236463056039915,0.485542782988098,Phase 2
2742,Northern Patagonia (17),1720,0.00601053768959106,0.004009482752864,0.00806360840769839,0.295327579839352,0.154324522371765,0.439995896104469,Phase 2
2743,Northern Patagonia (17),1690,0.00495452491216474,0.00300242444387792,0.00705861132178049,0.220916314256862,0.0833628021266294,0.369179418625737,Phase 2
2744,Northern Patagonia (17),1660,0.00401125228344259,0.00239429330968835,0.00571892970555608,0.154449211213278,0.040511230344092,0.274779609578153,Phase 2
2745,Northern Patagonia (17),1630,0.0033613570997706,0.00199026637349021,0.00485270046508215,0.108654762370663,0.0120417304530107,0.213741319657726,Phase 2
2746,Northern Patagonia (17),1600,0.00301318609068714,0.00161545255911632,0.00449181644794593,0.0841211146924847,-0.0143692854755417,0.188311857990561,Phase 2
2747,Northern Patagonia (17),1570,0.00294821633225969,0.00149916637655186,0.00467018925318254,0.079543062179751,-0.0225633170245413,0.200880783733585,Phase 2
2748,Northern Patagonia (17),1540,0.00318234240554591,0.00156285298940301,0.00511166267132928,0.0960406063302546,-0.0180756805449279,0.231988926047344,Phase 2
2749,Northern Patagonia (17),1510,0.00366574656941423,0.00194686456062333,0.00550536619049536,0.130103371848067,0.00898344944255708,0.259730992953795,Phase 2
2750,Northern Patagonia (17),1480,0.00423796465565297,0.00272382581496761,0.00581318874323565,0.170424353654734,0.0637315277614771,0.281421512437907,Phase 2
2751,Northern Patagonia (17),1450,0.00473795561807501,0.00320620950341229,0.0061870966395791,0.205655897333879,0.0977223861306342,0.307768693431315,Phase 2
2752,Northern Patagonia (17),1420,0.00514578130830862,0.00348725324113955,0.0065773908650642,0.234393074000714,0.117525953526179,0.335270526637031,Phase 2
2753,Northern Patagonia (17),1390,0.00556058639824192,0.00376246364917972,0.00732514141454139,0.263622049607639,0.136918479072747,0.387960291302764,Phase 2
2754,Northern Patagonia (17),1360,0.00607286637821909,0.00418958632734585,0.00797905033711859,0.299719531056279,0.167015405663715,0.434037565692605,Phase 2
2755,Northern Patagonia (17),1330,0.00664675842844454,0.00461938432540326,0.00858489396141313,0.340158467665628,0.197300846961326,0.476727949552079,Phase 2
2756,Northern Patagonia (17),1300,0.00713172877815165,0.00508576887099649,0.00944171285231543,0.374331593467798,0.230164335952706,0.537103145203037,Phase 3
2757,Northern Patagonia (17),1270,0.00740278969549479,0.00533775287600314,0.00976859821757562,0.393431727803872,0.247920227850896,0.560136913590467,Phase 3
2758,Northern Patagonia (17),1240,0.00744674446621527,0.00530464105622586,0.00975355556546437,0.396528972636146,0.245587024628325,0.559076942721514,Phase 3
2759,Northern Patagonia (17),1210,0.00734148859072396,0.00525370092257304,0.00934190072463935,0.389112184626829,0.241997560660583,0.530069947405034,Phase 3
2760,Northern Patagonia (17),1180,0.00718855021983601,0.00510833782559479,0.00934132656735873,0.378335480047901,0.231754642917198,0.530029489779134,Phase 3
2761,Northern Patagonia (17),1150,0.00702109434256043,0.00472798968933674,0.00906869228398149,0.366535808657873,0.20495365453344,0.510818489210828,Phase 3
2762,Northern Patagonia (17),1120,0.00674398964205632,0.00426755113972781,0.00902366025572245,0.347009803003262,0.172509146349677,0.507645336114453,Phase 3
2763,Northern Patagonia (17),1090,0.00618915834468543,0.00384081735667885,0.00849548460520786,0.307913970164229,0.142439623004642,0.470427776398527,Phase 3
2764,Northern Patagonia (17),1060,0.00533906456106041,0.0030932957980979,0.00752780107417755,0.248012654900306,0.0897659940360905,0.402240574722057,Phase 3
2765,Northern Patagonia (17),1030,0.00446646405998059,0.00237780662874621,0.00630982117923492,0.18652541817244,0.0393495069062859,0.316416399698728,Phase 3
2766,Northern Patagonia (17),1000,0.00396628501891312,0.00209841620122791,0.00597792995861572,0.151280621651724,0.019662438958171,0.293029896912104,Phase 3
2767,Northern Patagonia (17),970,0.00415371243379026,0.00233334711445077,0.00646266655650323,0.164487574677286,0.0362166956405268,0.32718655154167,Phase 3
2768,Northern Patagonia (17),940,0.00512339107973983,0.00280929363173729,0.00761680211258931,0.232815360851688,0.0697539628572947,0.4085119760232,Phase 3
2769,Northern Patagonia (17),910,0.00663349235883814,0.00419225815107946,0.00929205512173484,0.339223682547664,0.167203674015842,0.526557608847079,Phase 3
2770,Northern Patagonia (17),880,0.0082405698954633,0.00614188548224321,0.010493572219264,0.452465374263664,0.304582918119001,0.611221743370188,Phase 3
2771,Northern Patagonia (17),850,0.00952150400015486,0.00778010417170689,0.0112504415114399,0.542725577450005,0.420018951270963,0.664554054413421,Phase 3
2772,Northern Patagonia (17),820,0.0102773286351624,0.00837877233401473,0.0124149668812072,0.595984277393397,0.462203720786573,0.746611590477044,Phase 3
2773,Northern Patagonia (17),790,0.0106349959701695,0.00813140405896806,0.0130264323962658,0.621187077609752,0.44477307335062,0.789698117276889,Phase 3
2774,Northern Patagonia (17),760,0.0108862574195437,0.00823199197565001,0.0135040253728036,0.638892055087007,0.451860936625203,0.82335140119273,Phase 3
2775,Northern Patagonia (17),730,0.0112593728934937,0.00935560096504554,0.0131548476383642,0.665183398542808,0.531035326090975,0.798746815255629,Phase 3
2776,Northern Patagonia (17),700,0.0118436583736391,0.0101437619323228,0.0136318736981336,0.706354701550191,0.586572585025242,0.832360151743638,Phase 3
2777,Northern Patagonia (17),670,0.0126694593603163,0.0106861767184076,0.0147401234026074,0.764544240399981,0.624793496330493,0.910452259011794,Phase 3
2778,Northern Patagonia (17),640,0.0136831148465415,0.0115527615394471,0.0160399102244645,0.835970826523753,0.685856842008261,1.00204090686655,Phase 3
2779,Northern Patagonia (17),610,0.0146415430612361,0.0128051709032072,0.0165857853987168,0.903505858248662,0.774107067551818,1.04050565221289,Phase 3
2780,Northern Patagonia (17),580,0.0152168980397622,0.013718551216119,0.0168149884440649,0.944047879165918,0.83846782766264,1.05665629834548,Phase 3
2781,Northern Patagonia (17),550,0.0152796720866314,0.0132841913452262,0.0172331519622114,0.948471212266733,0.807860936910661,1.08612192345045,Phase 3
2782,Northern Patagonia (17),520,0.0150454506016525,0.0126762843472711,0.0179338068646643,0.931966944992272,0.765025158744664,1.13549312344215,Phase 3
2783,Northern Patagonia (17),490,0.0149028637027525,0.0119658649474665,0.0181914236474243,0.921919650272519,0.714965909686482,1.15364592542545,Phase 4
2784,Northern Patagonia (17),460,0.0151404036802276,0.0118879741282025,0.0184293211820912,0.938657753000249,0.709477382878294,1.17040922319223,Phase 4
2785,Northern Patagonia (17),430,0.0156616826369196,0.0126794095602234,0.0185523683882954,0.975389341592867,0.765245374878377,1.1790796659518,Phase 4
2786,Northern Patagonia (17),400,0.0160109465492502,0.0133830087905892,0.0188454202409019,1,0.814824045055067,1.19972937748927,Phase 4
2787,Northern Patagonia (17),370,0.015789030448383,0.0131046552988668,0.0187400548915802,0.984362823753986,0.795210044125216,1.19230487547645,Phase 4
2788,Northern Patagonia (17),340,0.0148797081088003,0.0115783553446001,0.0181216405701621,0.920288006140805,0.68766029313425,1.14872870547668,Phase 4
2789,Northern Patagonia (17),310,0.0133874753530801,0.00985241994570594,0.0167735879179606,0.815138778526907,0.566043358102142,1.05373903672796,Phase 4
2790,Northern Patagonia (17),280,0.0115459894676017,0.00763909386764732,0.0156576863028374,0.685379652292949,0.410082750299212,0.975107742465368,Phase 4
2791,Northern Patagonia (17),250,0.00957351112904595,0.00507943177040938,0.0136910973485113,0.546390226555415,0.229717796209162,0.83653330842434,Phase 4
2792,Northern Patagonia (17),220,0.00754476150140172,0.003776923828803,0.0114997682381488,0.403435680388909,0.137937406390029,0.682122702894331,Phase 4
2793,Southern Britain (27),6990,0.000351641012403973,0.000298512582040424,0.000402166470826025,0.00104735638724072,-0.0122627191730584,0.0137053187007229,Mesolithic
2794,Southern Britain (27),6960,0.000350364070113923,0.000297105413593739,0.000401914850058276,0.000727448604337877,-0.0126152520490211,0.0136422810501022,Mesolithic
2795,Southern Britain (27),6930,0.000348912230026932,0.000292952997255792,0.000402362795305041,0.000363724302168945,-0.0136555420564182,0.0137545031699827,Mesolithic
2796,Southern Britain (27),6900,0.000347460389939942,0.000294136278083246,0.000400590020430568,0,-0.0133590989446098,0.0133103762238414,Mesolithic
2797,Southern Britain (27),6870,0.000347774483131976,0.000293708373101345,0.000402904759696452,7.86886435443119E-05,-0.0134663004486398,0.0138902795697617,Mesolithic
2798,Southern Britain (27),6840,0.000355500746753757,0.000306778687011798,0.000404720440930674,0.00201432182338797,-0.0101918414715059,0.0143451556926876,Mesolithic
2799,Southern Britain (27),6810,0.000364049925236878,0.000320956484677413,0.000414701621400008,0.00415611691897371,-0.00663992855187579,0.0168457051220373,Mesolithic
2800,Southern Britain (27),6780,0.000372599103719998,0.000325696805986383,0.000428965111885318,0.00629791201455948,-0.00545235281566923,0.0204190863571685,Mesolithic
2801,Southern Britain (27),6750,0.000388425995034785,0.000342971140088197,0.000439773401431598,0.0102629664654996,-0.00112467570238588,0.0231268484640888,Mesolithic
2802,Southern Britain (27),6720,0.000411340375051339,0.000363906802046224,0.000457087394930031,0.016003624101171,0.00412026077812789,0.0274644613041018,Mesolithic
2803,Southern Britain (27),6690,0.000434254755067893,0.000383552575669391,0.00048596309538369,0.0217442817368423,0.00904204614945493,0.0346985872186979,Mesolithic
2804,Southern Britain (27),6660,0.000456379097900531,0.00039362045903066,0.000511806810541619,0.0272870141836567,0.0115643169440898,0.0411731207058925,Mesolithic
2805,Southern Britain (27),6630,0.000471801088468082,0.000417508671332673,0.000518992728978161,0.0311506302991662,0.0175489452977706,0.0429733831398858,Mesolithic
2806,Southern Britain (27),6600,0.000485702542111422,0.00043682129981817,0.000529458474418098,0.0346333117396816,0.022387269009783,0.0455953288975001,Mesolithic
2807,Southern Britain (27),6570,0.000499603995754762,0.00045150483212988,0.000549250801864644,0.038115993180197,0.0260658818207317,0.0505538298738145,Mesolithic
2808,Southern Britain (27),6540,0.000511209404564514,0.000463449764495265,0.000566065985221342,0.041023454724025,0.0290584029861042,0.0547664775938098,Mesolithic
2809,Southern Britain (27),6510,0.000518560050117664,0.00047285243428485,0.000568220794375305,0.0428649856531323,0.0314140202048236,0.0553063142210356,Mesolithic
2810,Southern Britain (27),6480,0.000525816122899034,0.000479873273951413,0.000575113937544721,0.0446828236041163,0.0331729260452418,0.0570332287149342,Mesolithic
2811,Southern Britain (27),6450,0.000533595135175743,0.0004795875011826,0.00058935701540103,0.0466316717157392,0.0331013324159937,0.06060149604716,Mesolithic
2812,Southern Britain (27),6420,0.000553456844538226,0.000498872879015845,0.000607384328334328,0.0516075546951981,0.0379328291196029,0.0651178142528638,Mesolithic
2813,Southern Britain (27),6390,0.000578368171607239,0.000524551847468915,0.000630359597327122,0.0578485003306516,0.0443660892043087,0.0708737261858858,Mesolithic
2814,Southern Britain (27),6360,0.000603279498676252,0.000549179201816073,0.000658123444149009,0.064089445966105,0.0505358921698379,0.0778293033884341,Mesolithic
2815,Southern Britain (27),6330,0.000632428444293248,0.000573229209287031,0.000699545202192696,0.071392027013774,0.0565610544882757,0.088206548220048,Mesolithic
2816,Southern Britain (27),6300,0.000675878227876302,0.000619159690556281,0.000735904572942158,0.0822773458272935,0.0680678536169406,0.097315531276553,Mesolithic
2817,Southern Britain (27),6270,0.000720493131633376,0.000654302595232923,0.000782221980528541,0.0934545580290969,0.0768720797808555,0.108919265670989,Mesolithic
2818,Southern Britain (27),6240,0.000765100871223806,0.000689767580190685,0.000839162904457176,0.104629975417865,0.085756995565165,0.123184471602677,Mesolithic
2819,Southern Britain (27),6210,0.000807974742012473,0.000732315705511556,0.000882188974384387,0.115371012859678,0.0964164251604803,0.133963638950087,Mesolithic
2820,Southern Britain (27),6180,0.000849513268328195,0.000780269268020351,0.000913857834298891,0.125777511228677,0.108430059593307,0.141897525110213,Mesolithic
2821,Southern Britain (27),6150,0.000891051794643917,0.000815706530948438,0.000955999428725842,0.136184009597676,0.117308030276714,0.152455107975281,Mesolithic
2822,Southern Britain (27),6120,0.000934732946982457,0.000853824201041688,0.0010074748393239,0.147127292397647,0.126857513776453,0.165351058408398,Mesolithic
2823,Southern Britain (27),6090,0.000992337352950082,0.000914798213764201,0.00106260503237809,0.16155871811056,0.142133115012888,0.179162628413081,Mesolithic
2824,Southern Britain (27),6060,0.00105244473953479,0.000975907546758683,0.00112553773160403,0.176617206601562,0.15744261755287,0.19492893237085,Neolithic
2825,Southern Britain (27),6030,0.00111255212611949,0.00103056913674412,0.00119415478228777,0.191675695092564,0.171136790107446,0.212119316560178,Neolithic
2826,Southern Britain (27),6000,0.00121460703370563,0.001124151631911,0.00130218246505106,0.217243145927753,0.194581677774354,0.239183105389332,Neolithic
2827,Southern Britain (27),5970,0.00137934297353271,0.0012857139964115,0.0014748971821141,0.25851385149145,0.235057318866841,0.28245270546511,Neolithic
2828,Southern Britain (27),5940,0.00154467953651274,0.00143630332766285,0.00165763112534699,0.299935029024565,0.272783925201996,0.328232386423461,Neolithic
2829,Southern Britain (27),5910,0.0017116437253427,0.00158637082781462,0.00183970407996639,0.34176396983806,0.310379799058939,0.373846472269554,Neolithic
2830,Southern Britain (27),5880,0.00190349303684881,0.0017892996514369,0.002017675592726,0.389827291394227,0.361218831141998,0.418433038561871,Neolithic
2831,Southern Britain (27),5850,0.00210377568425382,0.00200829509209378,0.00220379886337176,0.440003386417852,0.416082975302824,0.465061835589624,Neolithic
2832,Southern Britain (27),5820,0.00230405833165883,0.00221198545337449,0.00240312466546719,0.490179481441476,0.467112792690596,0.514998215581525,Neolithic
2833,Southern Britain (27),5790,0.00250476806780865,0.00240748817741484,0.00260052575735103,0.540462573480171,0.5160913906167,0.564452404810915,Neolithic
2834,Southern Britain (27),5760,0.00270664438497955,0.00261617305067146,0.00279384954839617,0.591037924887939,0.568372465218947,0.612885122450164,Neolithic
2835,Southern Britain (27),5730,0.0029085866840397,0.00281854914811924,0.00299947088233,0.641629806502329,0.619073024791219,0.664398699507514,Neolithic
2836,Southern Britain (27),5700,0.00311089450860438,0.00299863877987322,0.00323293933728464,0.692313261913486,0.664190235856361,0.722888716154507,Neolithic
2837,Southern Britain (27),5670,0.0033397768291009,0.00322556269136751,0.00346628608236662,0.749654330704317,0.721040671447243,0.781348241262591,Neolithic
2838,Southern Britain (27),5640,0.00358506754990847,0.00346737023593383,0.0037064084273971,0.811106137314229,0.781619850376578,0.841505233182019,Neolithic
2839,Southern Britain (27),5610,0.00383035827071604,0.00369261877801288,0.00396107373811237,0.87255794392414,0.838050561662495,0.905305622258314,Neolithic
2840,Southern Britain (27),5580,0.00405195366520896,0.00389586258312406,0.00421097301444664,0.928073445216621,0.888968504930934,0.96791199379447,Neolithic
2841,Southern Britain (27),5550,0.00415290559163989,0.00400532224665383,0.00428490189424531,0.95336457012957,0.916391042777748,0.986433131525723,Neolithic
2842,Southern Britain (27),5520,0.00423697189872835,0.00409454948922699,0.0043662713971651,0.974425401247035,0.938744824595864,1.00681834194424,Neolithic
2843,Southern Britain (27),5490,0.0043210382058168,0.00417249615221696,0.0044516005129865,0.995486232364499,0.958272523174017,1.02819554001512,Neolithic
2844,Southern Britain (27),5460,0.00433905533790697,0.00420206825815598,0.0044727000097439,1,0.965681117063053,1.0334815214417,Neolithic
2845,Southern Britain (27),5430,0.00427826499906648,0.00414473482976001,0.00440128792790935,0.984770413924026,0.951317578391582,1.01559090809905,Neolithic
2846,Southern Britain (27),5400,0.0042173356232698,0.00407686159976544,0.00434662164022936,0.969505995416905,0.934313540938049,1.00189555864787,Neolithic
2847,Southern Britain (27),5370,0.00415651369346258,0.00398245462438694,0.00433124444814567,0.95426849496907,0.910662099193794,0.998043165736225,Neolithic
2848,Southern Britain (27),5340,0.00409686076727332,0.00391300831521613,0.00428487946261195,0.939323860814836,0.893263963842867,0.986427511808879,Neolithic
2849,Southern Britain (27),5310,0.00403752777354521,0.00384623038823871,0.00423529317103074,0.924459378195342,0.876534328735118,0.974004835603604,Neolithic
2850,Southern Britain (27),5280,0.00397819477981709,0.00374336916703389,0.00419736024204868,0.909594895575847,0.85076487503411,0.964501634633431,Neolithic
2851,Southern Britain (27),5250,0.00392587863814947,0.00367655133561193,0.00415213049944489,0.896488319796092,0.834025242808652,0.953170389055312,Neolithic
2852,Southern Britain (27),5220,0.00388910260166954,0.00367047998767901,0.0040727801695121,0.887274950965003,0.83250420973489,0.933291034820432,Neolithic
2853,Southern Britain (27),5190,0.00385288816670851,0.00366773849810815,0.00403024546369641,0.878202278152981,0.831817394162019,0.922634967165734,Neolithic
2854,Southern Britain (27),5160,0.00381654936640171,0.00362905135392388,0.00400433598046721,0.869098448535872,0.82212524235589,0.916143957038968,Neolithic
2855,Southern Britain (27),5130,0.00377576225648263,0.00360769791826065,0.0039372023489157,0.858880199828085,0.816775642523846,0.89932520853702,Neolithic
2856,Southern Britain (27),5100,0.00373275579889673,0.00356690583421256,0.00388539776087742,0.848105945890367,0.806556147665316,0.886346790457634,Neolithic
2857,Southern Britain (27),5070,0.00368974934131082,0.0034985592332359,0.00385812971833507,0.837331691952649,0.789433518273404,0.879515425327202,Neolithic
2858,Southern Britain (27),5040,0.00364011903758328,0.00340345416598275,0.00383529358108009,0.824897989541834,0.765607186069636,0.873794369570628,Neolithic
2859,Southern Britain (27),5010,0.00356363337568224,0.00333165097243237,0.00375293399765831,0.80573631033889,0.747618588908256,0.853161117826553,Neolithic
2860,Southern Britain (27),4980,0.00348429778448711,0.00328174643048282,0.00365675518290907,0.785860648547219,0.73511618257693,0.829065783504561,Neolithic
2861,Southern Britain (27),4950,0.00340496219329198,0.00320096277393606,0.00359303440734126,0.765984986755549,0.714877742154035,0.813102045600677,Neolithic
2862,Southern Britain (27),4920,0.00333036029644543,0.00312119196927071,0.00352210222899395,0.74729524047141,0.694893047888907,0.795331660761545,Neolithic
2863,Southern Britain (27),4890,0.00326019479868097,0.00307414078327002,0.00343126147479486,0.729716929375444,0.683105482613865,0.772573651649082,Neolithic
2864,Southern Britain (27),4860,0.00319002930091652,0.00298913136177355,0.00337246983208958,0.712138618279478,0.661808376418316,0.757844791764334,Neolithic
2865,Southern Britain (27),4830,0.00312520076117011,0.00292222024961672,0.00330461542328412,0.695897356179617,0.64504537490412,0.740845469515963,Neolithic
2866,Southern Britain (27),4800,0.00310367395589994,0.00291969502450612,0.00324949593136087,0.690504322680281,0.644412739292661,0.727036580427324,Neolithic
2867,Southern Britain (27),4770,0.00309163812355077,0.00293013254593107,0.00323670071766087,0.68748902866722,0.647027614188788,0.723831041321579,Neolithic
2868,Southern Britain (27),4740,0.00307960229120161,0.00292694470050604,0.00323618635778688,0.684473734654159,0.646228974680878,0.723702180582778,Neolithic
2869,Southern Britain (27),4710,0.003096447678444,0.00293752181614116,0.00325321664811252,0.688693949245565,0.648878821614997,0.727968718282029,Neolithic
2870,Southern Britain (27),4680,0.00316508029452988,0.00302629466417584,0.00329975467293483,0.705888232979399,0.671118765595257,0.739627723123193,Neolithic
2871,Southern Britain (27),4650,0.00323474504892625,0.00308440623475612,0.00337862671893524,0.723341094631067,0.685677249443895,0.759387254595839,Neolithic
2872,Southern Britain (27),4620,0.00330542460656683,0.00310939394323066,0.00347933472919772,0.741048191308444,0.691937330639574,0.784617272063861,Neolithic
2873,Southern Britain (27),4590,0.00339798767130947,0.00321476749092789,0.00356867519595288,0.764237684718787,0.718336188507381,0.80699941953117,Neolithic
2874,Southern Britain (27),4560,0.0034994012700606,0.003341564533611,0.00367001112065627,0.789644470746207,0.750102197918654,0.832386746157335,Neolithic
2875,Southern Britain (27),4530,0.00360081486881173,0.00343163597364367,0.00376591376512823,0.815051256773627,0.772667473505683,0.856412892527923,Neolithic
2876,Southern Britain (27),4500,0.00371462576436818,0.00352267311454383,0.00389253184749668,0.843563893210954,0.795474682675672,0.888134067651903,Neolithic
2877,Southeast US (14),4870,0.000795391938506014,0.00034813757786361,0.00126726209002496,0,-0.0288097278734965,0.0303953451395313,Late Archic
2878,Southeast US (14),4840,0.00109893175524405,0.000417999761755901,0.00173730616393909,0.0195524075079631,-0.0243095805665051,0.0606730641506222,Late Archic
2879,Southeast US (14),4810,0.00147185913508699,0.000491440642583617,0.00238315083841968,0.0435743897965633,-0.019578912790796,0.10227491526194,Late Archic
2880,Southeast US (14),4780,0.00181303294107443,0.000775606041616755,0.00278558101816618,0.0655509771102021,-0.00127450139176702,0.128197309735469,Late Archic
2881,Southeast US (14),4750,0.00204353537709118,0.0011054027942207,0.00296634154499548,0.0803987081558698,0.0199692371431359,0.139840933691963,Late Archic
2882,Southeast US (14),4720,0.00215986888965922,0.00131052627430711,0.00313022476073418,0.0878922892913101,0.0331821919218576,0.150397411758905,Late Archic
2883,Southeast US (14),4690,0.00220844263178221,0.00126373028480195,0.00311146837374833,0.0910211493215411,0.0301678451835088,0.149189225875202,Late Archic
2884,Southeast US (14),4660,0.00221279368197631,0.00129578955710749,0.00309244203135039,0.0913014206460642,0.0322329316135621,0.147963650911271,Late Archic
2885,Southeast US (14),4630,0.00217390404888363,0.0012767581731826,0.00310597990383671,0.0887963589963778,0.0310070319014955,0.148835688070968,Late Archic
2886,Southeast US (14),4600,0.00210567404151822,0.00117286598732441,0.00311776567950959,0.0844013477500243,0.0243148543261711,0.149594864548143,Late Archic
2887,Southeast US (14),4570,0.002043485728909,0.00109757088048682,0.00297556622698721,0.0803955100861719,0.0194647472526904,0.140435138245988,Late Archic
2888,Southeast US (14),4540,0.00202045761958561,0.00113884722664732,0.00303445348690817,0.0789121627531349,0.0221235481613906,0.144228339794883,Late Archic
2889,Southeast US (14),4510,0.00204009697178485,0.00131237120709639,0.00292787915701861,0.0801772245216981,0.0333010326001858,0.137363392881882,Late Archic
2890,Southeast US (14),4480,0.00206825452828989,0.00140710709869902,0.00286013655258811,0.0819909833396727,0.0394034107927753,0.132999777519292,Late Archic
2891,Southeast US (14),4450,0.0020740621611324,0.00138621397314739,0.00290282591591986,0.0823650799086624,0.0380575876671953,0.135749597418004,Late Archic
2892,Southeast US (14),4420,0.00206090038021396,0.00126769746906144,0.00303898705907343,0.0815172685512816,0.0304233899226945,0.144520368206162,Late Archic
2893,Southeast US (14),4390,0.00205491129999617,0.0011304917841215,0.00300798723293787,0.0811314841152405,0.0215853353531675,0.142523525617957,Late Archic
2894,Southeast US (14),4360,0.00206566656048472,0.00125532139340258,0.00284123322550239,0.0818242803295443,0.0296261894854279,0.131782126542203,Late Archic
2895,Southeast US (14),4330,0.00207441295137916,0.00138861066588569,0.00272228059817158,0.0823876759355299,0.0382119697630738,0.124119836076626,Late Archic
2896,Southeast US (14),4300,0.00205283949931665,0.00132050187531725,0.00275562591070029,0.0809980298238183,0.0338247666528534,0.126267762322507,Late Archic
2897,Southeast US (14),4270,0.00199113732238066,0.00123156883683613,0.00270941989125318,0.0770235064135268,0.0280961771452543,0.123291418292062,Late Archic
2898,Southeast US (14),4240,0.00190073695586729,0.00104804056312692,0.00271723600343878,0.0712003995014476,0.0162742697745568,0.123794890331491,Late Archic
2899,Southeast US (14),4210,0.00180795931305195,0.00101249209077593,0.00265393033542496,0.0652241611962123,0.013984427785583,0.119717078623387,Late Archic
2900,Southeast US (14),4180,0.00175213576920588,0.000963624643222152,0.00252939567856237,0.0616283078101672,0.0108366488262578,0.111695223744483,Late Archic
2901,Southeast US (14),4150,0.00176798651681643,0.00100856109148378,0.00255245977263649,0.0626493279844492,0.0137312138879812,0.113180889022222,Late Archic
2902,Southeast US (14),4120,0.00186515075780069,0.00101309204987518,0.002601657217929,0.0689081274241474,0.0140230739339624,0.116349924666531,Late Archic
2903,Southeast US (14),4090,0.00201938390703876,0.0011324203842375,0.00283347341698408,0.0788429999477807,0.0217095654320849,0.131282281283138,Late Archic
2904,Southeast US (14),4060,0.00219179909700452,0.00134035483483238,0.00300514404443483,0.0899490620486309,0.0351035878594104,0.142340382658886,Late Archic
2905,Southeast US (14),4030,0.00237919714945267,0.00144500895118688,0.00325090442848011,0.102020239817138,0.0418448449120724,0.158170948908169,Late Archic
2906,Southeast US (14),4000,0.00262217965413122,0.00176123493626361,0.00355171067218641,0.117671869971744,0.0622144273651165,0.177547274297998,Late Archic
2907,Southeast US (14),3970,0.00294011867068383,0.00213588922344568,0.00378916939929411,0.138151796727721,0.0863476477653624,0.192843092318271,Late Archic
2908,Southeast US (14),3940,0.00325791805549883,0.00247848889609569,0.00409191320953928,0.158622729155823,0.108416081764349,0.212344225355903,Late Archic
2909,Southeast US (14),3910,0.00344638242707276,0.00257663128780722,0.00428994387103733,0.170762593485141,0.114737888429357,0.225100298790654,Late Archic
2910,Southeast US (14),3880,0.00341286172283877,0.00251885858943136,0.00445271425484313,0.168603369446001,0.111016480959264,0.235585094191138,Late Archic
2911,Southeast US (14),3850,0.00317450887484198,0.0022744094784589,0.0041705357641034,0.153249956952051,0.0952703798906927,0.217408668771185,Late Archic
2912,Southeast US (14),3820,0.00283813111675685,0.00200962448349083,0.00374164860989726,0.13158230532936,0.0782143502098233,0.189782057857051,Late Archic
2913,Southeast US (14),3790,0.0025259924324939,0.00176470047082078,0.00340023948855216,0.111476004879901,0.0624376585201681,0.16779031278976,Late Archic
2914,Southeast US (14),3760,0.0022978194752534,0.00156164544869445,0.00304787389463282,0.0967783263670565,0.0493579427128055,0.145092810504443,Late Archic
2915,Southeast US (14),3730,0.00212445492046348,0.0013542717595427,0.00288645598159661,0.0856111112744329,0.0360000415310174,0.134695134019408,Late Archic
2916,Southeast US (14),3700,0.00196781238481897,0.00117927949418463,0.00270332529716041,0.0755210389968795,0.0247279780508732,0.122898837217928,Late Archic
2917,Southeast US (14),3670,0.00183806766868356,0.00114682228322908,0.00266257655338913,0.0671635800343415,0.0226372585466096,0.120274021626301,Late Archic
2918,Southeast US (14),3640,0.00177039989607494,0.00102739868749473,0.00253175220153199,0.0628047849364916,0.0149446308216626,0.11184701831924,Late Archic
2919,Southeast US (14),3610,0.00176806028163031,0.00102631151817838,0.00245277223826139,0.0626540795182553,0.014874601203368,0.106759552551402,Late Archic
2920,Southeast US (14),3580,0.00180050633376781,0.00102923272140411,0.00247221496405079,0.0647440802312902,0.0150627694525842,0.108011948700893,Late Archic
2921,Southeast US (14),3550,0.00183393519201956,0.00125765908874037,0.00243314252215301,0.0668973880447041,0.029776771285091,0.105495111488146,Late Archic
2922,Southeast US (14),3520,0.00185818475239397,0.0012383421386517,0.00241538242321121,0.0684594147054061,0.0285324769318706,0.104351101138454,Late Archic
2923,Southeast US (14),3490,0.00188998080338933,0.00130840353939214,0.00254665933970997,0.0705075458299688,0.0330454567200808,0.112807256233217,Late Archic
2924,Southeast US (14),3460,0.00195654745637576,0.00137905195528046,0.00261015751368073,0.0747954127056188,0.0375962488767243,0.116897468142909,Late Archic
2925,Southeast US (14),3430,0.00206700394529005,0.00147898531708023,0.00264885944098299,0.0819104274880613,0.0440334202321919,0.119390438791998,Late Archic
2926,Southeast US (14),3400,0.0022072224859755,0.00164763664054199,0.0028163870150868,0.0909425540707161,0.0548970342335385,0.1301816668849,Late Archic
2927,Southeast US (14),3370,0.00237073291205096,0.00172092597342599,0.0030924070129096,0.101475019026334,0.0596179401032666,0.147961395211073,Late Archic
2928,Southeast US (14),3340,0.00256144310747336,0.00179736032289081,0.00336692261841524,0.11375954728656,0.0645414310785283,0.165644218650259,Late Archic
2929,Southeast US (14),3310,0.00275938821473898,0.00191967785556669,0.00352521167625839,0.126510109776373,0.0724204707048563,0.175840351059708,Late Archic
2930,Southeast US (14),3280,0.00292003790189204,0.00212167535335463,0.00367261074670652,0.136858301269004,0.0854320664644572,0.185335008869902,Late Archic
2931,Southeast US (14),3250,0.00300937885238035,0.00214687995799231,0.00379010265351419,0.14261316628101,0.0870556119559485,0.192903207551309,Late Archic
2932,Southeast US (14),3220,0.00303009761365811,0.0021693257592982,0.00382677578387823,0.143947757794955,0.0885014501286528,0.195265493979416,Late Archic
2933,Southeast US (14),3190,0.0030120394031233,0.00214965927516031,0.00379232645401549,0.142784544694823,0.0872346406660743,0.193046452856274,Late Archic
2934,Southeast US (14),3160,0.0029831070029158,0.00218264809061855,0.00387280493081453,0.140920874600008,0.0893596032821031,0.19823044483105,Late Archic
2935,Southeast US (14),3130,0.00296392408724315,0.00204999895581439,0.00389848695497193,0.139685214025216,0.0808150572415154,0.199884743128226,Late Archic
2936,Southeast US (14),3100,0.00296202152326346,0.00205048895502046,0.00392516459977993,0.139562661054602,0.080846620363147,0.201603173969505,Late Archic
2937,Southeast US (14),3070,0.00297271444717496,0.00207185611377339,0.00388035572954909,0.140251441880841,0.0822229781659361,0.198716826800491,Late Archic
2938,Southeast US (14),3040,0.00298539732096256,0.00215723255365818,0.00379286077586013,0.141068404608605,0.0877224706613385,0.193080871004638,Late Archic
2939,Southeast US (14),3010,0.00297993546720826,0.00206954690168512,0.00380976691436382,0.140716581274518,0.0820742311044884,0.194169873801577,Late Archic
2940,Southeast US (14),2980,0.00292381326009638,0.00200932067831571,0.00383650817058906,0.137101489602229,0.0781947807093512,0.19589240214929,Early Woodland
2941,Southeast US (14),2950,0.00278947598769098,0.0018773700728298,0.00363186834693636,0.128448202788639,0.0696952301821476,0.182710601924812,Early Woodland
2942,Southeast US (14),2920,0.00258358708531961,0.00180980203572274,0.00345583957346689,0.115185943610277,0.0653428595105575,0.171371772149566,Early Woodland
2943,Southeast US (14),2890,0.0023551273611916,0.00160285107741296,0.00315469990957291,0.100469793112095,0.052012188383058,0.151973969618942,Early Woodland
2944,Southeast US (14),2860,0.00216034734998537,0.00145236307684441,0.00288267802544187,0.0879231091401646,0.0423185582563906,0.134451778340148,Early Woodland
2945,Southeast US (14),2830,0.0020519906629501,0.00138295831336167,0.0027448585890676,0.0809433523362822,0.0378478755196365,0.125574189193967,Early Woodland
2946,Southeast US (14),2800,0.0021025363533007,0.00142325236793591,0.00276297543856694,0.0841992346983622,0.0404434024710928,0.12674117950179,Early Woodland
2947,Southeast US (14),2770,0.00238224074299925,0.00164372417545373,0.00318818915407552,0.102216291794605,0.0546450142099764,0.154131167190864,Early Woodland
2948,Southeast US (14),2740,0.00290649532366635,0.00199096327387351,0.00402859956005163,0.135985960990807,0.0770122951418906,0.208265899524049,Early Woodland
2949,Southeast US (14),2710,0.00357984819750537,0.00239853794527032,0.00490531332287372,0.179359742814366,0.103266070184366,0.264739099457919,Early Woodland
2950,Southeast US (14),2680,0.00420934669429446,0.00282998167594707,0.00561931983104375,0.219908660801929,0.131057362047166,0.31073157043291,Early Woodland
2951,Southeast US (14),2650,0.00463340326068736,0.00324698122495286,0.00622772875642031,0.247224111149247,0.157918237171943,0.349922011305815,Early Woodland
2952,Southeast US (14),2620,0.00481067541017168,0.00339295259589733,0.00648774069175963,0.258643032540773,0.167320930234994,0.366670586077065,Early Woodland
2953,Southeast US (14),2590,0.00481391234479033,0.00343495333289041,0.00649612404603646,0.258851538513468,0.17002639251717,0.367210596810635,Early Woodland
2954,Southeast US (14),2560,0.00476598073934655,0.00338731699483676,0.00615624849937006,0.255764041485173,0.166957915031015,0.345317636401594,Early Woodland
2955,Southeast US (14),2530,0.00474865778877901,0.00340881161938571,0.00600184752110368,0.254648189889898,0.168342483496953,0.335371953231805,Early Woodland
2956,Southeast US (14),2500,0.00477525788275967,0.00343230658712998,0.00625499814253055,0.256361625322682,0.169855903346312,0.351678558949051,Early Woodland
2957,Southeast US (14),2470,0.00480468119079751,0.00346524337194163,0.00614750012410769,0.258256917067833,0.17197751442706,0.344754112973265,Early Woodland
2958,Southeast US (14),2440,0.00478738950118174,0.00349961559735227,0.00625723121113796,0.257143079135459,0.174191588894807,0.35182240125572,Early Woodland
2959,Southeast US (14),2410,0.00468440136868223,0.00335823355081082,0.00601465360950918,0.250509135830247,0.165084515503266,0.336196852784615,Early Woodland
2960,Southeast US (14),2380,0.0044546809468504,0.0030768231560862,0.00576599906481808,0.235711777945454,0.146957566710314,0.32017986022412,Early Woodland
2961,Southeast US (14),2350,0.00409394842958665,0.00297318917367751,0.00530432104856801,0.212475323319136,0.140282021216799,0.290441037791543,Early Woodland
2962,Southeast US (14),2320,0.00367277231967559,0.00267597668587466,0.00479891348270263,0.185345416534265,0.121137186313667,0.257885392237022,Early Woodland
2963,Southeast US (14),2290,0.0033030777021474,0.00232530701082293,0.00427274789040462,0.161531671460913,0.0985489260288098,0.223992625917807,Early Woodland
2964,Southeast US (14),2260,0.00305337882656968,0.00212543672127759,0.00397633827174078,0.145447408704079,0.0856743536187667,0.204899507539875,Early Woodland
2965,Southeast US (14),2230,0.00291504043281639,0.00201360581973585,0.00382862298318016,0.13653639110603,0.0784708065440379,0.195384480654337,Early Woodland
2966,Southeast US (14),2200,0.00287210211522013,0.00206207913586036,0.00366947756607994,0.133770534908412,0.0815931976699002,0.18513318617308,Early Woodland
2967,Southeast US (14),2170,0.00294005426765923,0.00213599242775947,0.00378299871876505,0.138147648230185,0.086354295633907,0.192445610163863,Early Woodland
2968,Southeast US (14),2140,0.00312960142510927,0.00222227787975694,0.00403276952660062,0.15035725982008,0.0919123418157673,0.208534506411069,Early Woodland
2969,Southeast US (14),2110,0.00340149083569792,0.0024602136251015,0.0043928769624331,0.167870917863556,0.107238886793235,0.231730696643077,Early Woodland
2970,Southeast US (14),2080,0.00367047091959299,0.00265438286973692,0.0046770858150251,0.185197172680338,0.119746228457415,0.250037907087383,Early Woodland
2971,Southeast US (14),2050,0.00386096699102404,0.00288561515378941,0.00480066559234946,0.197467908221106,0.134640972400326,0.257998253746202,Middle Woodland
2972,Southeast US (14),2020,0.0039791585587221,0.0029339810534855,0.00492190863869949,0.205081175305708,0.137756444335803,0.265808080724482,Middle Woodland
2973,Southeast US (14),1990,0.00410004299598567,0.00306452378253263,0.00507916299252055,0.212867902609388,0.146165307011417,0.275937563048589,Middle Woodland
2974,Southeast US (14),1960,0.00431070885986619,0.00332516453734705,0.00527265840054683,0.226437868035583,0.162954386961718,0.288401499771311,Middle Woodland
2975,Southeast US (14),1930,0.00463622943609277,0.0036039107069464,0.00559178027789628,0.247406158215788,0.180909720656849,0.308957620077688,Middle Woodland
2976,Southeast US (14),1900,0.00501087240753583,0.00401477759093569,0.00603160440010162,0.271538649716798,0.20737556238271,0.337288731829702,Middle Woodland
2977,Southeast US (14),1870,0.00533347634561504,0.0042946615408947,0.0062854598726032,0.292319065705657,0.225404185788185,0.353640740273988,Middle Woodland
2978,Southeast US (14),1840,0.0055488491430487,0.00448746748672917,0.00665465328603132,0.306192226554229,0.237823711053192,0.377422200466514,Middle Woodland
2979,Southeast US (14),1810,0.00567916297691798,0.0045804963773487,0.00678402261627579,0.31458634502975,0.24381613339486,0.385755479082661,Middle Woodland
2980,Southeast US (14),1780,0.00577472453433369,0.00471664037638191,0.00685358486089186,0.320741908187055,0.252585799850705,0.39023630590966,Middle Woodland
2981,Southeast US (14),1750,0.00587876077662963,0.00482203932674407,0.00696816287068533,0.327443365105714,0.259375035116573,0.397616806968823,Middle Woodland
2982,Southeast US (14),1720,0.00600342308114558,0.00496375074200784,0.00721165705856214,0.33547344236204,0.268503324675232,0.413301397011574,Middle Woodland
2983,Southeast US (14),1690,0.00612661196102198,0.00498384726283861,0.00745228156854755,0.343408609503133,0.269797834795842,0.428801137790883,Middle Woodland
2984,Southeast US (14),1660,0.00622644267322394,0.00519134723107936,0.00729267487161649,0.349839168721884,0.283163870199474,0.418520130136164,Middle Woodland
2985,Southeast US (14),1630,0.00632333331092426,0.00522119969674733,0.00726093014439148,0.356080344105007,0.285086805978148,0.416475305013705,Middle Woodland
2986,Southeast US (14),1600,0.00649818765384902,0.00541899396842941,0.00753660227333569,0.367343523361495,0.297827652448403,0.434232625491883,Middle Woodland
2987,Southeast US (14),1570,0.00685311885954082,0.00569342296341053,0.00799670974515075,0.39020628860118,0.315504896901979,0.463870281872729,Late Woodland
2988,Southeast US (14),1540,0.00743473641647924,0.00621692879037606,0.00849789538402167,0.427670973166304,0.349226335399311,0.496153973526929,Late Woodland
2989,Southeast US (14),1510,0.00816278877128543,0.00692335614650465,0.00942568291467778,0.474568202272125,0.394730598036854,0.555917071742972,Late Woodland
2990,Southeast US (14),1480,0.00889110552070674,0.00772851229565145,0.0100868901383771,0.521482462261452,0.44659444016748,0.59850849590574,Late Woodland
2991,Southeast US (14),1450,0.00956995891530028,0.00832622457176307,0.0107695271145497,0.565210558139931,0.485095860246852,0.642480309823149,Late Woodland
2992,Southeast US (14),1420,0.0102809215485768,0.00906332623877109,0.0114494500470193,0.611006959014597,0.532575997525111,0.686277299597078,Late Woodland
2993,Southeast US (14),1390,0.0110936560815316,0.00991560221025177,0.012282804723711,0.663358959997189,0.58747504596862,0.739957539680392,Late Woodland
2994,Southeast US (14),1360,0.0119733528520027,0.0107851880221098,0.013134389989923,0.720024309289849,0.643489101519247,0.794812096593837,Late Woodland
2995,Southeast US (14),1330,0.0128903178971735,0.0115713708235852,0.0140729410478859,0.779090281017739,0.694130782322085,0.855268523528296,Late Woodland
2996,Southeast US (14),1300,0.0138834445600051,0.0125362290143657,0.0152050665964838,0.843062175800377,0.756281773701964,0.928193981263108,Late Woodland
2997,Southeast US (14),1270,0.0149076232986099,0.0134989857385785,0.0162830024228325,0.90903427881273,0.818297399872966,0.997628827639099,Late Woodland
2998,Southeast US (14),1240,0.0157565256820579,0.014303162534345,0.0171314692369806,0.963716018803308,0.870098157309822,1.05228251059077,Late Woodland
2999,Southeast US (14),1210,0.0162190324678724,0.014787473550631,0.017648666344086,0.993508226127616,0.901294876253589,1.0855975751801,Late Woodland
3000,Southeast US (14),1180,0.0163198135021632,0.0146845316813905,0.017975197638105,1,0.894663912979472,1.10663097038134,Late Woodland
3001,Southeast US (14),1150,0.0162479491209029,0.0143993039593133,0.0180302521089838,0.995370881873722,0.876291072425793,1.11017728421037,Late Woodland
3002,Southeast US (14),1120,0.0161448116760468,0.01440817550331,0.0179258783477542,0.988727320667067,0.876862529723595,1.10345408613167,Late Woodland
3003,Southeast US (14),1090,0.0160216061348784,0.0141500158529097,0.0177918176070148,0.980791080294876,0.86023326921674,1.09481861200533,Late Woodland
3004,Southeast US (14),1060,0.0158203789619433,0.014169397107256,0.0174941392998157,0.967829104732049,0.86148170570546,1.07564377151427,Mississippian
3005,Southeast US (14),1030,0.0155251662636869,0.0138230465754403,0.0170630523095077,0.948813085549249,0.839171661469957,1.0478754589533,Mississippian
3006,Southeast US (14),1000,0.0151838821034207,0.0135107603015235,0.0166732674903453,0.926829389804656,0.81905585408633,1.02276761080809,Mississippian
3007,Southeast US (14),970,0.0148832146303756,0.0132449723119239,0.016550168277583,0.907462003276778,0.801935216869041,1.01483821954172,Mississippian
3008,Southeast US (14),940,0.0147217505254741,0.0127596479556117,0.0164953910346866,0.897061351359449,0.770673223994004,1.01130976325291,Mississippian
3009,Southeast US (14),910,0.0147621467036801,0.0127993889553184,0.0164561542052492,0.899663456567705,0.773233126116199,1.00878233707626,Mississippian
3010,Southeast US (14),880,0.0149572669344932,0.0132954890315913,0.0164750795219989,0.912232055662563,0.805189233095041,1.0100014045096,Mississippian
3011,Southeast US (14),850,0.0151456839280448,0.0139687222222068,0.0162676926962606,0.924368868153707,0.848555305567045,0.996642657139343,Mississippian
3012,Southeast US (14),820,0.0151655219269411,0.013941546796347,0.0164154073902543,0.925646725677411,0.846804810339361,1.00615764572606,Mississippian
3013,Southeast US (14),790,0.0149136381739247,0.0136768929548216,0.0161081210864951,0.909421724830612,0.829757228860061,0.986363909611703,Mississippian
3014,Southeast US (14),760,0.0143537937186112,0.0129030386874559,0.0158708663897864,0.873359546731553,0.779909686122799,0.971081234135785,Mississippian
3015,Southeast US (14),730,0.0135172893913551,0.0122100911405967,0.0149488949415009,0.819476423046326,0.735273720523835,0.911692776762022,Mississippian
3016,Southeast US (14),700,0.0125235374442774,0.0113587269133434,0.0137213786054183,0.755464250805134,0.680433401754962,0.832622755953247,Mississippian
3017,Southeast US (14),670,0.0116040813516251,0.0105134842086668,0.012802403957619,0.696237819154715,0.62598739864878,0.773427336398895,Mississippian
3018,Southeast US (14),640,0.0109474011410821,0.00994443522243729,0.0119763824043436,0.653938000907036,0.589332314019948,0.720219456808131,Mississippian
3019,Southeast US (14),610,0.0105110533838141,0.00973967822892829,0.0112992939459219,0.625830817945095,0.576142966341556,0.6766050486548,Mississippian
3020,Southeast US (14),580,0.0100438715572336,0.00929333368621074,0.0107879265943691,0.595737469560758,0.547391844060618,0.643665505660816,Post-Mississippian
3021,Southeast US (14),550,0.00928992297482904,0.00848664234986399,0.0100568699504427,0.547172144320584,0.495429113401768,0.596574756357938,Post-Mississippian
3022,Southeast US (14),520,0.00823214278989392,0.00725533244562333,0.00915659942167714,0.479035616296159,0.416114731272184,0.538584155866057,Post-Mississippian
3023,Southeast US (14),490,0.00708604778182382,0.00611187118818251,0.00806311969201291,0.405210320882053,0.342459087952263,0.468148054580063,Post-Mississippian
3024,Southeast US (14),460,0.00612670641196072,0.00509436185478483,0.00723151001181879,0.34341469352619,0.276916592264071,0.414580217814993,Post-Mississippian
3025,Southeast US (14),430,0.00550821824959476,0.00460760603621707,0.00649107185215291,0.303575002248168,0.245562392265583,0.366885161568952,Post-Mississippian
3026,Iberia (26),8490,0.000485350364820677,0.000373151016567632,0.000592054573570467,0,-0.0513502973127409,0.0488353357585014,Mesolithic
3027,Iberia (26),8460,0.0004963792315036,0.000406200692369673,0.000594526160971786,0.0050475835377707,-0.0362244458265361,0.0499665076402304,Mesolithic
3028,Iberia (26),8430,0.000507728478588135,0.000417921236761945,0.00059901564946482,0.0102417956356187,-0.0308603020183836,0.0520212127030396,Mesolithic
3029,Iberia (26),8400,0.000519077725672669,0.000420975926173685,0.000617287405480239,0.0154360077334666,-0.0294622617273013,0.0603836507958309,Mesolithic
3030,Iberia (26),8370,0.000527753349919692,0.000425346050690363,0.000627067142236025,0.0194065823526124,-0.0274621859985276,0.0648595447993981,Mesolithic
3031,Iberia (26),8340,0.00053130659011929,0.000441512766320551,0.000619636694581484,0.0210327944787421,-0.0200631621440542,0.0614588503910233,Mesolithic
3032,Iberia (26),8310,0.000534734438312079,0.000451315045585626,0.000617271659095929,0.0226016184209779,-0.0155769511059213,0.060376444145093,Mesolithic
3033,Iberia (26),8280,0.000538238568915296,0.000445799276375881,0.000619330434669236,0.0242053545486787,-0.018101354261901,0.0613186843580315,Mesolithic
3034,Iberia (26),8250,0.000543635003648699,0.000455410761080252,0.000619711127135197,0.0266751418718997,-0.0137024642070925,0.0614929159522091,Mesolithic
3035,Iberia (26),8220,0.000549848707519736,0.000467696323506355,0.000627049717692137,0.0295189689186616,-0.00807972848663356,0.0648515701050428,Mesolithic
3036,Iberia (26),8190,0.000556062411390772,0.000462963045001193,0.000660938311958295,0.0323627959654235,-0.0102460089712214,0.0803613695662071,Mesolithic
3037,Iberia (26),8160,0.000563140709106906,0.000456662626657181,0.000670676117165913,0.0356023218437006,-0.0131295226475221,0.0848180727500528,Mesolithic
3038,Iberia (26),8130,0.000573236639765844,0.000482693048337632,0.000661608796796899,0.0402229283717891,-0.00121617454631403,0.0806682304913558,Mesolithic
3039,Iberia (26),8100,0.00058359116705304,0.000499488431348,0.000669112384654015,0.0449618868685106,0.00647057162906145,0.0841023989903226,Mesolithic
3040,Iberia (26),8070,0.000593932337603309,0.00050465411231572,0.000683650032791529,0.0496947323848719,0.00883474983192358,0.0907558472118373,Mesolithic
3041,Iberia (26),8040,0.000599883473619592,0.000504679335120955,0.000692494299254849,0.0524183899510059,0.00884629355805111,0.0948036043465784,Neolithic
3042,Iberia (26),8010,0.000602332256618138,0.00050688413631962,0.000698745474018381,0.0535391249373276,0.00985536534705609,0.0976645807039216,Neolithic
3043,Iberia (26),7980,0.000604781039616683,0.000512500274024399,0.000714067643753845,0.0546598599236492,0.0124257041714789,0.104677081076187,Neolithic
3044,Iberia (26),7950,0.000609738084589171,0.000512510172753094,0.000726116309240316,0.0569285516504123,0.0124302345245463,0.110191396128683,Neolithic
3045,Iberia (26),7920,0.000631637514990434,0.000543313286836749,0.000739313959728649,0.0669512681776809,0.0265279016766459,0.116231567368155,Neolithic
3046,Iberia (26),7890,0.000656700928383944,0.000578089183699058,0.000756064516581719,0.0784220454100604,0.0424437930877915,0.123897797947491,Neolithic
3047,Iberia (26),7860,0.000681764341777453,0.000598726718995004,0.000783707287698004,0.0898928226424398,0.0518889778393016,0.136549070325366,Neolithic
3048,Iberia (26),7830,0.000712232081781805,0.000628517611149635,0.000806058022167898,0.103836999075107,0.0655233811862975,0.146778335272598,Neolithic
3049,Iberia (26),7800,0.000751060361243955,0.000680287566261571,0.000833814860714819,0.121607545210784,0.0892169465078146,0.15948181291341,Neolithic
3050,Iberia (26),7770,0.000789981022357573,0.000713415228137827,0.000876545114900642,0.139420371674671,0.104378489895617,0.179038176571979,Neolithic
3051,Iberia (26),7740,0.000827212451712243,0.000734455260313773,0.000931564239372276,0.156460087114272,0.114007885471675,0.204218789859796,Neolithic
3052,Iberia (26),7710,0.000837064911565314,0.000747342209408625,0.000928503239452876,0.160969264311773,0.119905857944584,0.202817861437459,Neolithic
3053,Iberia (26),7680,0.000837329171925596,0.000756984764866585,0.000920745410210742,0.161090208401732,0.124318968157169,0.199267334234871,Neolithic
3054,Iberia (26),7650,0.000837593432285878,0.00074345869847188,0.000933240039329054,0.161211152491691,0.11812849074661,0.204985753548597,Neolithic
3055,Iberia (26),7620,0.000848239641572179,0.000741310543330061,0.000958707145171194,0.16608360514509,0.117145344169345,0.21664128878165,Neolithic
3056,Iberia (26),7590,0.000888168319412739,0.000786270941889228,0.000980094892135221,0.184357770818435,0.137722378432553,0.226429823051703,Neolithic
3057,Iberia (26),7560,0.000929862004240903,0.000834724558220452,0.00101572009607042,0.20343972757955,0.159898154345924,0.242734416994383,Neolithic
3058,Iberia (26),7530,0.000972128657641836,0.000871613407896481,0.00107365872555538,0.222783914977658,0.176781081278057,0.269251200703643,Neolithic
3059,Iberia (26),7500,0.00106293306364892,0.000968169091152739,0.00116426516037588,0.264342384954279,0.220971739420398,0.310719065169187,Neolithic
3060,Iberia (26),7470,0.0011847204404581,0.00110088455631655,0.00126880990613664,0.320080837141951,0.281711651908931,0.358566079085818,Neolithic
3061,Iberia (26),7440,0.00130650781726729,0.00120511858075908,0.00140902973838405,0.375819289329624,0.329416457940034,0.422740516702051,Neolithic
3062,Iberia (26),7410,0.00143151648059881,0.0013097506130834,0.00154350491759575,0.433032028340057,0.377303420315004,0.484285797857616,Neolithic
3063,Iberia (26),7380,0.00157353194686294,0.00145572015138508,0.00168437133784281,0.498028274122372,0.444109327007887,0.548756159528115,Neolithic
3064,Iberia (26),7350,0.00171802731986503,0.00160831646765425,0.00184640472898545,0.564159499298818,0.513948112448764,0.622914012842922,Neolithic
3065,Iberia (26),7320,0.00186252269286711,0.00172797727337471,0.00201488485559908,0.630290724475264,0.568713296436906,0.700022344821698,Neolithic
3066,Iberia (26),7290,0.00200160896230092,0.00185553894543801,0.00216402054078218,0.693946364180391,0.627094471445051,0.768277302567265,Neolithic
3067,Iberia (26),7260,0.00213400531588272,0.00197366341541667,0.00229771123785671,0.754540228809758,0.681156520358507,0.829463549632101,Neolithic
3068,Iberia (26),7230,0.00226638414935409,0.00207514925729594,0.00245157055433815,0.815126075006811,0.727603565146874,0.899880372623253,Neolithic
3069,Iberia (26),7200,0.00239514660791894,0.00217863833759149,0.00264479920238259,0.874056814204267,0.774967432446826,0.988315365169225,Neolithic
3070,Iberia (26),7170,0.00248253949785033,0.0022843765924369,0.00270199200848611,0.914053934961824,0.823360679895968,1.01449080774793,Neolithic
3071,Iberia (26),7140,0.00255822641260115,0.00236304716672443,0.002749664526253,0.948693579805159,0.859365856773806,1.036309098131,Neolithic
3072,Iberia (26),7110,0.00263391332735198,0.00244447661816067,0.00283361490481524,0.983333224648494,0.896633689487361,1.07473068404758,Neolithic
3073,Iberia (26),7080,0.00267032989024995,0.00248772730140603,0.00288719881045728,1,0.916428238013786,1.09925444045739,Neolithic
3074,Iberia (26),7050,0.0026169380767937,0.00246352201034089,0.00277642828393853,0.975564158457839,0.905350197792616,1.04855807226282,Neolithic
3075,Iberia (26),7020,0.00256002852136604,0.00239198950576783,0.00270682966685579,0.94951835127048,0.872611902655041,1.0167048597852,Neolithic
3076,Iberia (26),6990,0.00250133881818104,0.00229101469619071,0.00269651582000408,0.922657823516351,0.826398742118773,1.01198451951122,Neolithic
3077,Iberia (26),6960,0.00237235800285565,0.00215038989925255,0.00255396400261524,0.863627148938266,0.762038964234572,0.946742801806414,Neolithic
3078,Iberia (26),6930,0.00220715612552333,0.00201599386949487,0.00238876655689149,0.788019173939114,0.700529907424861,0.87113685502241,Neolithic
3079,Iberia (26),6900,0.00204195424819102,0.00185734227746201,0.00223534537601634,0.712411198939962,0.627919802759608,0.800920553638529,Neolithic
3080,Iberia (26),6870,0.00188173953864915,0.00167870438056188,0.00208608012861385,0.639085701983466,0.546162562098491,0.732606299127073,Neolithic
3081,Iberia (26),6840,0.00174245752122177,0.00155893786196946,0.0019188199155151,0.575340474256439,0.491348996479891,0.656056285201478,Neolithic
3082,Iberia (26),6810,0.00160549949561191,0.00144387417750979,0.00176932386669586,0.512658868311895,0.438687777864096,0.587636399761196,Neolithic
3083,Iberia (26),6780,0.00146854147000206,0.00130830906691802,0.00165171390954523,0.44997726236735,0.376643667604005,0.533809828032783,Neolithic
3084,Iberia (26),6750,0.00136588767310072,0.00120254853292906,0.00153736946194843,0.402995679379212,0.328240223654944,0.481477782690466,Neolithic
3085,Iberia (26),6720,0.00129664146440986,0.00114700394165695,0.00144916041649281,0.371303753718145,0.302819119875403,0.441107131877026,Neolithic
3086,Iberia (26),6690,0.001227395255719,0.00107945521332041,0.00139090522340052,0.339611828057079,0.271904080374857,0.414445466440667,Neolithic
3087,Iberia (26),6660,0.00116315667716856,0.00100621536995716,0.00133611366932902,0.310211745446318,0.238384387164522,0.389369005341686,Neolithic
3088,Iberia (26),6630,0.00114140078411392,0.000993885107087107,0.00129471777664835,0.300254721684108,0.232741193383274,0.370423339170035,Neolithic
3089,Iberia (26),6600,0.00112928277480235,0.000980652099424198,0.00127847578726619,0.294708670029833,0.226684840218908,0.362989864763006,Neolithic
3090,Iberia (26),6570,0.00111716476549079,0.000969955115072332,0.00125898347899242,0.289162618375558,0.221789149331478,0.354068816283188,Neolithic
3091,Iberia (26),6540,0.00110848848057415,0.000952798391435029,0.00125921860679947,0.28519174138762,0.213937028321816,0.354176427271901,Neolithic
3092,Iberia (26),6510,0.00110618999903515,0.000981835507212755,0.00124429388287122,0.28413979489922,0.227226450689297,0.347345825998728,Neolithic
3093,Iberia (26),6480,0.00110403328015294,0.000978173866650316,0.00124055740241462,0.283152728953244,0.225550626948239,0.345635750268903,Neolithic
3094,Iberia (26),6450,0.00110252071195168,0.000952299334438277,0.00124539767019217,0.282460471573411,0.213708624810047,0.347850996554383,Neolithic
3095,Iberia (26),6420,0.00111589146701213,0.000966606843690302,0.00125323289910275,0.288579867615725,0.22025674532354,0.351436947278125,Neolithic
3096,Iberia (26),6390,0.00113548228139715,0.00100944028326456,0.00126968884842472,0.297545999406443,0.239860333858695,0.358968344771995,Neolithic
3097,Iberia (26),6360,0.00115507309578217,0.00102885852924562,0.001290445736422,0.306512131197161,0.248747486234758,0.368468153697298,Neolithic
3098,Iberia (26),6330,0.0011777511311014,0.00103463779522679,0.00133378139363106,0.316891191987115,0.251392484008838,0.38830159227405,Neolithic
3099,Iberia (26),6300,0.00121084771774746,0.00106981662679733,0.00135152934595637,0.33203851316833,0.267492786625458,0.39642430103116,Neolithic
3100,Iberia (26),6270,0.00124479312628519,0.00111146199701419,0.0013698863835605,0.347574314828102,0.286552631229119,0.404825769965072,Neolithic
3101,Iberia (26),6240,0.00127872698710514,0.00112909409803373,0.00143020257618706,0.363104831441654,0.294622318296818,0.432430693455009,Neolithic
3102,Iberia (26),6210,0.00130986607379571,0.00116448942133488,0.0014632091384278,0.377356263241434,0.310821702725462,0.447536813149316,Neolithic
3103,Iberia (26),6180,0.00133885275646183,0.00119630990614453,0.00147653757390523,0.390622603877015,0.325384990133566,0.453636840779921,Neolithic
3104,Iberia (26),6150,0.00136783943912794,0.00123359750505086,0.00151035573469495,0.403888944512596,0.34245041270269,0.469114404938368,Neolithic
3105,Iberia (26),6120,0.00139223091768063,0.00123938227697863,0.00154466502292328,0.415052197197035,0.345097930384408,0.484816743486182,Neolithic
3106,Iberia (26),6090,0.0013867617524872,0.00126206444248826,0.00153173594458889,0.41254912331017,0.355478881439398,0.478899489716103,Neolithic
3107,Iberia (26),6060,0.00137592454513198,0.00125388048884336,0.00150814403161864,0.407589256533804,0.351733329799366,0.468102174365692,Neolithic
3108,Iberia (26),6030,0.00136508733777677,0.00123591077093186,0.00152849753629559,0.402629389757439,0.343509125543739,0.477417366769133,Neolithic
3109,Iberia (26),6000,0.00133586485179812,0.00119218728467501,0.00149285595077846,0.389255128974422,0.323498189172028,0.461105275464694,Neolithic
3110,Iberia (26),5970,0.00127916974730373,0.00113182985805743,0.00141765731298571,0.36330746958697,0.295874394113484,0.426689100430752,Neolithic
3111,Iberia (26),5940,0.00122221139426088,0.00106116990326729,0.00138228992679426,0.337239329185677,0.263535439003019,0.410502501984483,Neolithic
3112,Iberia (26),5910,0.00116564939838534,0.000989120051838358,0.00134188146910017,0.311352589645438,0.230560369630332,0.392008755373215,Neolithic
3113,Iberia (26),5880,0.00111514739272944,0.000951998961849119,0.00127602147484616,0.288239326995536,0.213571153229347,0.361866599125289,Neolithic
3114,Iberia (26),5850,0.00106669906121978,0.000915798978770593,0.0012118733248102,0.266065969787469,0.197003500005496,0.332507902950161,Neolithic
3115,Iberia (26),5820,0.00101825072971012,0.000876301179340333,0.00115168134708278,0.243892612579401,0.178926534537136,0.304959828917021,Neolithic
3116,Iberia (26),5790,0.000978324088825545,0.000846889979667343,0.00110922151465891,0.225619379160093,0.165465905121301,0.285527229238299,Neolithic
3117,Iberia (26),5760,0.000961674208735709,0.000856622056824172,0.00108180361356511,0.217999225334366,0.16991998674704,0.272978873166899,Neolithic
3118,Iberia (26),5730,0.000946340863567072,0.000831573804120584,0.00105931044655792,0.210981610299449,0.158456148110535,0.262684421092908,Neolithic
3119,Iberia (26),5700,0.000931019757533795,0.000802211962430782,0.00105821592417552,0.203969596751969,0.145018108372366,0.262183490823464,Neolithic
3120,Iberia (26),5670,0.000916588463151986,0.000785672358827501,0.00104091317370653,0.1973648234743,0.137448424807469,0.254264537685636,Neolithic
3121,Iberia (26),5640,0.000902706582230971,0.000779121975022023,0.00101642159047644,0.191011500360992,0.134450509390302,0.243055470074222,Neolithic
3122,Iberia (26),5610,0.000888824701309956,0.000747546766983874,0.0010142867480337,0.184658177247684,0.119999477849425,0.242078416322507,Neolithic
3123,Iberia (26),5580,0.000875904640500201,0.000727537805632518,0.00100615623737823,0.178745050529841,0.110841972656132,0.238357323945738,Neolithic
3124,Iberia (26),5550,0.000867881634592045,0.000729240005927078,0.00100681648961599,0.17507315987147,0.111621018992608,0.238659501714488,Neolithic
3125,Iberia (26),5520,0.000860544035082561,0.000723029893183029,0.00100182543552667,0.171714959291516,0.108778835497626,0.236375245028681,Neolithic
3126,Iberia (26),5490,0.000853206435573076,0.000703089591205392,0.000996569365275853,0.168356758711562,0.0996527536531202,0.233969698345223,Calcolithic
3127,Iberia (26),5460,0.000852892477595631,0.000699786159991385,0.000991445340419994,0.168213069503589,0.0981408716535129,0.231624584903095,Calcolithic
3128,Iberia (26),5430,0.000860958872981836,0.000718480069583189,0.00099620251156806,0.171904818232731,0.106696516854871,0.23380180033816,Calcolithic
3129,Iberia (26),5400,0.000869040053499575,0.0007365325434164,0.00100621459826236,0.175603333675869,0.11495859602912,0.238384033982814,Calcolithic
3130,Iberia (26),5370,0.000877944583516682,0.000746376332245667,0.00101192348386592,0.179678671642872,0.119463804757487,0.240996820755925,Calcolithic
3131,Iberia (26),5340,0.00089580708905711,0.000764696057731447,0.00104040580159991,0.187853807991996,0.127848197047012,0.25403232859593,Calcolithic
3132,Iberia (26),5310,0.000916121209897897,0.000785267631702712,0.00105976711720268,0.197150975587557,0.137263193266358,0.262893425634799,Calcolithic
3133,Iberia (26),5280,0.000936435330738684,0.000775255811759664,0.00110889256911162,0.206448143183119,0.132681081705803,0.285376680666348,Calcolithic
3134,Iberia (26),5250,0.000954701135066037,0.000774816847717082,0.00114817853970646,0.214807857365688,0.132480180947936,0.303356698390829,Calcolithic
3135,Iberia (26),5220,0.000968430566985649,0.000817717697531618,0.00114204567713535,0.221091409115178,0.152114621140737,0.300549869997363,Calcolithic
3136,Iberia (26),5190,0.000981996059626618,0.000824671026762995,0.00112876664692334,0.227299930743455,0.155296952668539,0.294472453684092,Calcolithic
3137,Iberia (26),5160,0.000995166096122621,0.000833233185562473,0.00115917726645121,0.233327463881741,0.159215597534466,0.308390487777293,Calcolithic
3138,Iberia (26),5130,0.000994191425667923,0.000849548765545625,0.0011546014857732,0.232881386267121,0.166682752166016,0.306296289353575,Calcolithic
3139,Iberia (26),5100,0.000986159687449216,0.000865152074414053,0.00115461445508046,0.229205499090499,0.173823921539383,0.306302225018923,Calcolithic
3140,Iberia (26),5070,0.000978127949230508,0.000836296956076288,0.00115604964205893,0.225529611913877,0.160617793975283,0.306959067319627,Calcolithic
3141,Iberia (26),5040,0.000977612702311558,0.000803787697267917,0.00115504967671046,0.225293798757298,0.145739275238599,0.306501412986106,Calcolithic
3142,Iberia (26),5010,0.00100757190509253,0.000844388428722284,0.00118039170908639,0.23900523286105,0.164321019818741,0.318099705821803,Calcolithic
3143,SW Wyoming (12),7990,0.000715618476073485,0.00057641202708271,0.000884335272169933,0,-0.0199586618085552,0.0241896945085866,Early Archaic
3144,SW Wyoming (12),7960,0.000804873766783744,0.000654705606469739,0.000965593785918383,0.0127969370300395,-0.00873335519312293,0.0358400972501911,Early Archaic
3145,SW Wyoming (12),7930,0.000924646238171598,0.000730332141231809,0.00110835131580179,0.0299692610691611,0.0021095651026827,0.0563078936793385,Early Archaic
3146,SW Wyoming (12),7900,0.00104702569531566,0.000844772188698916,0.00124354458570199,0.0475153605147035,0.0185173552683694,0.0756911677466888,Early Archaic
3147,SW Wyoming (12),7870,0.00114087335744824,0.000941548814782182,0.00132322843765239,0.0609707267251573,0.0323926603635875,0.0871158040635484,Early Archaic
3148,SW Wyoming (12),7840,0.00119200139859318,0.00100988925892124,0.0013586464204152,0.0683011865533033,0.0421909407040936,0.0921938413601602,Early Archaic
3149,SW Wyoming (12),7810,0.00120566927776226,0.00103573854118241,0.00141444650128439,0.0702608125616776,0.0458970698840621,0.10019415277556,Early Archaic
3150,SW Wyoming (12),7780,0.00119824020187633,0.000997161858307447,0.00142288761714455,0.0691956721588287,0.0403661553842009,0.101404393953043,Early Archaic
3151,SW Wyoming (12),7750,0.00118960063686108,0.000987815126909633,0.00142431416035919,0.0679569784232831,0.039026071987657,0.101608923942729,Early Archaic
3152,SW Wyoming (12),7720,0.00119725342141723,0.000977550434591313,0.00141407978076165,0.06905419295578,0.0375543763583561,0.100141574386092,Early Archaic
3153,SW Wyoming (12),7690,0.0012281772054423,0.00102691072275344,0.0014196864787361,0.0734878765363297,0.0446313854002725,0.100945432178213,Early Archaic
3154,SW Wyoming (12),7660,0.00127292895642643,0.00109695991543687,0.00145137030071526,0.0799041386399057,0.0546746567922714,0.105488085857472,Early Archaic
3155,SW Wyoming (12),7630,0.0013088805831642,0.0011363256401223,0.00148491260102498,0.0850586869006279,0.060318699805661,0.110297198028756,Early Archaic
3156,SW Wyoming (12),7600,0.00131618392288892,0.00113768178430733,0.00148708082862075,0.0861057999381012,0.0605131363662446,0.110608066681908,Early Archaic
3157,SW Wyoming (12),7570,0.00129465542763707,0.00112216444857054,0.00148003867922115,0.0830191616458825,0.0582883453570222,0.109598401689439,Early Archaic
3158,SW Wyoming (12),7540,0.00126193610579247,0.0011052580089316,0.00143066970835531,0.078328043640675,0.0558643922026479,0.102520147768797,Early Archaic
3159,SW Wyoming (12),7510,0.00123538714770712,0.00110618807302452,0.00135451954204589,0.074521598755135,0.0559977397222893,0.0916021520361727,Early Archaic
3160,SW Wyoming (12),7480,0.00122024796837504,0.00109226494012235,0.00134604178560213,0.0723510257497994,0.0540015168251121,0.0903866575315503,Early Archaic
3161,SW Wyoming (12),7450,0.00121099691082292,0.00105156978954845,0.00136805282748418,0.07102465954771,0.0481668679748526,0.0935424807291295,Early Archaic
3162,SW Wyoming (12),7420,0.0012009772127119,0.001035138917679,0.0013715877464995,0.0695880898523298,0.0458110991348355,0.094049298147855,Early Archaic
3163,SW Wyoming (12),7390,0.00119213233883474,0.00102794393110107,0.00136449356596414,0.0683199600513509,0.0447795211808887,0.0930321732147752,Early Archaic
3164,SW Wyoming (12),7360,0.00119631364624747,0.00102415382589577,0.00136419152410234,0.0689194531148792,0.0442361165573257,0.0929888680991325,Early Archaic
3165,SW Wyoming (12),7330,0.00122631966278363,0.00106742623532523,0.00139674185393087,0.0732215521958405,0.0504402787330393,0.0976557569502925,Early Archaic
3166,SW Wyoming (12),7300,0.00128412727156894,0.00111127095284437,0.00147804625513115,0.0815096920203377,0.0567264953228618,0.109312738784597,Early Archaic
3167,SW Wyoming (12),7270,0.00135777490892386,0.00117772646779531,0.00155916727467692,0.0920688887933503,0.0662545247915766,0.120943428356935,Early Archaic
3168,SW Wyoming (12),7240,0.00142623613365046,0.0012283154037752,0.00162762659499598,0.101884485996093,0.0735076906599493,0.130758752516107,Early Archaic
3169,SW Wyoming (12),7210,0.00147071394999695,0.00125910981085605,0.00167828480308931,0.10826147284461,0.0779228248795024,0.138021850242486,Early Archaic
3170,SW Wyoming (12),7180,0.00148550988751673,0.00123711936813926,0.00172705799315818,0.110382833709991,0.0747699550779466,0.145014684360203,Early Archaic
3171,SW Wyoming (12),7150,0.00147822747575986,0.00120133625476022,0.00175955107365808,0.109338721210464,0.0696395673439932,0.149673365114704,Early Archaic
3172,SW Wyoming (12),7120,0.00146043019597433,0.00117832795584239,0.00174837363489973,0.106787044252055,0.0663407628689109,0.14807080487643,Early Archaic
3173,SW Wyoming (12),7090,0.00144320724010514,0.00119820356362939,0.00168681443362104,0.104317710725994,0.069190419166705,0.139244782171063,Early Archaic
3174,SW Wyoming (12),7060,0.00144287209607128,0.00121723406966239,0.00169265500020484,0.104269659601369,0.071918909381865,0.140082170769519,Early Archaic
3175,SW Wyoming (12),7030,0.00148204487697323,0.00121001732093073,0.00174265391246517,0.109886039386867,0.0708842112889467,0.147250742253342,Early Archaic
3176,SW Wyoming (12),7000,0.0015773307420258,0.00125638805195442,0.00187999496839817,0.123547607292,0.0775325939251474,0.166941954173979,Early Archaic
3177,SW Wyoming (12),6970,0.00172725281046764,0.00138596669788572,0.00204072916187562,0.145042616204038,0.0961108738144985,0.189987146634134,Early Archaic
3178,SW Wyoming (12),6940,0.0019131952338512,0.00157333594225203,0.00222898121989707,0.171702027252025,0.122974854677049,0.21697770050613,Early Archaic
3179,SW Wyoming (12),6910,0.00210767942679794,0.00177626499377288,0.00243478719227446,0.199586110656745,0.152069715869175,0.246485038927882,Early Archaic
3180,SW Wyoming (12),6880,0.00228056497913842,0.00193591651383181,0.00257563950889082,0.22437349871071,0.174959680516498,0.266679676264575,Early Archaic
3181,SW Wyoming (12),6850,0.00240735696546981,0.002096219577728,0.00271172562553662,0.242552242537377,0.197943059967483,0.286190961831187,Early Archaic
3182,SW Wyoming (12),6820,0.00248128708557391,0.00215597826080608,0.00281362622091595,0.253151940147086,0.206510934188303,0.30080091371209,Early Archaic
3183,SW Wyoming (12),6790,0.00251823048711005,0.00217106575851778,0.00282821716879525,0.258448683671995,0.208674097364638,0.302892884280267,Early Archaic
3184,SW Wyoming (12),6760,0.00255286934295742,0.00219932130035787,0.0028980344675404,0.26341501399868,0.212725222925935,0.312902907983505,Early Archaic
3185,SW Wyoming (12),6730,0.00262958599233089,0.0022860505592607,0.00298443748584742,0.274414228984991,0.225159991285431,0.325290901744789,Early Archaic
3186,SW Wyoming (12),6700,0.00278848335488582,0.00242277963066744,0.0031154423004117,0.297196066640483,0.244763460200767,0.344073657918351,Early Archaic
3187,SW Wyoming (12),6670,0.00304367036130683,0.00273518969990843,0.00338265864687253,0.333783388535549,0.28955511290632,0.382385681013508,Early Archaic
3188,SW Wyoming (12),6640,0.00335932483505003,0.00301600897144967,0.00371161196181562,0.379040206272603,0.3298174492467,0.42954921410663,Early Archaic
3189,SW Wyoming (12),6610,0.00365989950326334,0.00327962320009918,0.00402003454568228,0.422134963696418,0.367613020326079,0.473769162895952,Early Archaic
3190,SW Wyoming (12),6580,0.00388488752516273,0.00351636775278679,0.00421331681451832,0.454392519812682,0.401556163739088,0.501480920973657,Early Archaic
3191,SW Wyoming (12),6550,0.0040202618161293,0.00365003765593792,0.0043853948464963,0.47380174769374,0.420721025786194,0.526152531160035,Early Archaic
3192,SW Wyoming (12),6520,0.00408201897380462,0.00375633295551992,0.00442767809829336,0.482656152308148,0.43596106639909,0.53221487330655,Early Archaic
3193,SW Wyoming (12),6490,0.00408892694884571,0.00372494349121899,0.00443468453740566,0.48364658011251,0.431460616119121,0.533219418352691,Early Archaic
3194,SW Wyoming (12),6460,0.00405623838321683,0.00367685204622843,0.00439183645659034,0.478959871765854,0.424565526894375,0.527076094100556,Early Archaic
3195,SW Wyoming (12),6430,0.00400111767459484,0.00365871640295355,0.00433431583349515,0.471056965039836,0.421965337223365,0.518829100719881,Early Archaic
3196,SW Wyoming (12),6400,0.00394285516026332,0.00361250014866009,0.00427967493315317,0.462703603337922,0.415339102618655,0.5109949862895,Early Archaic
3197,SW Wyoming (12),6370,0.00389451718986804,0.00360423862186594,0.00418660979512198,0.455773168644518,0.414154609942473,0.497651814118978,Early Archaic
3198,SW Wyoming (12),6340,0.00385480248988944,0.00359014801467635,0.00415945639787661,0.450079091455941,0.41213437549491,0.493758708041618,Early Archaic
3199,SW Wyoming (12),6310,0.00381436456220154,0.00354968567686026,0.00411527119983304,0.444281321820893,0.406333106068747,0.487423675210243,Early Archaic
3200,SW Wyoming (12),6280,0.00377488749730231,0.00340265896085386,0.00412983420094047,0.438621315454591,0.385253217005643,0.489511638922615,Early Archaic
3201,SW Wyoming (12),6250,0.00375845610420747,0.00341862189718611,0.00411739808521336,0.436265471884117,0.387541895799166,0.487728616441911,Early Archaic
3202,SW Wyoming (12),6220,0.00379125506427699,0.00339828704431349,0.0041375231544695,0.440968007983887,0.38462639544445,0.490614039165277,Early Archaic
3203,SW Wyoming (12),6190,0.00387581972118501,0.00342945208483658,0.00428478349065231,0.453092427509131,0.38909466906654,0.511727423415755,Early Archaic
3204,SW Wyoming (12),6160,0.00398196936207239,0.00349776548689666,0.00449557194255871,0.46831158437241,0.398889072261175,0.541949122591686,Early Archaic
3205,SW Wyoming (12),6130,0.00407169322011172,0.00359673033935687,0.00457794116074508,0.48117570203182,0.413078113325772,0.553758772080883,Early Archaic
3206,SW Wyoming (12),6100,0.00412814369747357,0.00362818544029631,0.0045813308747685,0.489269263750871,0.417587974229169,0.554244770799417,Early Archaic
3207,SW Wyoming (12),6070,0.00415694274908285,0.00373015517246685,0.00465640971301233,0.493398314780071,0.432207838566314,0.565009165354063,Early Archaic
3208,SW Wyoming (12),6040,0.00417008275289562,0.00368893414000197,0.00469770525541442,0.495282256897433,0.426297791637234,0.570929895111768,Early Archaic
3209,SW Wyoming (12),6010,0.00416588947274591,0.00367095240252513,0.00462573045952736,0.494681047248144,0.423719668140568,0.560610541229357,Early Archaic
3210,SW Wyoming (12),5980,0.00411272119720397,0.00367990302214702,0.00459997777139258,0.487058069733963,0.425002959189981,0.556918261188672,Early Archaic
3211,SW Wyoming (12),5950,0.0039609618695777,0.00354911143297703,0.00436990523683506,0.465299644615403,0.40625077411111,0.523931715364383,Early Archaic
3212,SW Wyoming (12),5920,0.00369878072579294,0.00328403734623018,0.00411006109266895,0.427709541431842,0.368245896535772,0.4866766784466,Early Archaic
3213,SW Wyoming (12),5890,0.00338884743211248,0.00299716167645969,0.00378310774061352,0.38327299530466,0.327115226832162,0.439799889130034,Early Archaic
3214,SW Wyoming (12),5860,0.00311943985470043,0.00271311699373841,0.00353535492840633,0.344646805460641,0.286390448619278,0.40427844147577,Early Archaic
3215,SW Wyoming (12),5830,0.00292983415537649,0.00256213121375447,0.00327939028731582,0.317462173877719,0.264742930544882,0.367579626560864,Early Archaic
3216,SW Wyoming (12),5800,0.00280629796824098,0.00249021971316968,0.00312443555931971,0.299750228791615,0.254432651597872,0.345363062356169,Early Archaic
3217,SW Wyoming (12),5770,0.00272637602359314,0.00241413276784563,0.00304140080208215,0.288291456041698,0.243523720145499,0.333457991505826,Early Archaic
3218,SW Wyoming (12),5740,0.00268153833277881,0.00234207413076599,0.00305081081620219,0.281862872353746,0.233192345569934,0.334807148034113,Early Archaic
3219,SW Wyoming (12),5710,0.00267006384191386,0.00230974021483225,0.00305276003362291,0.280217722403731,0.228556484963284,0.335086616202244,Early Archaic
3220,SW Wyoming (12),5680,0.00269307146813924,0.00235672329585947,0.00302781385018329,0.283516430431838,0.235292663004923,0.331509968408302,Early Archaic
3221,SW Wyoming (12),5650,0.002764737500799,0.00246493161642836,0.00309350300312482,0.293791515525861,0.250806982138582,0.340928121069729,Early Archaic
3222,SW Wyoming (12),5620,0.00290880464601533,0.00255171033625593,0.0032864860808279,0.314447077462415,0.263248841935843,0.368596982753753,Early Archaic
3223,SW Wyoming (12),5590,0.00312990160898089,0.00277399804686146,0.00353691986959423,0.346146754759842,0.295119242138838,0.40450281421242,Early Archaic
3224,SW Wyoming (12),5560,0.00339149652281196,0.00302682319373221,0.00380134339612909,0.383652807488321,0.331367933486651,0.442414418010924,Early Archaic
3225,SW Wyoming (12),5530,0.00363958225776563,0.00330219239248574,0.00399230904030417,0.419221987791136,0.370848868100383,0.469794031073218,Early Archaic
3226,SW Wyoming (12),5500,0.00385133043091445,0.00350982534146236,0.00414059820848468,0.449581286567134,0.400618148467644,0.491054923647117,Early Archaic
3227,SW Wyoming (12),5470,0.00404313869310621,0.00366462987353617,0.00441361745900954,0.477081709607345,0.422813178399753,0.530198935493952,Early Archaic
3228,SW Wyoming (12),5440,0.00422797747480378,0.00377809353467077,0.00461855791458182,0.50358288652661,0.439080979615602,0.559582180834328,Early Archaic
3229,SW Wyoming (12),5410,0.00439252955083862,0.00400369295782611,0.00471504239115221,0.527175466175651,0.471426195111049,0.573415599124968,Early Archaic
3230,SW Wyoming (12),5380,0.00453276850915562,0.00416896869084313,0.00489145281472664,0.547282163542944,0.495122528753367,0.598708364001538,Early Archaic
3231,SW Wyoming (12),5350,0.00470093351150996,0.00425440985338782,0.00516207417234882,0.571392744872749,0.507372616878754,0.637508579035478,Early Archaic
3232,SW Wyoming (12),5320,0.00499676988485309,0.0044748660565619,0.00553618957443092,0.613808151407659,0.538980425530215,0.691147205993221,Early Archaic
3233,SW Wyoming (12),5290,0.00547771382291625,0.00482527917608071,0.00618086552970325,0.682763271506395,0.589220748420861,0.78357733017691,Early Archaic
3234,SW Wyoming (12),5260,0.00606232483812015,0.00532223262348522,0.00678765498721586,0.766581612011467,0.660471224697283,0.870575494840198,Early Archaic
3235,SW Wyoming (12),5230,0.00655205633641667,0.00586232062992298,0.00727301330838168,0.836796644593364,0.737906098911066,0.940163525124332,Early Archaic
3236,SW Wyoming (12),5200,0.00679457375953033,0.00616354037479558,0.00751480203273461,0.871567470698759,0.781093343909823,0.974829874373724,Early Archaic
3237,SW Wyoming (12),5170,0.00680491421302352,0.00616478754503466,0.00751180840907597,0.87305002855232,0.781272156380079,0.97440066493251,Early Archaic
3238,SW Wyoming (12),5140,0.00673035910214771,0.00600488173093153,0.0075388554685097,0.862360723172738,0.758345732438918,0.978278524874109,Early Archaic
3239,SW Wyoming (12),5110,0.00672549075604319,0.00599003498341334,0.00742611608523933,0.861662726246793,0.756217086712942,0.962114566670223,Early Archaic
3240,SW Wyoming (12),5080,0.00686087233127577,0.00624394893316913,0.00765079917951842,0.881072998506203,0.792621884683086,0.994328403926522,Early Archaic
3241,SW Wyoming (12),5050,0.0071129117849295,0.00642594836035758,0.00778777007036052,0.917209041443562,0.818715970430836,1.01396654359428,Early Archaic
3242,SW Wyoming (12),5020,0.00739446821224981,0.00672237748735254,0.00805378163202721,0.957577067161131,0.861216362753103,1.05210583121323,Early Archaic
3243,SW Wyoming (12),4990,0.00760447301062038,0.00692170336396751,0.00831637710149303,0.987686410364978,0.889794620368996,1.08975533815435,Early Archaic
3244,SW Wyoming (12),4960,0.0076903570795957,0.0070528348841819,0.00838354509031482,1,0.908595542907966,1.0993855182428,Early Archaic
3245,SW Wyoming (12),4930,0.00764885670075457,0.00699571302149616,0.00832120771528722,0.994049901910278,0.90040572162106,1.09044792522733,Early Archaic
3246,SW Wyoming (12),4900,0.00748288285447991,0.00677793865929393,0.00816439752827466,0.970253476594663,0.869182420708785,1.06796533542341,Early Archaic
3247,SW Wyoming (12),4870,0.00719352100514804,0.00655490023566639,0.00780729342226478,0.928766352018303,0.837204387365011,1.01676569536384,Early Archaic
3248,SW Wyoming (12),4840,0.00682001896219733,0.00624911930718878,0.00743609831487809,0.87521566514925,0.793363184725073,0.9635457643403,Early Archaic
3249,SW Wyoming (12),4810,0.00645193334760989,0.00589433180727567,0.00709299138804334,0.822441556252674,0.74249568701929,0.914352963528886,Early Archaic
3250,SW Wyoming (12),4780,0.00617432859933038,0.00564584975641219,0.00682330927298429,0.782640100734424,0.706869685101741,0.875687411973611,Early Archaic
3251,SW Wyoming (12),4750,0.00601003917338737,0.00544472893593045,0.00657400525635887,0.759085178423781,0.678034078218901,0.839943561085849,Early Archaic
3252,SW Wyoming (12),4720,0.00593247301663587,0.00533294441385698,0.00648324717415225,0.747964165700475,0.662007022808247,0.826931162003138,Early Archaic
3253,SW Wyoming (12),4690,0.00590870043999885,0.0053475895723934,0.00643740234556707,0.744555783252276,0.664106765804928,0.820358180391751,Early Archaic
3254,SW Wyoming (12),4660,0.00591464092939282,0.00536059663594689,0.00646169404388296,0.745407498238552,0.665971647672604,0.82384099167641,Early Archaic
3255,SW Wyoming (12),4630,0.00592731156999367,0.00538689618795451,0.00644701374981324,0.7472241456172,0.66974233407429,0.821736211138498,Early Archaic
3256,SW Wyoming (12),4600,0.00591375179429447,0.00531513331147129,0.00648805708185306,0.745280018895038,0.659453364040779,0.827620780349319,Early Archaic
3257,SW Wyoming (12),4570,0.0058360696561485,0.00519472241592733,0.00648044230303612,0.734142377391636,0.642189506226358,0.826529014872532,Early Archaic
3258,SW Wyoming (12),4540,0.0056794933868665,0.00501510469215683,0.00637167301065964,0.711693325436782,0.616436896131437,0.810934266659094,Early Archaic
3259,SW Wyoming (12),4510,0.00547693666392207,0.00481623784523284,0.00611256560586504,0.68265184668629,0.587924451690356,0.773784859416254,Early Archaic
3260,SW Wyoming (12),4480,0.00528570928106888,0.00471647852219032,0.00583563231462371,0.655234706959128,0.573621503764516,0.734079673747865,Early Archaic
3261,SW Wyoming (12),4450,0.00514434269096464,0.00453024901586687,0.00569524359450813,0.634966335893171,0.546920932329567,0.713951504350278,Early Archaic
3262,SW Wyoming (12),4420,0.00505753232753684,0.00455099017436166,0.00558133853247374,0.622519939209006,0.549894686569519,0.697620417479601,Early Archaic
3263,SW Wyoming (12),4390,0.00501202398439518,0.00446347044735825,0.00554233305383822,0.615995201046249,0.537346585202794,0.69202802458106,Early Archaic
3264,SW Wyoming (12),4360,0.00499110284565395,0.00442683502892464,0.00554465586088044,0.612995642219676,0.532093998616236,0.692361055992594,Early Archaic
3265,SW Wyoming (12),4330,0.00498228780398823,0.00444842430561984,0.00546851786894798,0.611731789598552,0.535189351420468,0.681444805755775,Early Archaic
3266,SW Wyoming (12),4300,0.00498681069430953,0.00453520017619094,0.00543380812233435,0.61238025695746,0.54763080270687,0.676468311497466,Early Archaic
3267,SW Wyoming (12),4270,0.00501361556891643,0.00448051324712169,0.0054685318006995,0.616223393758796,0.539790088928487,0.681446803214362,Early Archaic
3268,SW Wyoming (12),4240,0.00505677999828849,0.00442846201515651,0.00560726100829087,0.622412074342505,0.53232726703307,0.701337040752628,Early Archaic
3269,SW Wyoming (12),4210,0.0050891502196427,0.00451977486902852,0.00569188216136471,0.627053140222431,0.545419206252971,0.713469560390154,Early Archaic
3270,SW Wyoming (12),4180,0.00508410426797201,0.00449364234337263,0.00561023010073305,0.626329679178581,0.541672467179094,0.701762733041752,Early Archaic
3271,SW Wyoming (12),4150,0.00504009148015613,0.00444513861970036,0.00561249242473062,0.620019365585803,0.534718267684395,0.702087092724054,Early Archaic
3272,SW Wyoming (12),4120,0.00498026403925135,0.00440959491467552,0.00557388265496999,0.611441633242605,0.529622205015195,0.69655143440689,Early Archaic
3273,SW Wyoming (12),4090,0.00492865171650292,0.00435676365810029,0.00550776166318352,0.604041739758085,0.522047547443289,0.687071367045931,Early Archaic
3274,SW Wyoming (12),4060,0.00489042547507342,0.00437251298365563,0.00543791523564933,0.598561069642335,0.524305599888064,0.677057167015708,Early Archaic
3275,SW Wyoming (12),4030,0.00485519499340163,0.00437088540469622,0.00537585443884078,0.593509915230039,0.524072246489186,0.668159228277587,Early Archaic
3276,SW Wyoming (12),4000,0.0048066810827795,0.00430076217319728,0.00536141459484734,0.586554255186,0.514018359815423,0.666088922160861,Early Archaic
3277,SW Wyoming (12),3970,0.00472415366059111,0.00423788661400338,0.00525249494912501,0.574721923269402,0.505003604887954,0.650472617104306,Early Archaic
3278,SW Wyoming (12),3940,0.00458395112730665,0.00414557515830957,0.00503681178500497,0.554620448324712,0.491768491582462,0.619549140773434,Early Archaic
3279,SW Wyoming (12),3910,0.00437045336774299,0.0040022968152108,0.00478000304648087,0.524010303385969,0.471226023793574,0.582729303769877,Early Archaic
3280,SW Wyoming (12),3880,0.00409137171338337,0.00370816181323127,0.00451250663543388,0.483997097124922,0.429054550610192,0.544377126541055,Early Archaic
3281,SW Wyoming (12),3850,0.00378465341626881,0.00337539949797891,0.00425879693417258,0.44002149967964,0.381344903816503,0.508001612606644,Early Archaic
3282,SW Wyoming (12),3820,0.0035068657249388,0.00306564703985112,0.00395254527023003,0.400193814784077,0.336934284905083,0.464092918481836,Early Archaic
3283,SW Wyoming (12),3790,0.003303978941769,0.00287570173544634,0.00370660693203243,0.371105013797708,0.309700962596939,0.428831620219934,Early Archaic
3284,SW Wyoming (12),3760,0.00319287886967057,0.00278575758742696,0.00357350428243087,0.355176091093375,0.296805260961044,0.409748087894529,Early Archaic
3285,SW Wyoming (12),3730,0.00316283258894775,0.00278456253767932,0.00356731157909917,0.35086821915282,0.29663392124273,0.408860211848742,Early Archaic
3286,SW Wyoming (12),3700,0.00318510192862919,0.0027956577692758,0.00361217304577934,0.354061075680834,0.298224695066264,0.41529220439073,Early Archaic
3287,SW Wyoming (12),3670,0.00321973173533845,0.00278409586335781,0.00364961676339865,0.359026108591424,0.296567012022466,0.420660680508301,Late Archaic
3288,SW Wyoming (12),3640,0.00322497905267489,0.0027644436928242,0.00364542044184058,0.359778440346738,0.293749390940051,0.42005903479846,Late Archaic
3289,SW Wyoming (12),3610,0.0031727208421979,0.00283232341952679,0.00351993199490467,0.352285943000586,0.303481616125997,0.402067185344412,Late Archaic
3290,SW Wyoming (12),3580,0.0030624680764366,0.00273987622223437,0.00340160031199767,0.336478502460002,0.290227040930057,0.385101433703591,Late Archaic
3291,SW Wyoming (12),3550,0.00291936359394148,0.00257320057315306,0.00322925113713581,0.315960961856708,0.266329994953718,0.360390948528588,Late Archaic
3292,SW Wyoming (12),3520,0.00278165578230884,0.0024456157348488,0.00309986493544398,0.296217166503131,0.248037576333208,0.341840260245231,Late Archaic
3293,Coastal Texas (2),4990,0.00170263165452441,0.000759779570803993,0.00264445087628794,0.0265952899760549,-0.0606536077023245,0.113748609494563,Middle Archaic
3294,Coastal Texas (2),4960,0.00167209684171273,0.000796970103900195,0.00249685762741537,0.0237696837069118,-0.0572120996728666,0.100090742591316,Middle Archaic
3295,Coastal Texas (2),4930,0.00165562157280013,0.000838614464054885,0.00247318847744824,0.0222451083505027,-0.0533584469305606,0.0979004655804541,Middle Archaic
3296,Coastal Texas (2),4900,0.00167147585250231,0.00093101741183065,0.00250121909894389,0.0237122191003051,-0.0448077362996246,0.100494340981445,Middle Archaic
3297,Coastal Texas (2),4870,0.00175359687971386,0.00102045329658766,0.00257364677203995,0.0313114695279562,-0.0365315893910353,0.107196595500633,Middle Archaic
3298,Coastal Texas (2),4840,0.00192152386173545,0.00103037762289895,0.0028215444749117,0.0468509632882361,-0.0356132199608661,0.130136356345428,Middle Archaic
3299,Coastal Texas (2),4810,0.00214916940717822,0.00123721895102782,0.00311637713441016,0.0679166460652231,-0.0164727013310879,0.15741934694913,Middle Archaic
3300,Coastal Texas (2),4780,0.00237772549111266,0.00142355286710136,0.00342356826413731,0.0890665875303572,0.000770118680892937,0.185845955860584,Middle Archaic
3301,Coastal Texas (2),4750,0.00256434006587479,0.00159074969910813,0.00355567541800021,0.106335378913274,0.0162420463987019,0.198070782796835,Middle Archaic
3302,Coastal Texas (2),4720,0.00269309354211858,0.00170996326713919,0.00369910628390259,0.118249865892189,0.0272737369242977,0.211343474408926,Middle Archaic
3303,Coastal Texas (2),4690,0.00274530886660684,0.00169096627592743,0.00375950517104232,0.123081726140663,0.0255158084315356,0.216932618681852,Middle Archaic
3304,Coastal Texas (2),4660,0.00269475376321894,0.00175461380579075,0.00359766962275102,0.118403498114475,0.0314055730260133,0.201956809180667,Middle Archaic
3305,Coastal Texas (2),4630,0.00252571247749253,0.00151611332792385,0.00344560846341147,0.102760889802502,0.00933540512911183,0.187885494325297,Middle Archaic
3306,Coastal Texas (2),4600,0.00226187218637548,0.00131448851836384,0.00324936288177161,0.0783458463820418,-0.00932239144626366,0.169725476473114,Middle Archaic
3307,Coastal Texas (2),4570,0.0019623330775965,0.00102326891924129,0.00305682412975495,0.050627334110843,-0.0362710395369822,0.151908478278087,Middle Archaic
3308,Coastal Texas (2),4540,0.00169387168927567,0.000871513387783401,0.00277312382405109,0.0257846672656107,-0.0503140724420494,0.125655644592861,Middle Archaic
3309,Coastal Texas (2),4510,0.00150361302036976,0.000815959684197662,0.00227947517458006,0.00817866159153405,-0.0554548569654089,0.0799747777310981,Middle Archaic
3310,Coastal Texas (2),4480,0.00141523060719535,0.000726677029842852,0.00216227852186569,0,-0.0637168243606751,0.0691297269140319,Middle Archaic
3311,Coastal Texas (2),4450,0.00143063849368361,0.000702195226590848,0.00216654562320447,0.00142580276892342,-0.0659823020361211,0.069524592550455,Middle Archaic
3312,Coastal Texas (2),4420,0.00153429664067632,0.000842582159809147,0.00234345960764854,0.0110180380905134,-0.0529912874504473,0.0858957184069382,Middle Archaic
3313,Coastal Texas (2),4390,0.00169129503220708,0.000915624170594711,0.0025560710669218,0.0255462306191723,-0.0462321838378148,0.105570188852171,Middle Archaic
3314,Coastal Texas (2),4360,0.00185783928348435,0.0010096208717121,0.00278585633962927,0.0409577703394592,-0.0375339917252885,0.126833876012243,Middle Archaic
3315,Coastal Texas (2),4330,0.00200019909204062,0.00120449430173914,0.00292938707735628,0.0541313492970714,-0.0195009489498257,0.140115809483962,Middle Archaic
3316,Coastal Texas (2),4300,0.00210687189429011,0.00135488352661296,0.00288260707545977,0.064002552393751,-0.00558435023884743,0.135786918802872,Middle Archaic
3317,Coastal Texas (2),4270,0.00218297258647927,0.00135238459819214,0.00304333143539518,0.0710446978380984,-0.00581559409338004,0.150659902038052,Middle Archaic
3318,Coastal Texas (2),4240,0.00224247619097431,0.00130325348749868,0.00319959534911675,0.0765509951563338,-0.010362049813989,0.165120128042239,Middle Archaic
3319,Coastal Texas (2),4210,0.00229750573119585,0.00139061511882802,0.00336080309567922,0.0816432750663828,-0.00227784852252827,0.180037842525396,Middle Archaic
3320,Coastal Texas (2),4180,0.00234742199945706,0.00144697389872891,0.00329698137923091,0.0862623870747312,0.00293743551380598,0.174131959190988,Middle Archaic
3321,Coastal Texas (2),4150,0.00238251144018071,0.00143111311957564,0.00332060800008202,0.0895094658860852,0.00146972332295754,0.176318300676272,Middle Archaic
3322,Coastal Texas (2),4120,0.00239624049462143,0.00145677856803089,0.00325371756389005,0.090779914227666,0.00384473221863325,0.170128446590202,Middle Archaic
3323,Coastal Texas (2),4090,0.00239023244770064,0.00144817609665305,0.00332035696256005,0.0902239463509554,0.0030486835509942,0.17629507036534,Middle Archaic
3324,Coastal Texas (2),4060,0.00237256022927075,0.00141043908759131,0.00339718706289362,0.0885886086302648,-0.000443393837565195,0.183404713201544,Middle Archaic
3325,Coastal Texas (2),4030,0.00235128795576474,0.00143722871666043,0.003269895620815,0.0866201318706981,0.00203564359137107,0.171625518779629,Middle Archaic
3326,Coastal Texas (2),4000,0.00232921814064606,0.00158530148719508,0.00320856281271076,0.0845778528384753,0.0157378840895345,0.165949952069844,Late Archaic
3327,Coastal Texas (2),3970,0.00231686378163045,0.00159000128102904,0.00304248818623816,0.0834346149708963,0.0161727898806008,0.150581870116939,Late Archaic
3328,Coastal Texas (2),3940,0.0023485559846247,0.00159777885540006,0.0031052674842864,0.0863673228940063,0.0168925048838336,0.156391290964924,Late Archaic
3329,Coastal Texas (2),3910,0.00247532170945006,0.00169575109681142,0.00327079886090373,0.0980978689100585,0.0259585823882617,0.171709102093959,Late Archaic
3330,Coastal Texas (2),3880,0.00272453192917539,0.00194215963214358,0.00359403408348564,0.121159086397562,0.0487605398293936,0.201620386534053,Late Archaic
3331,Coastal Texas (2),3850,0.00307229711793325,0.00220916492466206,0.00409850090491004,0.153340305375526,0.0734684636371312,0.248302336804469,Late Archaic
3332,Coastal Texas (2),3820,0.00344191564979708,0.00255122869776722,0.00431632713274021,0.187543771670439,0.105122089539264,0.268459367362889,Late Archaic
3333,Coastal Texas (2),3790,0.00373711598500578,0.00284686182498839,0.00458289607470077,0.214860785957151,0.132479153189671,0.293126912509076,Late Archaic
3334,Coastal Texas (2),3760,0.00389188885501694,0.00304460425052767,0.00473029570424118,0.229183034942069,0.15077768479441,0.306766862420261,Late Archaic
3335,Coastal Texas (2),3730,0.00389952421807985,0.00299252000801147,0.00487138567162659,0.229889590108161,0.145957954505411,0.319822933823616,Late Archaic
3336,Coastal Texas (2),3700,0.0037872431823071,0.00288973570194028,0.00488165448215855,0.219499416749575,0.136446581981355,0.320773180861143,Late Archaic
3337,Coastal Texas (2),3670,0.00359048957707144,0.00263783173573289,0.00455299259948111,0.201292387813159,0.113136092720216,0.290359728456862,Late Archaic
3338,Coastal Texas (2),3640,0.0033373168382973,0.00248303833245025,0.00418485321591136,0.177864489883403,0.0988119436437219,0.256293138412625,Late Archaic
3339,Coastal Texas (2),3610,0.00304915136335233,0.00232660766590394,0.00377308076504679,0.151198461911436,0.0843362867990084,0.218188866223402,Late Archaic
3340,Coastal Texas (2),3580,0.00275137076412635,0.00207407372674171,0.00363688712009626,0.123642677201332,0.0609675016006537,0.205585886818779,Late Archaic
3341,Coastal Texas (2),3550,0.00248125504142504,0.00179072203264681,0.00324652814464751,0.0986469228744237,0.0347469274597661,0.169463157819365,Late Archaic
3342,Coastal Texas (2),3520,0.00227852481770492,0.00161272080813853,0.00290222636914897,0.0798868343609887,0.0182751914452824,0.137602433428302,Late Archaic
3343,Coastal Texas (2),3490,0.0021653151474799,0.00158885977739948,0.00277377894458715,0.0694107277646177,0.0160671583238643,0.125716267616986,Late Archaic
3344,Coastal Texas (2),3460,0.00213872866940605,0.00162021218604564,0.00266467906936836,0.0669504893612185,0.0189684226273236,0.115620469968507,Late Archaic
3345,Coastal Texas (2),3430,0.00219660161633268,0.00164679288343149,0.00279302121793537,0.0723058901838202,0.021428126102005,0.127496893833384,Late Archaic
3346,Coastal Texas (2),3400,0.00235465477703908,0.0016813177002855,0.00295421918834582,0.0869316881051689,0.0246229561979138,0.142413703658746,Late Archaic
3347,Coastal Texas (2),3370,0.00262891376778009,0.0018329633212987,0.00341356577398688,0.112310848880968,0.0386558182974985,0.184920353367116,Late Archaic
3348,Coastal Texas (2),3340,0.00299059014459485,0.00211726885473924,0.00392114016018332,0.145779370336508,0.0649646580665861,0.231889868999592,Late Archaic
3349,Coastal Texas (2),3310,0.00334524881820999,0.00242060361598267,0.00420747291058164,0.178598493144082,0.0930344094125152,0.258386301762294,Late Archaic
3350,Coastal Texas (2),3280,0.00359314220836256,0.0027767838106689,0.00434500117815317,0.201537854901893,0.125994329529168,0.271112783415584,Late Archaic
3351,Coastal Texas (2),3250,0.00368820501268878,0.00285715401104382,0.00443630441509427,0.210334701226876,0.133431563332833,0.279561729878262,Late Archaic
3352,Coastal Texas (2),3220,0.00364586210627617,0.00273694038698839,0.00452251818655782,0.206416406965466,0.122307330416709,0.287539711424646,Late Archaic
3353,Coastal Texas (2),3190,0.00350604162877647,0.00255709599441321,0.00453171824730234,0.193477810609423,0.105665032778774,0.288391059342726,Late Archaic
3354,Coastal Texas (2),3160,0.00332457077559009,0.0023257185566753,0.00441472935079117,0.176685004850549,0.084254011114992,0.277565233704273,Late Archaic
3355,Coastal Texas (2),3130,0.00317035459640194,0.00212063597516646,0.00433085468598434,0.162414270479103,0.0652762419838277,0.269803706552884,Late Archaic
3356,Coastal Texas (2),3100,0.00310374493898121,0.00208053382362762,0.0040747224639529,0.156250398876083,0.0615653009181959,0.24610194631073,Late Archaic
3357,Coastal Texas (2),3070,0.00314014725009754,0.00224799632215517,0.00410340362328438,0.159618967045665,0.0770618126736156,0.24875602066557,Late Archaic
3358,Coastal Texas (2),3040,0.00323516096113194,0.00237328164598861,0.00416212118416143,0.16841127041458,0.0886553665178344,0.254189579703452,Late Archaic
3359,Coastal Texas (2),3010,0.00331895400960272,0.00240208572258499,0.00432803744592664,0.176165245018251,0.0913208152929605,0.269543007028776,Late Archaic
3360,Coastal Texas (2),2980,0.00334843868144829,0.00235360837160923,0.00432889986259371,0.178893674176284,0.0868348566701477,0.269622812657719,Late Archaic
3361,Coastal Texas (2),2950,0.0033329860171178,0.00236848685682871,0.00442782855877442,0.177463727790941,0.0882116701247046,0.278777397814351,Late Archaic
3362,Coastal Texas (2),2920,0.00333165662479558,0.00241791720375259,0.00435099612294215,0.177340709539512,0.0927858163300683,0.271667538857622,Late Archaic
3363,Coastal Texas (2),2890,0.00342281177932084,0.00254996090839201,0.00432357330104852,0.185775952869142,0.105004771852444,0.269129907533726,Late Archaic
3364,Coastal Texas (2),2860,0.00365801556959992,0.0029009741702905,0.00437243992942835,0.207541054506985,0.137486558444345,0.273651888799945,Late Archaic
3365,Coastal Texas (2),2830,0.00403816763462562,0.00332456802225347,0.00470812393456013,0.242719264532013,0.17668475006447,0.304715148797677,Late Archaic
3366,Coastal Texas (2),2800,0.00452144543574817,0.00370315731132169,0.00534424468859599,0.287440442061782,0.21171834516849,0.36357998617595,Late Archaic
3367,Coastal Texas (2),2770,0.00503650399726118,0.00412205742674511,0.00606890685227504,0.335102522368694,0.250482191522652,0.430638198234773,Late Archaic
3368,Coastal Texas (2),2740,0.00547628074326825,0.00424884330062088,0.0066564582308278,0.375798233791737,0.262214602075537,0.485008561299422,Late Archaic
3369,Coastal Texas (2),2710,0.00573572324085943,0.00433717043803773,0.00707627399919476,0.399806317685911,0.270388148602897,0.523857139618819,Late Archaic
3370,Coastal Texas (2),2680,0.00580023267924508,0.00440898970334191,0.00740709108417368,0.405775840887036,0.2770341027648,0.554470028422854,Late Archaic
3371,Coastal Texas (2),2650,0.00577351211243742,0.00437283910157061,0.00733025816523106,0.403303194286829,0.273688827074778,0.547360124760442,Late Archaic
3372,Coastal Texas (2),2620,0.00577287403274032,0.00414585752713735,0.00730011578105684,0.403244148174333,0.252684586320003,0.544570832741039,Late Archaic
3373,Coastal Texas (2),2590,0.00581087211967664,0.00427072442300707,0.00735941951518402,0.406760384980003,0.264239420009467,0.550058634613833,Late Archaic
3374,Coastal Texas (2),2560,0.00581577265643496,0.00428228959199698,0.00725470932051073,0.407213866960452,0.265309628436915,0.540369045739103,Late Archaic
3375,Coastal Texas (2),2530,0.00571179951907293,0.00433951904357794,0.00710666337243689,0.397592483310109,0.270605481998031,0.526669287316526,Late Archaic
3376,Coastal Texas (2),2500,0.00546830229916217,0.00416251770550566,0.00694362354097173,0.375059930864413,0.254226272680842,0.511582036814969,Late Archaic
3377,Coastal Texas (2),2470,0.00512434071455039,0.00367859297713379,0.0065404625529618,0.343230686787582,0.209445230310812,0.474274645339529,Late Archaic
3378,Coastal Texas (2),2440,0.00477009282738847,0.00346300853671239,0.00612381132982036,0.310449577010731,0.189495648496074,0.435718905194166,Late Archaic
3379,Coastal Texas (2),2410,0.00449335988812111,0.00327590018659322,0.00581306779154576,0.284841483950043,0.172181164521132,0.406963566320483,Late Archaic
3380,Coastal Texas (2),2380,0.00435613269991145,0.00295385843107928,0.00574302265922668,0.272142863339744,0.142380320189188,0.400481785468431,Late Archaic
3381,Coastal Texas (2),2350,0.0043965068484018,0.00306487841059255,0.00563647580698016,0.275878974243361,0.152653798924673,0.390622237433147,Late Archaic
3382,Coastal Texas (2),2320,0.00460293790163667,0.00329506536720352,0.0059710881610123,0.294981527180678,0.173954656790946,0.421586329832107,Late Archaic
3383,Coastal Texas (2),2290,0.00488229961661768,0.00347253552824754,0.00613039127247742,0.320832879801608,0.190377249676137,0.436327794704544,Late Archaic
3384,Coastal Texas (2),2260,0.00511005504134148,0.003766001850481,0.00638976921768081,0.341908730500279,0.217533803246623,0.460329905101098,Late Archaic
3385,Coastal Texas (2),2230,0.00525405253866912,0.00402324598423534,0.00637456259551749,0.355233856601403,0.241338456693145,0.45892272677051,Late Archaic
3386,Coastal Texas (2),2200,0.00543768306897022,0.00427058285460208,0.00646367712299633,0.372226512846747,0.264226319664785,0.467169136174388,Late Archaic
3387,Coastal Texas (2),2170,0.00581988933867638,0.00464672683466344,0.00700642501050278,0.407594813233848,0.299033632705038,0.517393509350031,Late Archaic
3388,Coastal Texas (2),2140,0.00641480573346943,0.00514347408748495,0.00788139395176999,0.462646714324921,0.345001235663947,0.598360690678359,Late Archaic
3389,Coastal Texas (2),2110,0.00705524250945798,0.00557390888578952,0.00859387585680341,0.521910944316553,0.384832469346224,0.664291775631437,Late Archaic
3390,Coastal Texas (2),2080,0.00749903608657126,0.00616955217821958,0.00904063311853307,0.562978362067905,0.439951635513812,0.705633444477217,Late Archaic
3391,Coastal Texas (2),2050,0.0075659308389635,0.00622621419854574,0.00883916066581035,0.569168615563087,0.445194980571905,0.686989746577909,Late Archaic
3392,Coastal Texas (2),2020,0.00722359677969221,0.00596223296092373,0.00850610014338888,0.537489978134269,0.420766894355653,0.656169256340678,Late Archaic
3393,Coastal Texas (2),1990,0.00656985250844437,0.00518057555821105,0.00788983963428191,0.476994309709949,0.348434502110499,0.599142230542384,Late Archaic
3394,Coastal Texas (2),1960,0.00581886908879736,0.00444251254615703,0.00718142437761528,0.407500402160427,0.280136212982474,0.533587461867728,Late Archaic
3395,Coastal Texas (2),1930,0.00522472685893649,0.00396638172865427,0.00662470064007739,0.352520140129308,0.23607639734957,0.482069802576038,Late Archaic
3396,Coastal Texas (2),1900,0.00494867306303203,0.00379789970192714,0.00622094829220841,0.326974893098027,0.220485541302928,0.444707688311387,Late Archaic
3397,Coastal Texas (2),1870,0.00498074069231757,0.00380899052754129,0.00607812776146058,0.329942341921263,0.221511855319607,0.431491475409339,Late Archaic
3398,Coastal Texas (2),1840,0.00520027249263882,0.00408841089936112,0.00627267985311661,0.350257201392963,0.247368635880526,0.449494782429706,Late Archaic
3399,Coastal Texas (2),1810,0.00545093710222455,0.00417192652927487,0.00659498767515996,0.373453004054859,0.255096938945984,0.479320247814943,Late Archaic
3400,Coastal Texas (2),1780,0.00562097744611658,0.00444321414227104,0.00683622240248931,0.389188062418299,0.280201136726739,0.501643435518128,Late Archaic
3401,Coastal Texas (2),1750,0.0056958639613942,0.00456723333459264,0.00681564649013476,0.396117851323432,0.291677526298182,0.499739398074017,Late Archaic
3402,Coastal Texas (2),1720,0.00572781349549118,0.00458162270457536,0.00686941684325933,0.399074371947855,0.293009078395225,0.504715156328041,Late Archaic
3403,Coastal Texas (2),1690,0.00576167137648092,0.00465059813344791,0.00703332121931821,0.402207485662176,0.299391871878882,0.519882409370927,Late Archaic
3404,Coastal Texas (2),1660,0.00581384430250172,0.00487987441727314,0.00695926718884038,0.407035422474924,0.320608458629809,0.513029656283362,Late Archaic
3405,Coastal Texas (2),1630,0.00589154028792033,0.00499097937319083,0.00697354400837521,0.41422519189778,0.330889800844351,0.514350793276402,Late Archaic
3406,Coastal Texas (2),1600,0.00599211219313476,0.00494746509964072,0.00700706456835599,0.423531835027579,0.326863111540614,0.517452692246964,Late Archaic
3407,Coastal Texas (2),1570,0.00609687044018334,0.0049434975898104,0.00726512894065437,0.433225870534869,0.326495969265383,0.541333248276762,Late Archaic
3408,Coastal Texas (2),1540,0.00619404255184239,0.00502729203424329,0.00743677796117509,0.442217906267429,0.334250073047488,0.557217169081085,Late Archaic
3409,Coastal Texas (2),1510,0.00629123884400278,0.00511044555132711,0.00756636387680028,0.451212179596027,0.341944867203338,0.569208687674678,Late Archaic
3410,Coastal Texas (2),1480,0.00639149288882931,0.0053512797716078,0.00754775683145253,0.460489408813571,0.364230993103181,0.567486843682737,Late Archaic
3411,Coastal Texas (2),1450,0.00648101346988518,0.00545305795258313,0.00749993708820359,0.468773393281032,0.373649261621789,0.563061738241733,Late Archaic
3412,Coastal Texas (2),1420,0.00654372219710674,0.00555180860051407,0.00755052669125115,0.474576283701877,0.38278737069082,0.567743158770041,Late Archaic
3413,Coastal Texas (2),1390,0.00656367563124663,0.00554633671278123,0.00762404132160316,0.476422718751089,0.382281017487435,0.574545997276943,Late Archaic
3414,Coastal Texas (2),1360,0.00654016234739507,0.00565005709236446,0.00758493772286866,0.474246865155101,0.391879011639085,0.570927459498058,Late Archaic
3415,Coastal Texas (2),1330,0.0065314872069672,0.00562407614873619,0.00752744274381392,0.473444091896596,0.389474807701533,0.565607034766351,Late Archaic
3416,Coastal Texas (2),1300,0.00663589685248399,0.00566786558078285,0.00758117804777132,0.48310586879206,0.3935269594038,0.570579549668366,Late Archaic
3417,Coastal Texas (2),1270,0.00689673574806122,0.00586309001872598,0.00788649570344009,0.507243171454593,0.411592483471167,0.598832792524588,Late Archaic
3418,Coastal Texas (2),1240,0.00726480593856962,0.00606898020007895,0.00852513251057545,0.541303358566245,0.430644985635627,0.657930458427315,Late Archaic
3419,Coastal Texas (2),1210,0.00766582990425065,0.00630541135545665,0.0089785479166119,0.578412995965802,0.452523664210671,0.69988825334566,Austin
3420,Coastal Texas (2),1180,0.00808256431859279,0.00682920828619109,0.00936147455351738,0.616976434392459,0.500994368791995,0.735323214500816,Austin
3421,Coastal Texas (2),1150,0.00855801794889337,0.00722384094765645,0.00985262959172147,0.660973585013605,0.537512572755521,0.780773329542612,Austin
3422,Coastal Texas (2),1120,0.00914705323776619,0.00761680948035605,0.010617625222089,0.71548126499351,0.573876782892322,0.851563887924764,Austin
3423,Coastal Texas (2),1090,0.00986869505858545,0.00820352365368881,0.0115221963034426,0.78225998296235,0.628169673324905,0.935270368593945,Austin
3424,Coastal Texas (2),1060,0.0106563742260897,0.00912202823237863,0.0120876023961562,0.85514961249765,0.713165520910043,0.987591468776748,Austin
3425,Coastal Texas (2),1030,0.011346533594838,0.00999831887015255,0.0127514383084562,0.919015032307817,0.794255008340534,1.04902098946991,Austin
3426,Coastal Texas (2),1000,0.0117763492205787,0.0104603670835896,0.013186538447769,0.958788969490883,0.837011659137314,1.08928394077502,Austin
3427,Coastal Texas (2),970,0.0118966335140918,0.0105447360264972,0.0133370932213457,0.96991974196119,0.844818925403223,1.10321585890045,Austin
3428,Coastal Texas (2),940,0.0118198823669283,0.0102481841856661,0.0134092164428338,0.962817405230756,0.817376846562066,1.10988994031842,Austin
3429,Coastal Texas (2),910,0.0117310159389776,0.0100833802332075,0.0135121956651978,0.954593954264076,0.802126349232394,1.11941934985165,Austin
3430,Coastal Texas (2),880,0.0117475789149042,0.0101193624156872,0.0135240357084668,0.956126645782518,0.805456039871705,1.12051499437693,Austin
3431,Coastal Texas (2),850,0.0118714449925958,0.0105029527372023,0.0133143486032758,0.96758886655388,0.840952416546431,1.10111113548839,Austin
3432,Coastal Texas (2),820,0.0120486490894615,0.0108461085280645,0.0133439895247288,0.983986838603339,0.872707094720909,1.10385402354857,Austin
3433,Coastal Texas (2),790,0.0122027973755911,0.0107910105078798,0.013626590790377,0.998251290340827,0.867608477866384,1.13000515513755,Toya
3434,Coastal Texas (2),760,0.0122216947438083,0.0107129855833537,0.013655703836961,1,0.860388269337518,1.13269919513212,Toya
3435,Coastal Texas (2),730,0.0120123620349885,0.0106300503574053,0.0133204971338683,0.98062893596153,0.852713675233476,1.10168010333159,Toya
3436,Coastal Texas (2),700,0.0115852596564387,0.0102750971844284,0.0127934416894162,0.941106075093208,0.819867300277735,1.0529078649945,Toya
3437,Coastal Texas (2),670,0.0110571082714339,0.00988242150593195,0.0120873557181769,0.89223242147922,0.783530190050717,0.987568641885719,Toya
3438,Coastal Texas (2),640,0.0105756737426893,0.00956667796989469,0.0116286941040745,0.847681815225562,0.754312165353119,0.94512537752985,Toya
3439,Coastal Texas (2),610,0.0102638961843336,0.00941741103432503,0.0110989425147489,0.818830791022429,0.740499420158886,0.896103645478688,Toya
3440,Coastal Texas (2),580,0.0101848071683971,0.00936284804707427,0.010985065157993,0.811512114447306,0.735450313757292,0.885565753036139,Toya
3441,Coastal Texas (2),550,0.0103058444481048,0.00935427595378467,0.0112411295897309,0.822712566156355,0.734657076193068,0.909261240153917,Toya
3442,Coastal Texas (2),520,0.0104831111801612,0.00932331304190126,0.011599495872396,0.839116334291376,0.731791854831854,0.942423454744621,Toya
3443,Mid-Continent US (3),4180,0.00142162052791809,0.00106344875714542,0.00184787602220704,0.0288610206820582,0.01072155835483,0.0504485552433341,Late Archic
3444,Mid-Continent US (3),4150,0.00138427123295333,0.00100561316069836,0.0017857089491647,0.0269694809677463,0.00779249831008932,0.0473001293441828,Late Archic
3445,Mid-Continent US (3),4120,0.00136005242680609,0.00099278526139263,0.00174445153377111,0.025742929470484,0.00714283461467365,0.0452106644747532,Late Archic
3446,Mid-Continent US (3),4090,0.00134065252329614,0.000996854190185691,0.001700013778424,0.0247604293194774,0.00734890384339784,0.0429601325936769,Late Archic
3447,Mid-Continent US (3),4060,0.00131935082247961,0.00100701324104632,0.00166184987287219,0.0236816134244284,0.00786340480468004,0.0410273372605228,Late Archic
3448,Mid-Continent US (3),4030,0.00129004773722727,0.000972155529100026,0.00162585698448568,0.0221975706986164,0.00609805028972472,0.0392044922006598,Late Archic
3449,Mid-Continent US (3),4000,0.00124800212248565,0.000906076587389781,0.00162698656488675,0.0200681877967045,0.00275150940742593,0.0392616993364614,Late Archic
3450,Mid-Continent US (3),3970,0.00119557891690562,0.000895425095360144,0.00154928073950156,0.0174132360660309,0.00221206896525048,0.035326319702438,Late Archic
3451,Mid-Continent US (3),3940,0.00114442540921479,0.000840677895030303,0.00151452206312638,0.0148225876638361,-0.000560580525696314,0.0335659808033344,Late Archic
3452,Mid-Continent US (3),3910,0.00110841027625684,0.000806712243235075,0.00140252360953347,0.0129986160367829,-0.0022807570204272,0.0278938650883699,Late Archic
3453,Mid-Continent US (3),3880,0.00109395891933031,0.000806180860095542,0.00136403385373093,0.0122667329964733,-0.00230766870143458,0.0259445672030054,Late Archic
3454,Mid-Continent US (3),3850,0.00109693670827892,0.000779196242366658,0.00137738052328779,0.0124175418956093,-0.00367429359108402,0.0266205038048723,Late Archic
3455,Mid-Continent US (3),3820,0.00110795329960175,0.000756353763989556,0.00142397537964504,0.0129754726416416,-0.00483114153331045,0.0289802811812735,Late Archic
3456,Mid-Continent US (3),3790,0.00112114131261501,0.000793728471880558,0.00146838614810411,0.0136433741479746,-0.00293831479177956,0.0312294463224812,Late Archic
3457,Mid-Continent US (3),3760,0.00113805145452229,0.000826571562671804,0.001476821567253,0.014499781344481,-0.00127498993836541,0.0316566546631487,Late Archic
3458,Mid-Continent US (3),3730,0.00116303435117935,0.000851157468449422,0.00147883678079865,0.0157650298920093,-2.984683099043E-05,0.0317587143260691,Late Archic
3459,Mid-Continent US (3),3700,0.00119599442155486,0.000881562382449314,0.00154871631273607,0.0174342791284567,0.00150999755952046,0.0352977345405563,Late Archic
3460,Mid-Continent US (3),3670,0.00122970657397388,0.00089748485350471,0.00159887635926406,0.0191416172513227,0.00231638457110059,0.0378380695099026,Late Archic
3461,Mid-Continent US (3),3640,0.00125350931685326,0.000908052723383975,0.00160677788475184,0.0203470973951483,0.00285159000379128,0.0382382390252273,Late Archic
3462,Mid-Continent US (3),3610,0.00126068203054325,0.000887199468278062,0.0016316120351283,0.0207103565360988,0.00179548545770222,0.0394959543784242,Late Archic
3463,Mid-Continent US (3),3580,0.00125276842370945,0.000916051459991349,0.00159828527970496,0.0203095751659631,0.00325668273637006,0.0378081345282272,Late Archic
3464,Mid-Continent US (3),3550,0.00123533326604193,0.00091065753546725,0.00157027150067793,0.0194265787617597,0.00298350964266216,0.0363893881870291,Late Archic
3465,Mid-Continent US (3),3520,0.00120996512143823,0.000900424694518559,0.00155340104451398,0.0181418194900905,0.00246527161265529,0.0355349908587053,Late Archic
3466,Mid-Continent US (3),3490,0.00117147373707032,0.000846494185329157,0.00148427805788877,0.0161924391267014,-0.000266016890676496,0.032034285571048,Late Archic
3467,Mid-Continent US (3),3460,0.00111277931233756,0.000819207580257565,0.00143038731077469,0.0132198840759179,-0.00164793580535346,0.0293050108017014,Late Archic
3468,Mid-Continent US (3),3430,0.00103456208324352,0.000769149350089559,0.00133439784269028,0.00925860461095457,-0.00418311432693655,0.0244436635872867,Late Archic
3469,Mid-Continent US (3),3400,0.00095145702305047,0.00069474280334644,0.00121811374592439,0.00504978294608156,-0.00795140334824691,0.0185545032327723,Late Archic
3470,Mid-Continent US (3),3370,0.000885464553605444,0.000635574338555953,0.00116464289209624,0.00170762141616419,-0.0109479659631945,0.0158464937865556,Late Archic
3471,Mid-Continent US (3),3340,0.000851746807433949,0.000595083138449753,0.00116466003601785,0,-0.0129986261738699,0.0158473620334293,Late Archic
3472,Mid-Continent US (3),3310,0.000853892678874639,0.000580456641648248,0.001183252779338,0.000108676778389058,-0.0137393791012652,0.0167889838879046,Late Archic
3473,Mid-Continent US (3),3280,0.000894288213204527,0.000630668110156488,0.00119571344778592,0.00215449203508698,-0.0111964398868342,0.0174200493272481,Late Archic
3474,Mid-Continent US (3),3250,0.000984475837846305,0.000707945765809218,0.00126969938863546,0.00672200726958619,-0.00728274473317874,0.0211670369357066,Late Archic
3475,Mid-Continent US (3),3220,0.00113728208504407,0.00084644824405811,0.00145206047319626,0.0144608169430272,-0.000268343567493112,0.0304026392172795,Late Archic
3476,Mid-Continent US (3),3190,0.00134542689172824,0.00100191923185423,0.00171275705349701,0.0250022252491888,0.00760542079986843,0.0436055105295583,Late Archic
3477,Mid-Continent US (3),3160,0.00157099604080799,0.00122652946095466,0.00196056972768781,0.0364260822245447,0.0189807136664392,0.0561558817048089,Late Archic
3478,Mid-Continent US (3),3130,0.00176156720122578,0.00139395625044406,0.0021382013453229,0.0460774804282539,0.0274599747035665,0.0651519620750323,Late Archic
3479,Mid-Continent US (3),3100,0.00188333272362448,0.00153169216444038,0.00226383938045488,0.0522442453342139,0.0344355535373001,0.0715148487989838,Late Archic
3480,Mid-Continent US (3),3070,0.00193586535090825,0.00157579899089135,0.00230499589159373,0.054904738682164,0.0366693256602537,0.0735992034138456,Late Archic
3481,Mid-Continent US (3),3040,0.00193459951174139,0.00151465209407119,0.00233853332508668,0.0548406307770939,0.0335725661671663,0.0752976929684104,Late Archic
3482,Mid-Continent US (3),3010,0.00189204157662952,0.00144704339773616,0.00231840839486801,0.0526853016203013,0.0301485514897487,0.0742784741373109,Late Archic
3483,Mid-Continent US (3),2980,0.00181882800784553,0.00139157697409246,0.00222838715968531,0.0489774304780996,0.0273394772292606,0.0697193856286758,Early Woodland
3484,Mid-Continent US (3),2950,0.0017325203649757,0.00133467692938902,0.0021166376050087,0.0446064153279898,0.0244577978185993,0.0640598752971725,Early Woodland
3485,Mid-Continent US (3),2920,0.001654867607426,0.00130309903624337,0.00201375332005129,0.0406737232927141,0.0228585483806745,0.0588493429120467,Early Woodland
3486,Mid-Continent US (3),2890,0.00160062238608038,0.00124019225161045,0.00195929240264577,0.0379264963213973,0.0196726600916163,0.0560911921023041,Early Woodland
3487,Mid-Continent US (3),2860,0.00157454307299584,0.00124899782100664,0.00195814896581767,0.0366057202138987,0.020118614539638,0.0560332832134429,Early Woodland
3488,Mid-Continent US (3),2830,0.00158372611095175,0.0012387264546485,0.00194813523379029,0.0370707914022044,0.0195984254060815,0.0555261418648273,Early Woodland
3489,Mid-Continent US (3),2800,0.00165228139451499,0.00127299793841001,0.00201649994689326,0.040542745601289,0.0213340906352229,0.058988444701167,Early Woodland
3490,Mid-Continent US (3),2770,0.00181393995958402,0.00140537391768134,0.00224068995145793,0.0487298772800853,0.0280382177746739,0.0703424554685962,Early Woodland
3491,Mid-Continent US (3),2740,0.0020769028834057,0.0015637134486341,0.00258048527188637,0.0620475266298119,0.0360572583328746,0.0875512500103414,Early Woodland
3492,Mid-Continent US (3),2710,0.0023969725724874,0.00186497308915413,0.00294358380084699,0.078257324667944,0.0513144291817624,0.105940225983921,Early Woodland
3493,Mid-Continent US (3),2680,0.00270039047022478,0.00216235322561926,0.00324454941572793,0.0936237995677964,0.066375124140045,0.121182506024994,Early Woodland
3494,Mid-Continent US (3),2650,0.00293653029395629,0.00239136002864035,0.00348213400579035,0.105583004022395,0.0779730796883525,0.133214880077449,Early Woodland
3495,Mid-Continent US (3),2620,0.00309803401415818,0.00257736457812974,0.0036470499853642,0.113762293646447,0.0873932037558556,0.141566982176909,Early Woodland
3496,Mid-Continent US (3),2590,0.00319335719378135,0.00262792371116452,0.00373436088282227,0.118589896955206,0.0899537502975422,0.145988806743878,Early Woodland
3497,Mid-Continent US (3),2560,0.00321634844018867,0.0026541073550648,0.00376858887311508,0.119754279193265,0.0912798101963839,0.147722269264148,Early Woodland
3498,Mid-Continent US (3),2530,0.00315184967596133,0.0025955628107616,0.00378561994854746,0.116487765751039,0.0883148457784405,0.148584801089398,Early Woodland
3499,Mid-Continent US (3),2500,0.00300768107032059,0.00250985920724665,0.00366208654923053,0.109186405889128,0.0839744219535439,0.1423285027825,Early Woodland
3500,Mid-Continent US (3),2470,0.00282730440564271,0.00231716602674979,0.00343067942742722,0.100051303738065,0.0742155549138658,0.130608984074624,Early Woodland
3501,Mid-Continent US (3),2440,0.0026609079085745,0.00214336520127188,0.00317606310642356,0.0916242214377479,0.0654134834401798,0.117714044998941,Early Woodland
3502,Mid-Continent US (3),2410,0.00253248211458587,0.00200433812713349,0.00307474365864501,0.0851201498106751,0.0583725143309795,0.112582763150486,Early Woodland
3503,Mid-Continent US (3),2380,0.00244484627133707,0.00187233251518811,0.0030039372358745,0.0806818684975018,0.0516871442927424,0.108996800930178,Early Woodland
3504,Mid-Continent US (3),2350,0.00240611734556692,0.0018931468801854,0.00296650577548103,0.0787204579472895,0.0527412792652419,0.107101099981453,Early Woodland
3505,Mid-Continent US (3),2320,0.00242797831919293,0.00190280517902309,0.00295684959635405,0.0798275979842334,0.0532304198458446,0.106612066752729,Early Woodland
3506,Mid-Continent US (3),2290,0.00249486950629457,0.00203851616645981,0.00303500417693914,0.0832152747010118,0.0601034471050529,0.110570173409669,Early Woodland
3507,Mid-Continent US (3),2260,0.00256259078202283,0.00208045529248863,0.00306154203549495,0.0866449909155936,0.0622274369298103,0.111914172364361,Early Woodland
3508,Mid-Continent US (3),2230,0.00260595182956993,0.0021394739663991,0.00308328572973192,0.0888409933720491,0.0652164134471178,0.113015372834781,Early Woodland
3509,Mid-Continent US (3),2200,0.00265143303232556,0.00216796585404632,0.00313594276454213,0.0911443702188706,0.0666593734031562,0.115682166750848,Early Woodland
3510,Mid-Continent US (3),2170,0.00274906358505338,0.00228025194923073,0.00328516721366013,0.0960888294915047,0.0723460566084667,0.123239577730607,Early Woodland
3511,Mid-Continent US (3),2140,0.00292540387988439,0.00239507359512647,0.00348505782549111,0.10501951134831,0.0781611517388924,0.133362955726178,Early Woodland
3512,Mid-Continent US (3),2110,0.00317393639255125,0.00261731527846414,0.00370699636873453,0.117606338447739,0.0894164905774241,0.144602942159054,Early Woodland
3513,Mid-Continent US (3),2080,0.00347905579602872,0.00288874411685186,0.00395839843077436,0.133058985407453,0.103162892695704,0.157335096408735,Early Woodland
3514,Mid-Continent US (3),2050,0.00383452941385714,0.00326550056748785,0.00435031385125082,0.151061800886216,0.122243568506945,0.177183492025889,Middle Woodland
3515,Mid-Continent US (3),2020,0.00423569342690125,0.00367543731410169,0.00482200342308583,0.171378587678082,0.143004646789878,0.201072016797088,Middle Woodland
3516,Mid-Continent US (3),1990,0.00465799822873074,0.00408026065024377,0.00532076819115515,0.192766041041221,0.163506758498154,0.22633175376917,Middle Woodland
3517,Mid-Continent US (3),1960,0.00505388524209545,0.00442829161551721,0.00574619882594486,0.21281557635015,0.181132643892939,0.247877513659652,Middle Woodland
3518,Mid-Continent US (3),1930,0.00538183741280081,0.0047693268934141,0.00603871379466491,0.229424579434925,0.198404235571762,0.262691814194283,Middle Woodland
3519,Mid-Continent US (3),1900,0.0056308690474027,0.00490797516266052,0.00633122852291744,0.242036684359899,0.205426020262681,0.277506102550536,Middle Woodland
3520,Mid-Continent US (3),1870,0.0058176960321334,0.00510120205235013,0.00650196791441395,0.251498460322649,0.215211916785377,0.286153128956731,Middle Woodland
3521,Mid-Continent US (3),1840,0.00597090810854021,0.00530664635468111,0.00668250802032839,0.259257823049818,0.225616559156932,0.295296508522139,Middle Woodland
3522,Mid-Continent US (3),1810,0.00612095834338364,0.00547835634911986,0.00683966482002961,0.266857055608717,0.234312741350775,0.303255650141531,Middle Woodland
3523,Mid-Continent US (3),1780,0.00629328224903646,0.005654243535209,0.00690103047745917,0.275584329084029,0.243220475701316,0.306363488675896,Middle Woodland
3524,Mid-Continent US (3),1750,0.00649460998861002,0.00591072061260262,0.00705130207599406,0.285780489824286,0.256209652020664,0.313973932108095,Middle Woodland
3525,Mid-Continent US (3),1720,0.00670158927409713,0.00614199155734646,0.00730269446795787,0.296262870787785,0.267922274097254,0.326705596620744,Middle Woodland
3526,Mid-Continent US (3),1690,0.00687515602635397,0.00634067855111667,0.00752479629576906,0.30505308771926,0.277984695350135,0.337953852533539,Middle Woodland
3527,Mid-Continent US (3),1660,0.00699647463060751,0.00634258354322581,0.00766847358301633,0.311197218639186,0.278081172893641,0.345230329777063,Middle Woodland
3528,Mid-Continent US (3),1630,0.00708885376520152,0.00647231549963462,0.00770020979302725,0.31587572199576,0.284651394580399,0.346837597107652,Middle Woodland
3529,Mid-Continent US (3),1600,0.00720710565484081,0.00661849354394903,0.00788812399442146,0.321864540412711,0.292054521639209,0.356354434712101,Middle Woodland
3530,Mid-Continent US (3),1570,0.00740762536183821,0.00678798546841716,0.00810880438287543,0.332019778674787,0.300638370589747,0.367530702412046,Late Woodland
3531,Mid-Continent US (3),1540,0.00771561958958236,0.0070687601462043,0.00835429741846174,0.347618019929581,0.31485808890862,0.379963596442215,Late Woodland
3532,Mid-Continent US (3),1510,0.00810230832491672,0.00739727868828673,0.00877768882961477,0.367201712222888,0.331495775639332,0.401406080688572,Late Woodland
3533,Mid-Continent US (3),1480,0.00849852069210764,0.00788610200708422,0.00918362413814106,0.387267724942811,0.356252031993286,0.421964507781861,Late Woodland
3534,Mid-Continent US (3),1450,0.00885002370526498,0.00824281966119021,0.00955970362961881,0.405069450777652,0.374317851178739,0.441010899274376,Late Woodland
3535,Mid-Continent US (3),1420,0.00915832290828877,0.00850603014079902,0.00979235415281135,0.420683137380313,0.387648037889701,0.452793389535284,Late Woodland
3536,Mid-Continent US (3),1390,0.00946572128178381,0.00883552709951247,0.0100804025659925,0.436251201841215,0.404335276129122,0.467381483197845,Late Woodland
3537,Mid-Continent US (3),1360,0.00983286436923777,0.00924064606679554,0.0104280946688917,0.454845012819692,0.424852359955198,0.484990207046764,Late Woodland
3538,Mid-Continent US (3),1330,0.0103461463192793,0.0096469940986212,0.0109725607083251,0.480839966514507,0.445431689250591,0.512564466150021,Late Woodland
3539,Mid-Continent US (3),1300,0.0110888365861056,0.0103534894815399,0.0116961150545101,0.518453210257393,0.481211857953354,0.549208579045942,Late Woodland
3540,Mid-Continent US (3),1270,0.0120442257964758,0.0112602628116941,0.0128125488579556,0.56683850469856,0.527135021094283,0.605749910806271,Late Woodland
3541,Mid-Continent US (3),1240,0.0130575079402513,0.0122126732002249,0.0138960994058247,0.618155762991187,0.575369454325982,0.660625883584134,Late Woodland
3542,Mid-Continent US (3),1210,0.0139522058651792,0.0130389808703555,0.0148463512130106,0.663467372190508,0.617217467140333,0.708750996349563,Late Woodland
3543,Mid-Continent US (3),1180,0.0146667897994186,0.0138442304644669,0.0155600679566185,0.699657182255143,0.657999002337506,0.744896887900591,Late Woodland
3544,Mid-Continent US (3),1150,0.0152418929842093,0.0143366934461049,0.0162863679264033,0.728783047010692,0.682939587922201,0.781680051776843,Late Woodland
3545,Mid-Continent US (3),1120,0.0157229741634304,0.0148940416094079,0.0167344821877025,0.753147205883384,0.711166256901654,0.804374614621911,Late Woodland
3546,Mid-Continent US (3),1090,0.0161286033613289,0.015231939452796,0.0169787729380095,0.77369013012957,0.728278954497467,0.816746619407563,Late Woodland
3547,Mid-Continent US (3),1060,0.0164797467857637,0.0155044089701097,0.017416292631814,0.791473644741139,0.742078061372832,0.838904624730164,Mississippian
3548,Mid-Continent US (3),1030,0.0168221040043099,0.0157672425824435,0.0178099744417852,0.808812185561588,0.755389161795325,0.858842478418303,Mississippian
3549,Mid-Continent US (3),1000,0.0172299429559367,0.0160874426300354,0.0182430765586853,0.829467021878393,0.771605561786707,0.880776757371679,Mississippian
3550,Mid-Continent US (3),970,0.0177768923704143,0.0167117011109117,0.018799498901075,0.857167050491515,0.803220876337823,0.908956538530962,Mississippian
3551,Mid-Continent US (3),940,0.0184721925115167,0.0173758994039321,0.0193803565710914,0.892380240767329,0.836858926282576,0.938373836828966,Mississippian
3552,Mid-Continent US (3),910,0.0192324543011028,0.0181815922890272,0.0202223173765855,0.930883387068553,0.877662911769681,0.981014596259325,Mississippian
3553,Mid-Continent US (3),880,0.0199237143980887,0.0189071648243332,0.0209354020718082,0.965891970968232,0.914409235025314,1.01712847797929,Mississippian
3554,Mid-Continent US (3),850,0.0204103446162897,0.0193632796574537,0.0213291470904829,0.990537158642585,0.937508983546617,1.03706953284628,Mississippian
3555,Mid-Continent US (3),820,0.020597192637713,0.0197188140472474,0.021505536982981,1,0.955514876796619,1.04600272655657,Mississippian
3556,Mid-Continent US (3),790,0.0204873363179409,0.0195902700566084,0.0214522746076876,0.994436371773196,0.949004819148699,1.04330527542018,Mississippian
3557,Mid-Continent US (3),760,0.0201827802967139,0.0193663083554543,0.0212045586961108,0.979012257076331,0.937662370713796,1.03075980474781,Mississippian
3558,Mid-Continent US (3),730,0.0197792090052086,0.0189067523941061,0.0207591213555576,0.958573554654809,0.914388347665736,1.00820081345523,Mississippian
3559,Mid-Continent US (3),700,0.0192775729540854,0.0184357706967175,0.0201829583319145,0.933168402730921,0.890535672905339,0.979021273595994,Mississippian
3560,Mid-Continent US (3),670,0.0186450352162282,0.0177312377687869,0.0195244557505108,0.901133788608043,0.854854891930001,0.945671680628387,Mississippian
3561,Mid-Continent US (3),640,0.017887517561009,0.0171405878583881,0.0186261576351539,0.862769617865562,0.824941669636835,0.900177741262413,Mississippian
3562,Mid-Continent US (3),610,0.0169570809745056,0.0162951621743258,0.0175398349377104,0.815648038818884,0.782125432853476,0.845161374107124,Mississippian
3563,Mid-Continent US (3),580,0.015636544551898,0.0150868465021047,0.0161989078067917,0.748770013680421,0.720930781559851,0.777250669915151,Oneota
3564,Mid-Continent US (3),550,0.0136850683325533,0.0130973027850084,0.0142901050642237,0.649938301491263,0.620171156571012,0.680580138442981,Oneota
3565,Mid-Continent US (3),520,0.0111736695432397,0.0105772514519528,0.011764099272098,0.522749540553671,0.492544191106846,0.552651611843082,Oneota
3566,West C. Europe (22),8490,0.000704452279008249,0.000577374743569681,0.000848313844122253,0.14604847430728,0.105255009145087,0.192229821186593,Mesolithic
3567,West C. Europe (22),8460,0.000696002685544411,0.000579182648096807,0.000825320535751454,0.143336049995523,0.105835368923779,0.184848683987554,Mesolithic
3568,West C. Europe (22),8430,0.000686450582018024,0.000587691337563674,0.00081137188590572,0.140269706278008,0.108566763785544,0.180370994366192,Mesolithic
3569,West C. Europe (22),8400,0.000676898478491637,0.000561582533781516,0.000799813248905613,0.137203362560493,0.100185513914445,0.176660528514309,Mesolithic
3570,West C. Europe (22),8370,0.000663735189893674,0.000534203518324517,0.000791595098151772,0.132977783641389,0.0913965103398505,0.174022400183306,Mesolithic
3571,West C. Europe (22),8340,0.000640271593410185,0.000526056155124891,0.000751484304790305,0.125445678124662,0.0887811056918092,0.161146337974735,Mesolithic
3572,West C. Europe (22),8310,0.000616173793163633,0.000511374043343878,0.000714624423862866,0.117709985333245,0.0840679656912643,0.149313858982231,Mesolithic
3573,West C. Europe (22),8280,0.000591979028574863,0.000486803574309292,0.000696715051710015,0.109943165785217,0.0761805403558425,0.143564728370965,Mesolithic
3574,West C. Europe (22),8250,0.000559299456886276,0.000457706576085151,0.000652943647394576,0.0994526179114878,0.0668400430029118,0.12951356463947,Mesolithic
3575,West C. Europe (22),8220,0.00052116959213805,0.000435978383281659,0.00061778318845734,0.0872124583594653,0.0598650235936383,0.118226621185674,Mesolithic
3576,West C. Europe (22),8190,0.000483039727389825,0.000392448407510575,0.000576549828559365,0.0749722988074428,0.045891361419593,0.104990201194422,Mesolithic
3577,West C. Europe (22),8160,0.000444483744897195,0.000336017158639486,0.000551011665520559,0.0625953501738463,0.027776230551363,0.0967921340802419,Mesolithic
3578,West C. Europe (22),8130,0.000403675243582111,0.000310888847793329,0.000492911753332577,0.0494953150577027,0.0197097310748837,0.0781413415889704,Mesolithic
3579,West C. Europe (22),8100,0.000362537835085399,0.000280487122151331,0.000448894456374337,0.0362896966564491,0.00995040003681118,0.0640112432690522,Mesolithic
3580,West C. Europe (22),8070,0.000321400426588688,0.000234013052292508,0.000410592368628976,0.0230840782551956,-0.00496835285832761,0.0517157979986726,Mesolithic
3581,West C. Europe (22),8040,0.00029210577763972,0.000198559764811531,0.00039808168585125,0.0136801325679101,-0.0163492979069478,0.0476997136428728,Mesolithic
3582,West C. Europe (22),8010,0.000277395317845483,0.00019096803761518,0.000368953671628299,0.0089578925034879,-0.0187863365057563,0.0383492597695978,Neolithic
3583,West C. Europe (22),7980,0.000262721051389676,0.000180759368506249,0.00035127973874563,0.0042472709496485,-0.0220634459193933,0.0326757080844801,Neolithic
3584,West C. Europe (22),7950,0.000249490188983768,0.000165468861320842,0.000341013499293763,0,-0.0269718883913649,0.0293801178766504,Neolithic
3585,West C. Europe (22),7920,0.000252537065233646,0.000171267456159724,0.000336677510531071,0.000978085070063115,-0.0251104675215533,0.0279882116996533,Neolithic
3586,West C. Europe (22),7890,0.000260147662566898,0.000182399012362567,0.000336692599296635,0.00342118121688448,-0.0215370999031577,0.0279930553805622,Neolithic
3587,West C. Europe (22),7860,0.000267758259900151,0.0001917682368311,0.000338039809113727,0.00586427736370585,-0.01852946263167,0.0284255264428159,Neolithic
3588,West C. Europe (22),7830,0.000279724768766163,0.000196793369634419,0.000353577467776832,0.0097056751438409,-0.0169163326693983,0.033413307604828,Neolithic
3589,West C. Europe (22),7800,0.000301514019810764,0.00023183540296472,0.000367305055129983,0.0167002950058849,-0.00566740530439536,0.037820033423983,Neolithic
3590,West C. Europe (22),7770,0.00032367511696182,0.000254494602624937,0.000392434153537621,0.0238142820805286,0.00160647885421827,0.0458867857174666,Neolithic
3591,West C. Europe (22),7740,0.000346182267358342,0.000266655613850256,0.000428697275711214,0.0310393565394573,0.00551031430432338,0.0575276977477125,Neolithic
3592,West C. Europe (22),7710,0.000381573493947587,0.000305667187257062,0.00045689286254719,0.04240037927202,0.0180335132725802,0.0665788308638169,Neolithic
3593,West C. Europe (22),7680,0.000423477785192507,0.000351137802857789,0.000500438354294404,0.0558521765479627,0.0326301449038918,0.0805574738586622,Neolithic
3594,West C. Europe (22),7650,0.000465382076437427,0.000387952179656717,0.000551682959111411,0.0693039738239053,0.0444480165067046,0.0970076276497192,Neolithic
3595,West C. Europe (22),7620,0.000513361557448582,0.000424298261570256,0.000601634409024874,0.0847059823722598,0.0561155596425165,0.113042662676276,Neolithic
3596,West C. Europe (22),7590,0.000586185363676001,0.000500481771108467,0.000676771987390722,0.108083327487303,0.0805714111945244,0.137162757348087,Neolithic
3597,West C. Europe (22),7560,0.000661676390510516,0.000569704103732696,0.000766533874615815,0.132316883501778,0.102792638609793,0.165977436565561,Neolithic
3598,West C. Europe (22),7530,0.00073716741734503,0.000628352396337131,0.000858542322810977,0.156550439516253,0.121619468016928,0.195513289721064,Neolithic
3599,West C. Europe (22),7500,0.000818067586055593,0.000703925224285705,0.000931248831850029,0.182520397168644,0.145879283203688,0.218852980983672,Neolithic
3600,West C. Europe (22),7470,0.000904055751311503,0.000794226734042831,0.00102204538198339,0.210123664824268,0.174867187947493,0.247999799828794,Neolithic
3601,West C. Europe (22),7440,0.000990043916567413,0.000870869207752766,0.00112162140800494,0.237726932479892,0.199470372691676,0.279964939335796,Neolithic
3602,West C. Europe (22),7410,0.00107889209609304,0.000944551758634952,0.00121730809295508,0.266248300192087,0.22312338549288,0.310681552114977,Neolithic
3603,West C. Europe (22),7380,0.00119088348596165,0.00106451949262235,0.0013319508178958,0.302198925495796,0.261634516198338,0.34748328886434,Neolithic
3604,West C. Europe (22),7350,0.00130793658975566,0.00117999552022839,0.00144708948751861,0.339774423755722,0.298703753439664,0.384444230008419,Neolithic
3605,West C. Europe (22),7320,0.00142498969354967,0.00127631833334084,0.00159256443824555,0.377349922015647,0.329624571249566,0.431143493682132,Neolithic
3606,West C. Europe (22),7290,0.00157758758872933,0.001415924099005,0.00175157810807265,0.426335739212618,0.374439753715986,0.482188854123042,Neolithic
3607,West C. Europe (22),7260,0.00179346989825816,0.00161873616754693,0.00197773488934908,0.49563663840385,0.439544943425435,0.554787986191145,Neolithic
3608,West C. Europe (22),7230,0.00201058145382421,0.00178791709437753,0.00221166130922886,0.565332140820754,0.493854119480459,0.629881268626542,Neolithic
3609,West C. Europe (22),7200,0.00222786463060442,0.00196924579330147,0.00248806712856876,0.635082735776217,0.552062881060002,0.718610965208675,Neolithic
3610,West C. Europe (22),7170,0.00244874986914941,0.0021970888622463,0.00270935400231621,0.705989637238623,0.625203332386597,0.789646796553004,Neolithic
3611,West C. Europe (22),7140,0.00267107467414703,0.00242456000105932,0.00291047991050188,0.777358657388894,0.698224389527409,0.854210707872743,Neolithic
3612,West C. Europe (22),7110,0.00289339947914466,0.0026230456707546,0.0031604718400378,0.848727677539165,0.761940751541866,0.934461218186447,Neolithic
3613,West C. Europe (22),7080,0.00308508692673139,0.0028044822381955,0.00336364337606279,0.910261725930741,0.820184140253368,0.999681801416843,Neolithic
3614,West C. Europe (22),7050,0.00317854729122369,0.00295468644318877,0.00341353979633989,0.940263662227384,0.868401553208864,1.01569917124753,Neolithic
3615,West C. Europe (22),7020,0.00326461718206145,0.00304480892226913,0.00347634865211502,0.967893164808519,0.897331986884708,1.03586159304063,Neolithic
3616,West C. Europe (22),6990,0.00335026204245718,0.00307161952910191,0.00361056142191104,0.995386227345627,0.905938524240312,1.07894555693795,Neolithic
3617,West C. Europe (22),6960,0.00336463461060408,0.00309183532904417,0.00363028212309433,1,0.912428046781212,1.08527614663595,Neolithic
3618,West C. Europe (22),6930,0.00332730077650993,0.00308934756613672,0.00359484619753743,0.988015376162005,0.911629444029381,1.07390077498032,Neolithic
3619,West C. Europe (22),6900,0.00328996694241578,0.00305049694811851,0.0035472192135151,0.97603075232401,0.899157913737376,1.05861192233779,Neolithic
3620,West C. Europe (22),6870,0.00324557883217678,0.00295762614588425,0.00354450031087141,0.961781618341352,0.869345234238569,1.05773912086354,Neolithic
3621,West C. Europe (22),6840,0.00315857036462016,0.00290633554333581,0.0034384016866561,0.933850820991236,0.852880314605161,1.02368014642918,Neolithic
3622,West C. Europe (22),6810,0.00306440938743586,0.00281412034548707,0.00330696989973474,0.903623979329966,0.823278092246309,0.981488912530309,Neolithic
3623,West C. Europe (22),6780,0.00297024841025155,0.00265995552342464,0.00323734238393509,0.873397137668695,0.773789272083603,0.959137616289784,Neolithic
3624,West C. Europe (22),6750,0.00289554701417442,0.00259694635265993,0.00316513831325402,0.849417062922025,0.753562546694113,0.9359592139724,Neolithic
3625,West C. Europe (22),6720,0.00284799886977616,0.00259746810245037,0.00308324768902045,0.834153518776764,0.753730034848697,0.909671307811384,Neolithic
3626,West C. Europe (22),6690,0.00280062805796813,0.00253962655317098,0.00302844039622349,0.818946900592627,0.735162180055853,0.892077486986713,Neolithic
3627,West C. Europe (22),6660,0.00275513925734297,0.00245816141752363,0.00301396964963857,0.804344431342903,0.709010861008827,0.887432197835916,Neolithic
3628,West C. Europe (22),6630,0.00273516648914445,0.00249140505528093,0.00298677409431738,0.797932925006343,0.719682481087364,0.878702087240578,Neolithic
3629,West C. Europe (22),6600,0.00272324670920208,0.00251263488006924,0.00293359197708679,0.794106527790329,0.726497518181939,0.861629967931604,Neolithic
3630,West C. Europe (22),6570,0.00271132692925972,0.00249673095186577,0.00291416949394886,0.790280130574316,0.721392159954217,0.855395109925301,Neolithic
3631,West C. Europe (22),6540,0.00268584465777995,0.00246670163840215,0.00292120968728465,0.782100005343873,0.711752377844852,0.85765509931357,Neolithic
3632,West C. Europe (22),6510,0.00262603207697482,0.00244202784541957,0.00280400903942851,0.76289942498233,0.70383178424048,0.820032237579546,Neolithic
3633,West C. Europe (22),6480,0.00256454192884985,0.00238260518266472,0.00275218124265074,0.743160324702355,0.684756372409674,0.803394871935094,Neolithic
3634,West C. Europe (22),6450,0.00250301888609462,0.00228673537726878,0.00271798403261368,0.723410664838036,0.65398097569594,0.792417143326521,Neolithic
3635,West C. Europe (22),6420,0.00243972548915757,0.00221705626750554,0.00266148731534229,0.703092699321648,0.631613117153126,0.774280996289716,Neolithic
3636,West C. Europe (22),6390,0.00237542601132841,0.00216592708947655,0.002566046450994,0.682451769359335,0.615200016792791,0.743643294972918,Neolithic
3637,West C. Europe (22),6360,0.00231112653349925,0.00207364078394709,0.00254020350616268,0.661810839397021,0.585574967986398,0.735347389122789,Neolithic
3638,West C. Europe (22),6330,0.00226778680357989,0.00201760277131324,0.00250026219267172,0.647898248501213,0.567586070828077,0.7225257320549,Neolithic
3639,West C. Europe (22),6300,0.00232150569694216,0.00207519466623364,0.0025382724778309,0.665142679606697,0.586073783474942,0.734727505075557,Neolithic
3640,West C. Europe (22),6270,0.00238740663869449,0.00216093979589464,0.00262427724705449,0.686297699353118,0.613599033689954,0.762336102810766,Neolithic
3641,West C. Europe (22),6240,0.00245330758044682,0.00218981802220114,0.0027211620061049,0.70745271909954,0.622869302543645,0.793437312237202,Neolithic
3642,West C. Europe (22),6210,0.00252746196190021,0.00226860852987347,0.00279574485996574,0.73125719536675,0.648162032834253,0.81737933346203,Neolithic
3643,West C. Europe (22),6180,0.0026105093811005,0.00237392893462751,0.00285597449008749,0.75791644706112,0.68197118916841,0.836713791827343,Neolithic
3644,West C. Europe (22),6150,0.0026935579934416,0.00245538676897662,0.0029213976969593,0.784576081768491,0.708120164408135,0.857715452751231,Neolithic
3645,West C. Europe (22),6120,0.0027749429337508,0.00253819733053269,0.00300226927087485,0.810701657117214,0.734703381860694,0.883676231119727,Neolithic
3646,West C. Europe (22),6090,0.00284057138951171,0.00264690479094288,0.00306527412504596,0.831769205480438,0.769599825073958,0.903901570829127,Neolithic
3647,West C. Europe (22),6060,0.00290229907537806,0.00270893663389749,0.00311098786075038,0.851584558321845,0.789512816113504,0.918576247029418,Neolithic
3648,West C. Europe (22),6030,0.0029640267612444,0.00274333706339926,0.00321059845422846,0.871399911163251,0.800555780691012,0.950552483118745,Neolithic
3649,West C. Europe (22),6000,0.00305352225539995,0.0027651557988482,0.00333433288335841,0.900129074901027,0.807559865412575,0.990272769687543,Neolithic
3650,West C. Europe (22),5970,0.00319858825031515,0.00290294948178262,0.00346309710601855,0.946697058686429,0.851793346845436,1.03160768236975,Neolithic
3651,Western G. Basin (11),4690,0.000936435521937593,0.000465168534139252,0.00147568956767362,0.00992059940733437,-0.0253662960761888,0.0502981383473132,Middle Archaic
3652,Western G. Basin (11),4660,0.000927007561549277,0.000430264869967066,0.00146284610420736,0.00921466527348059,-0.0279797656837034,0.0493364627691074,Middle Archaic
3653,Western G. Basin (11),4630,0.00091366674444682,0.000412116226007923,0.00140092021304538,0.00821574951882849,-0.0293386754294206,0.0446996592039657,Middle Archaic
3654,Western G. Basin (11),4600,0.000898389754416589,0.000353126108296621,0.00149703618090709,0.00707185961256101,-0.033755658099826,0.051896501333899,Middle Archaic
3655,Western G. Basin (11),4570,0.000893547277099867,0.000354067035790524,0.00147734776502388,0.00670927111096709,-0.0336852045968339,0.0504222986176159,Middle Archaic
3656,Western G. Basin (11),4540,0.000908511852960814,0.00045745013269017,0.00145222378564464,0.0078297684893798,-0.0259442241557813,0.0485410990907251,Middle Archaic
3657,Western G. Basin (11),4510,0.000939131350336614,0.000519077853627982,0.00143584432372109,0.0101224540193074,-0.0213297465795356,0.047314659777263,Middle Archaic
3658,Western G. Basin (11),4480,0.000966358867056223,0.000590982663181928,0.00137070177401433,0.0121611593851326,-0.0159457549883858,0.0424370035812044,Middle Archaic
3659,Western G. Basin (11),4450,0.000965814452285882,0.000614793677842951,0.00135547627630774,0.0121203954283987,-0.0141628658672414,0.0412969692478699,Middle Archaic
3660,Western G. Basin (11),4420,0.000926552073298451,0.000520597994958193,0.00139396598926191,0.00918055983703579,-0.0212159234821657,0.0441789501915168,Middle Archaic
3661,Western G. Basin (11),4390,0.000865085953072445,0.000397029165144888,0.00143345801295419,0.0045781823814758,-0.0304683440750319,0.0471359808101326,Middle Archaic
3662,Western G. Basin (11),4360,0.000815400673159907,0.000351278175083805,0.00140815293456407,0.000857914837309279,-0.0338940251567799,0.0452412211951502,Middle Archaic
3663,Western G. Basin (11),4330,0.000803942965259391,0.000362087503543012,0.00131493868154469,0,-0.0330846588029662,0.0382616497652987,Middle Archaic
3664,Western G. Basin (11),4300,0.000840841618691157,0.000350502682659573,0.00138663166166333,0.00276284772929309,-0.0339520914351967,0.0436297802769806,Middle Archaic
3665,Western G. Basin (11),4270,0.000927390994978938,0.00039355800748693,0.00145588576021996,0.00924337548596659,-0.0307282527481503,0.0488152954962625,Middle Archaic
3666,Western G. Basin (11),4240,0.00105227799060908,0.000523969552344989,0.00155818243536738,0.0185944959254443,-0.0209634725441521,0.0564749283109917,Middle Archaic
3667,Western G. Basin (11),4210,0.00118031068456501,0.000632818565847876,0.0017216055672868,0.0281811557320292,-0.0128132225533665,0.0687115057181458,Middle Archaic
3668,Western G. Basin (11),4180,0.00127285332557776,0.000718155619451923,0.00183904610891795,0.0351104391016152,-0.00642346946358214,0.0775050605933282,Middle Archaic
3669,Western G. Basin (11),4150,0.00132922829931602,0.000825745962503092,0.00191755648501531,0.0393316085399462,0.00163253549449809,0.0833836549091798,Middle Archaic
3670,Western G. Basin (11),4120,0.00139912751622211,0.000827770282001108,0.00202035601328563,0.0445654280630748,0.00178410976641022,0.091080939683522,Middle Archaic
3671,Western G. Basin (11),4090,0.00153692294467068,0.000947282851344697,0.00214649070420287,0.0548830887685024,0.0107328111449993,0.100525483372094,Middle Archaic
3672,Western G. Basin (11),4060,0.00174924878401844,0.00121243541526536,0.00236356107241494,0.070781337310201,0.0305865480977352,0.116778986362944,Middle Archaic
3673,Western G. Basin (11),4030,0.00201151349312514,0.00145905500872779,0.00265143412238534,0.090418841355413,0.0490525982222177,0.138333957302634,Middle Archaic
3674,Western G. Basin (11),4000,0.00232218799047977,0.00177200895241985,0.0029187241352356,0.113681108395938,0.0724855425788961,0.158347739280659,Late Archaic
3675,Western G. Basin (11),3970,0.00269207714868275,0.00210203210979307,0.00337369666400917,0.141377171145791,0.097196572553171,0.192414560183415,Late Archaic
3676,Western G. Basin (11),3940,0.00308294359584001,0.00238124478454684,0.00370246961244751,0.17064394311573,0.118103083568807,0.217031978695058,Late Archaic
3677,Western G. Basin (11),3910,0.00340714357743185,0.00264495088932532,0.00413035915226084,0.194918953168177,0.137848514499918,0.249070915987111,Late Archaic
3678,Western G. Basin (11),3880,0.0035980187113866,0.00287228548499072,0.00438024233540677,0.209211044650611,0.154870568504827,0.267781332789176,Late Archaic
3679,Western G. Basin (11),3850,0.00365913208996339,0.00294636538452728,0.00449613350601074,0.21378700999153,0.160417423557392,0.276458875945064,Late Archaic
3680,Western G. Basin (11),3820,0.00364635821128152,0.0029158396282046,0.00449997965656024,0.212830544689192,0.158131757043923,0.276746862831411,Late Archaic
3681,Western G. Basin (11),3790,0.00362019467504344,0.00288684962865016,0.00441806046479858,0.210871506622414,0.155961082859585,0.270613027802369,Late Archaic
3682,Western G. Basin (11),3760,0.00362545023467389,0.00287617369308799,0.00449613244161205,0.211265025345747,0.155161704519652,0.276458796246451,Late Archaic
3683,Western G. Basin (11),3730,0.00369776251501996,0.00300242404250649,0.00444434352846171,0.21667952698667,0.164614908329878,0.272581015682871,Late Archaic
3684,Western G. Basin (11),3700,0.00384889232345084,0.00311849346855595,0.00457337840607209,0.227995621456727,0.173305798657194,0.282242715648825,Late Archaic
3685,Western G. Basin (11),3670,0.0040342957000785,0.00327863288420474,0.00479226957027173,0.241878006055565,0.185296502375251,0.298632553751987,Late Archaic
3686,Western G. Basin (11),3640,0.00415721908264418,0.00340831668751881,0.00497069619778654,0.251082097717789,0.195006791727001,0.311992542717067,Late Archaic
3687,Western G. Basin (11),3610,0.00412067167984535,0.00345788957335401,0.00486213760775055,0.248345550460827,0.198718643578656,0.303864038663909,Late Archaic
3688,Western G. Basin (11),3580,0.00388917883233325,0.003095980633666,0.0046194730462948,0.231012140468532,0.171620112894415,0.285694128105039,Late Archaic
3689,Western G. Basin (11),3550,0.00351477530862515,0.00270282850546616,0.00422698106309956,0.202978057131882,0.142182196774458,0.256305641434597,Late Archaic
3690,Western G. Basin (11),3520,0.0030931229394957,0.00242493906375956,0.0037498139399239,0.171406138314989,0.121374765022689,0.22057696355216,Late Archaic
3691,Western G. Basin (11),3490,0.00268264648236991,0.00207296424275327,0.00330062137219061,0.140671034401361,0.0950200679120242,0.186942926795988,Late Archaic
3692,Western G. Basin (11),3460,0.00228532482476493,0.00167454335118899,0.00287694948784056,0.110920917868169,0.0651876444173047,0.155219793435404,Late Archaic
3693,Western G. Basin (11),3430,0.00191129046855243,0.00146734642724965,0.00243899977140274,0.0829144765585874,0.0496734319032651,0.12242758377273,Late Archaic
3694,Western G. Basin (11),3400,0.00162560674294298,0.00118815608913841,0.00206562353232818,0.0615234349029439,0.0287685933806982,0.0944704200727919,Late Archaic
3695,Western G. Basin (11),3370,0.00150705374213544,0.00101219853358984,0.0020424783676622,0.0526465828062212,0.0155934802644884,0.0927373875717612,Late Archaic
3696,Western G. Basin (11),3340,0.00157168316678317,0.0010385332826269,0.00221287624344259,0.0574858179144536,0.0175653381728829,0.10549621046612,Late Archaic
3697,Western G. Basin (11),3310,0.00175391807565014,0.00121580189833206,0.00238803769054483,0.071130958247071,0.0308386190876358,0.118611713645147,Late Archaic
3698,Western G. Basin (11),3280,0.00196675718407096,0.00143654990724425,0.00250198902061584,0.0870676386598853,0.0473674915110392,0.127144008031412,Late Archaic
3699,Western G. Basin (11),3250,0.00215974178292036,0.00161225706707903,0.00267465238009996,0.101517679816687,0.0605238558338669,0.140072462766623,Late Archaic
3700,Western G. Basin (11),3220,0.00230137436854831,0.0016984450468694,0.00291356825004882,0.112122654014993,0.0669773234298197,0.157961683846221,Late Archaic
3701,Western G. Basin (11),3190,0.00234553049473884,0.00170829446236249,0.00305716776780191,0.115428917025525,0.0677148147119951,0.168713935341939,Late Archaic
3702,Western G. Basin (11),3160,0.0022694253264544,0.00148620953242981,0.00291442699752953,0.109730416624393,0.0510858381150744,0.158025983984747,Late Archaic
3703,Western G. Basin (11),3130,0.00212120767326622,0.00147697861950039,0.00276754242939771,0.0986323745966706,0.0503946582357454,0.147027758906381,Late Archaic
3704,Western G. Basin (11),3100,0.00198679083611445,0.0013607698937447,0.00268599345181739,0.0885676915049068,0.0416933376124364,0.140921644276734,Late Archaic
3705,Western G. Basin (11),3070,0.00192492186968255,0.00131772887684704,0.00258973956102557,0.0839351502731195,0.0384705702553008,0.133714474939198,Late Archaic
3706,Western G. Basin (11),3040,0.00194196516789256,0.00134355572006768,0.002543015311488,0.0852112954269335,0.040404397875295,0.130215919443764,Late Archaic
3707,Western G. Basin (11),3010,0.00200919290131238,0.00133682965123137,0.00263618008053204,0.0902450832037134,0.0399007723420264,0.137191785679085,Late Archaic
3708,Western G. Basin (11),2980,0.00208745271250245,0.00151007181208982,0.0027331139450854,0.0961049160575395,0.052872565787842,0.144449869177121,Late Archaic
3709,Western G. Basin (11),2950,0.00214734200655752,0.00153785434683096,0.00271147829686966,0.100589226044488,0.0549528290463783,0.142829864217992,Late Archaic
3710,Western G. Basin (11),2920,0.0021868762925658,0.00158823849567164,0.00271852998552195,0.103549421123942,0.0587254255579089,0.143357871073762,Late Archaic
3711,Western G. Basin (11),2890,0.00223164980594953,0.00162796713757284,0.00275415544607213,0.106901912022112,0.0617001733564325,0.146025386379384,Late Archaic
3712,Western G. Basin (11),2860,0.00230268618760494,0.00180873295242663,0.00282225481899003,0.112220878637433,0.0752353128440067,0.151124439605824,Late Archaic
3713,Western G. Basin (11),2830,0.0023806343868835,0.00191201681396566,0.00285965894436616,0.118057379033782,0.0829688628732358,0.15392513538332,Late Archaic
3714,Western G. Basin (11),2800,0.00241882345823306,0.00200095972722822,0.00282502395351568,0.120916848939833,0.0896286106713119,0.151331783135322,Late Archaic
3715,Western G. Basin (11),2770,0.00239897627372492,0.00188672896187071,0.00296473418224309,0.119430758160055,0.0810753931056074,0.161792817679913,Late Archaic
3716,Western G. Basin (11),2740,0.00235639109861308,0.0017289480250817,0.00307465267179179,0.116242122710882,0.0692612843945844,0.170023146459215,Late Archaic
3717,Western G. Basin (11),2710,0.0023420071009061,0.00149422632845581,0.00319259806320241,0.115165097082389,0.0516861089823457,0.178854502796974,Late Archaic
3718,Western G. Basin (11),2680,0.0023750230905754,0.0014062006245636,0.00337240059414141,0.117637223938098,0.0450950387535157,0.192317514807551,Late Archaic
3719,Western G. Basin (11),2650,0.00243718118809432,0.00144047472637478,0.00349129332173588,0.122291414338431,0.047661368837558,0.201219804509567,Late Archaic
3720,Western G. Basin (11),2620,0.00249633242968567,0.0015821405889039,0.00351633738392383,0.126720461425955,0.0582688346988994,0.203095020104526,Late Archaic
3721,Western G. Basin (11),2590,0.00253002003823882,0.00160883249614124,0.00355608973676481,0.129242876856873,0.0602674354185051,0.206071543298899,Late Archaic
3722,Western G. Basin (11),2560,0.00254046477284256,0.00157066748928266,0.00352315531547538,0.130024943642491,0.0574097673810332,0.203605524010597,Late Archaic
3723,Western G. Basin (11),2530,0.00255403541969826,0.00158540237966286,0.00358315356424925,0.131041068280201,0.0585130666790312,0.208097992162395,Late Archaic
3724,Western G. Basin (11),2500,0.00259523334663419,0.00160140867400206,0.00364972250333948,0.134125831226822,0.0597115644521606,0.213082451623687,Late Archaic
3725,Western G. Basin (11),2470,0.00265453722771323,0.00159682831834811,0.00365432419016427,0.138566307448548,0.0593686027437809,0.213427010538779,Late Archaic
3726,Western G. Basin (11),2440,0.00269026554274572,0.00166978836079258,0.00373931085768958,0.14124152415372,0.0648316066436278,0.219790527891159,Late Archaic
3727,Western G. Basin (11),2410,0.00266938826384492,0.00155187253291571,0.00367654752752582,0.139678303351867,0.0560024639243746,0.215091019695108,Late Archaic
3728,Western G. Basin (11),2380,0.00261172287898216,0.00154428362961257,0.00367405297318345,0.135360512245437,0.0554342322327305,0.21490423581116,Late Archaic
3729,Western G. Basin (11),2350,0.0025963791169521,0.00160637339353204,0.00374071828249732,0.1342116226752,0.0600833060417378,0.219895911152404,Late Archaic
3730,Western G. Basin (11),2320,0.00270137499963278,0.00172657525286835,0.00379300294989666,0.14207336312017,0.069083619149051,0.223810812135668,Late Archaic
3731,Western G. Basin (11),2290,0.00291167248392137,0.00191191404098183,0.00395524546290047,0.157819735220638,0.0829611675760201,0.235958988748028,Late Archaic
3732,Western G. Basin (11),2260,0.00311130249634682,0.00211234478182955,0.00399149488815845,0.172767362714643,0.0979687509355505,0.238673224443577,Late Archaic
3733,Western G. Basin (11),2230,0.00320007002963287,0.00248645608363806,0.00395985104661841,0.179413978646789,0.12598095367395,0.236303839449443,Late Archaic
3734,Western G. Basin (11),2200,0.00319345852229653,0.00247585850652692,0.00387865177583266,0.178918931095387,0.125187442552693,0.230223909694674,Late Archaic
3735,Western G. Basin (11),2170,0.00317709897782254,0.00241273422562512,0.0040445803076138,0.177693983133917,0.120460907572892,0.242648083061983,Late Archaic
3736,Western G. Basin (11),2140,0.00320045311677524,0.00232732134375507,0.0041690720471265,0.179442662930441,0.114065476716222,0.251969608045664,Late Archaic
3737,Western G. Basin (11),2110,0.00325983700417316,0.0023057849126806,0.00420197583654094,0.183889129757674,0.112452900804714,0.254433333721641,Late Archaic
3738,Western G. Basin (11),2080,0.0033543589699218,0.00244350239310423,0.00426622290727029,0.19096661834191,0.122764725022799,0.259243939447581,Late Archaic
3739,Western G. Basin (11),2050,0.00350660021403287,0.00271911524844738,0.00435251166853354,0.202365933397535,0.143401693603697,0.265704953223072,Late Archaic
3740,Western G. Basin (11),2020,0.0037382654565481,0.00289830342185264,0.00448030947682452,0.219712251750939,0.156818704577401,0.275274025576845,Late Archaic
3741,Western G. Basin (11),1990,0.00405013336108754,0.00321221300043153,0.00488481600104705,0.243063877129073,0.180323203677452,0.305562120886316,Late Archaic
3742,Western G. Basin (11),1960,0.00441952790301025,0.00341761920199653,0.00534390196160577,0.270722904666534,0.195703332890732,0.339936941800189,Late Archaic
3743,Western G. Basin (11),1930,0.00481177619411981,0.00385390218008675,0.00578739733727347,0.300093144488841,0.228370742761796,0.373144391873711,Late Archaic
3744,Western G. Basin (11),1900,0.00518968132582814,0.00429036321815524,0.00608714028140966,0.328389416518371,0.261051485168355,0.395588140779337,Late Archaic
3745,Western G. Basin (11),1870,0.00550635986237158,0.00476329416388213,0.00631144212108031,0.352101245927617,0.296462972255012,0.412383112161053,Late Archaic
3746,Western G. Basin (11),1840,0.00570503475777714,0.00488666112893747,0.00657139372621251,0.366977357454393,0.305700277890114,0.431847418718844,Late Archaic
3747,Western G. Basin (11),1810,0.00575659853185076,0.00490073604345965,0.00666059661191264,0.370838280357082,0.306754160403727,0.438526632383341,Late Archaic
3748,Western G. Basin (11),1780,0.00570670965886412,0.00479464248798552,0.0065818890184226,0.367102768444621,0.298810229892106,0.432633271088892,Late Archaic
3749,Western G. Basin (11),1750,0.00566356460737506,0.00472413184780508,0.00662620440067497,0.363872211325315,0.293530629039631,0.435951458660564,Late Archaic
3750,Western G. Basin (11),1720,0.00571656511877903,0.00468172166965965,0.00680899910426267,0.367840712312882,0.290355096777872,0.449638514549148,Late Archaic
3751,Western G. Basin (11),1690,0.00587382042780264,0.00477179053264274,0.00692672325785065,0.379615463775252,0.297099151924302,0.458453305338871,Late Archaic
3752,Western G. Basin (11),1660,0.00609819096430307,0.00514205717211222,0.00706647938151986,0.396415578945764,0.324823479208576,0.468917776343168,Late Archaic
3753,Western G. Basin (11),1630,0.0063803081042882,0.00555257199578792,0.00718978076855369,0.41753956660141,0.355561455881111,0.478150171715402,Late Archaic
3754,Western G. Basin (11),1600,0.00671982805430058,0.00599466488146206,0.00759808772583439,0.442961684638213,0.388663892195763,0.508722830738411,Late Archaic
3755,Western G. Basin (11),1570,0.00704817427619015,0.00620202606406935,0.00795229644515573,0.467547151293443,0.404190403849353,0.535244794681688,Late Archaic
3756,Western G. Basin (11),1540,0.0072504075329254,0.00629324139523919,0.00828009243289356,0.482689701012548,0.411020302698246,0.559789061644374,Late Archaic
3757,Western G. Basin (11),1510,0.0072829749778129,0.00628213681978123,0.00828575910716544,0.485128242335545,0.410188829236876,0.560213363256726,Late Archaic
3758,Western G. Basin (11),1480,0.00722453102616411,0.00634742988943456,0.00804298277408354,0.480752154752773,0.41507775586299,0.542035083612407,Late Archaic
3759,Western G. Basin (11),1450,0.00720385724918845,0.00648028419615175,0.00791697199384007,0.479204171494285,0.425025441903055,0.53259981794056,Late Archaic
3760,Western G. Basin (11),1420,0.00730150616804405,0.00646681240482383,0.00816892474103534,0.486515795866352,0.424016719236558,0.55146519677518,Late Archaic
3761,Western G. Basin (11),1390,0.007506797229357,0.00674848004691691,0.00837956414628424,0.501887303762745,0.445107049993784,0.567237170773303,Late Archaic
3762,Western G. Basin (11),1360,0.00774549346876263,0.00693582184698259,0.00850651509855004,0.51976007964201,0.459134577254917,0.576742833380959,Late Archaic
3763,Western G. Basin (11),1330,0.00796528157020883,0.00720353400127315,0.00869189877216366,0.536217077405606,0.479179967771772,0.590623742684019,Late Archaic
3764,Western G. Basin (11),1300,0.00819488158586354,0.00725204441380071,0.00909069434985877,0.553408758480645,0.482812265176518,0.620484221422751,Late Archaic
3765,Western G. Basin (11),1270,0.00847497111578754,0.00742720366386098,0.00951736860025274,0.574380925478021,0.495927603848392,0.652432161908676,Late Archaic
3766,Western G. Basin (11),1240,0.00874134477552367,0.00773196740817882,0.00974750225813353,0.594326094000402,0.518747293475182,0.669663800328372,Late Archaic
3767,Western G. Basin (11),1210,0.00885322384271089,0.00795099317202904,0.00978002173099119,0.602703224274417,0.535147209949894,0.672098749666259,Late Archaic
3768,Western G. Basin (11),1180,0.00875066268255947,0.00773898832164529,0.00975492741682826,0.595023787707388,0.519272995987993,0.670219771371524,Late Archaic
3769,Western G. Basin (11),1150,0.00853258201266413,0.00729983675448097,0.00970895350751603,0.578694636706328,0.486390795763555,0.666777398841999,Late Archaic
3770,Western G. Basin (11),1120,0.00837534037888337,0.00713537774694756,0.00950367997575792,0.566920909200395,0.474076655455814,0.651407203500028,Late Archaic
3771,Western G. Basin (11),1090,0.00840107588502868,0.00719216275648297,0.00949177644822326,0.568847897805745,0.478328527002913,0.650515907179947,Late Archaic
3772,Western G. Basin (11),1060,0.00859750651500167,0.0074818014603526,0.00982551482850509,0.583555966244829,0.50001570419981,0.67550512061682,Late Archaic
3773,Western G. Basin (11),1030,0.00881652470068521,0.00764693526634224,0.00990062807449015,0.599955315291772,0.512380371158503,0.681129349194522,Late Archaic
3774,Western G. Basin (11),1000,0.00888432907843696,0.00782763206215801,0.00986908567990095,0.605032280267037,0.525910342731405,0.678767560208688,Late Archaic
3775,Western G. Basin (11),970,0.00873756829891655,0.00758999654792555,0.00970923931956819,0.594043324065775,0.508116990404588,0.666798799492316,Late Archaic
3776,Western G. Basin (11),940,0.00848770373592815,0.0073746699126951,0.00950409383403478,0.575334301478815,0.491994052305968,0.65143819182329,Late Archaic
3777,Western G. Basin (11),910,0.00831735381234621,0.0073225824605198,0.00949193789928156,0.562579069084657,0.488093918138922,0.650527996095079,Late Archaic
3778,Western G. Basin (11),880,0.00828888901138576,0.00740012086857849,0.00934364680868914,0.560447720014053,0.493899734739631,0.639424455320201,Late Archaic
3779,Western G. Basin (11),850,0.00827705622397083,0.00749334321464112,0.00919725455536158,0.559561720477485,0.500879912149487,0.628463093127402,Late Archaic
3780,Western G. Basin (11),820,0.00808937849922744,0.00721759083180917,0.00885016633224688,0.545509040300278,0.480232496216998,0.602474288119378,Late Archaic
3781,Western G. Basin (11),790,0.00762575764492902,0.0066917072924096,0.00856673231679569,0.510794661714077,0.440856096062192,0.58125169723427,Post Archaic
3782,Western G. Basin (11),760,0.0069472330695183,0.0060811130518504,0.00784946557102412,0.45998901142362,0.395136841993258,0.527545162834117,Post Archaic
3783,Western G. Basin (11),730,0.00623843039164659,0.00539324711864203,0.00703207988501588,0.406916238112362,0.343631742081218,0.46634205712402,Post Archaic
3784,Western G. Basin (11),700,0.00570388461999211,0.00493658511497974,0.0064875035411402,0.366891238984687,0.309438418950714,0.425566002304405,Post Archaic
3785,Western G. Basin (11),670,0.00546506041235104,0.00475290241373296,0.00621874792055665,0.349008881272053,0.2956848727681,0.405442480522312,Post Archaic
3786,Western G. Basin (11),640,0.00551704487728067,0.00493220970267446,0.00618418645431666,0.352901304098673,0.309110802714672,0.402854633551181,Post Archaic
3787,Western G. Basin (11),610,0.00576474050315472,0.00532942042604106,0.0061985491133067,0.371447923930409,0.33885261286321,0.403930061407935,Post Archaic
3788,Western G. Basin (11),580,0.00611465924925745,0.00570611215951908,0.00650963391651185,0.397648669030629,0.367058029692521,0.427223050777923,Post Archaic
3789,Western G. Basin (11),550,0.00654429012764334,0.00597693226930976,0.00709944573783916,0.429817991929572,0.387336133519962,0.471386186819671,Post Archaic
3790,Western G. Basin (11),520,0.00708985689130272,0.00629911901036027,0.00787275837209909,0.470668206069269,0.411460398855711,0.529289249855554,Post Archaic
3791,Western G. Basin (11),490,0.0077838802415751,0.006837655375291,0.00875368899437778,0.522634352772219,0.451784200257898,0.595250387812208,Post Archaic
3792,Western G. Basin (11),460,0.00859646269109857,0.00733019614568431,0.00979135341806679,0.583477808202944,0.488664005413441,0.672947228485785,Post Archaic
3793,Western G. Basin (11),430,0.0094118298737979,0.00811874530501046,0.0106709482918087,0.644529775137911,0.547707928474456,0.73880835006058,Post Archaic
3794,Western G. Basin (11),400,0.0101046260817605,0.00893163366828201,0.0111823886820844,0.69640403752995,0.608574289703242,0.777103295526678,Post Archaic
3795,Western G. Basin (11),370,0.0107053446058695,0.00961651734210856,0.0117171142775933,0.74138383098903,0.659856088009535,0.817141759262994,Post Archaic
3796,Western G. Basin (11),340,0.011440223720492,0.0101726799103302,0.0126597359510724,0.796409120648835,0.701499680547963,0.887722116754097,Post Archaic
3797,Western G. Basin (11),310,0.0124802608937026,0.0106702300016543,0.0139922298682109,0.874283624868864,0.738754566896761,0.987494803583192,Post Archaic
3798,Western G. Basin (11),280,0.0136064684932666,0.0115656103095613,0.0155057671766702,0.958610282342206,0.805797648973706,1.10082341389712,Post Archaic
3799,Western G. Basin (11),250,0.0141592404869242,0.0122623950680791,0.0162388738075042,1,0.857970560688143,1.15571598590046,Post Archaic
3800,Western G. Basin (11),220,0.0133672833599316,0.0114052877862755,0.0153451281285097,0.94070089972104,0.793793234768358,1.08879529936804,Post Archaic
3801,W. South Africa (30),2680,0.0037750790954373,0.002905781627644,0.00459585605352637,0.00425831600172867,-0.116575571336917,0.118347766573411,HG
3802,W. South Africa (30),2650,0.00388370515336208,0.00320762208667631,0.00458692438023998,0.0193575304037266,-0.0746192130450429,0.117106248170771,HG
3803,W. South Africa (30),2620,0.00397874289373882,0.00343853009825987,0.00457308343295164,0.0325679446049247,-0.0425225905527377,0.115182331988726,HG
3804,W. South Africa (30),2590,0.00407378063411556,0.0035418922636303,0.00460295586317388,0.0457783588061228,-0.0281550665368741,0.119334652686459,HG
3805,W. South Africa (30),2560,0.00416918690438467,0.00363318207691681,0.0046570474078364,0.0590399993149381,-0.0154656208378895,0.126853473177581,HG
3806,W. South Africa (30),2530,0.00426552520696678,0.0037882998695341,0.00467490619897087,0.0724311939656639,0.00609602701197388,0.129335876768868,HG
3807,W. South Africa (30),2500,0.00436190896811515,0.0038059238788501,0.00481659752438031,0.0858287074375969,0.00854579551475251,0.149031221901816,HG
3808,W. South Africa (30),2470,0.00445680439317286,0.00376131053031792,0.00509823324224054,0.0990193395574431,0.00234446106933932,0.188179085393068,HG
3809,W. South Africa (30),2440,0.00447090423118264,0.0037985950765141,0.00515964984711524,0.100979242008203,0.0075270790125138,0.19671610222459,HG
3810,W. South Africa (30),2410,0.00443898700487064,0.00384052490761554,0.00510404278417208,0.0965426910331532,0.013355399783195,0.188986622008844,HG
3811,W. South Africa (30),2380,0.00440706977855863,0.00378833741609901,0.005125035266722,0.0921061400581033,0.00610124605098299,0.191904614255887,HG
3812,W. South Africa (30),2350,0.00435997632483662,0.00364986874629731,0.00511556271289062,0.0855600665996366,-0.0131461442459474,0.190587912499726,HG
3813,W. South Africa (30),2320,0.00424219686133635,0.00361487164180262,0.0048686108424718,0.0691885126141821,-0.0180108037421093,0.156261165219529,HG
3814,W. South Africa (30),2290,0.00411548360930193,0.00353810991734309,0.00471718193587388,0.0515751462029025,-0.0286808193684154,0.135212279058482,HG
3815,W. South Africa (30),2260,0.00398877035726751,0.00342682504336675,0.00459594402531642,0.0339617797916228,-0.0441496139096996,0.118359994808005,HG
3816,W. South Africa (30),2230,0.00393931757544632,0.00345770394430865,0.00446889748357393,0.027087755549572,-0.0398573919997164,0.100700300537129,HG
3817,W. South Africa (30),2200,0.00397390228267795,0.00358084078743182,0.00437298954274952,0.0318950910959137,-0.0227411527600551,0.0873689269327895,HG
3818,W. South Africa (30),2170,0.00400851154432567,0.00354947989536171,0.00447542881153226,0.0367058397495712,-0.0271003722903487,0.101608166688736,HG
3819,W. South Africa (30),2140,0.00404215567271768,0.00352831771386039,0.00460687174235274,0.0413824331716676,-0.0300419529921323,0.119878966826394,HG
3820,W. South Africa (30),2110,0.00406650589794363,0.0035663826095869,0.00455317364228576,0.0447671575964284,-0.024750865082432,0.112414835830748,Herding
3821,W. South Africa (30),2080,0.00408852753596534,0.00362945130702944,0.00452405959151089,0.0478282042764355,-0.0159842044585236,0.108367931219105,Herding
3822,W. South Africa (30),2050,0.00411054917398704,0.00364225733882701,0.00460623680103614,0.0508892509564427,-0.014204143362279,0.11979070885906,Herding
3823,W. South Africa (30),2020,0.00413663942516429,0.00367898059870615,0.00463353098775168,0.0545158420695988,-0.00909954521107578,0.123584649143917,Herding
3824,W. South Africa (30),1990,0.00417099112572659,0.00378014951598489,0.00453997125492167,0.0592907892763043,0.00496311343633153,0.110579680608908,Herding
3825,W. South Africa (30),1960,0.00420558266291686,0.00386450624025549,0.00454054125861228,0.0640990741989905,0.0166888474852823,0.11065891213124,Herding
3826,W. South Africa (30),1930,0.00424278596442545,0.00387410864474852,0.00463246117013387,0.0692703989867251,0.0180235987133471,0.123435942600654,Herding
3827,W. South Africa (30),1900,0.00435440379390243,0.0040110494473445,0.00471080195891894,0.084785474932182,0.0370586127632003,0.134325450964351,Herding
3828,W. South Africa (30),1870,0.00449998686777666,0.00417001142256976,0.00483196119659207,0.105021779993081,0.0591546088026881,0.151166799544596,Herding
3829,W. South Africa (30),1840,0.00464556994165088,0.004308931602702,0.00503367736586516,0.125258085053979,0.0784647598350791,0.179205704264059,Herding
3830,W. South Africa (30),1810,0.00476554852780977,0.0043403078592791,0.00525527884849004,0.141935320983097,0.0828261150590509,0.210008702751499,Herding
3831,W. South Africa (30),1780,0.00479108132305853,0.00439731185494774,0.00516884634721222,0.145484424735074,0.0907497713972691,0.197994432022846,Herding
3832,W. South Africa (30),1750,0.00480781546488022,0.00437286362171522,0.00521955439027924,0.147810500080402,0.087351423686045,0.205042939800831,Herding
3833,W. South Africa (30),1720,0.00482447348725438,0.00435041966627005,0.00532084745239791,0.150125994687736,0.0842316741363548,0.219122854800818,Herding
3834,W. South Africa (30),1690,0.00479477737164133,0.00430030336695724,0.00525289670231161,0.145998182032891,0.0772654197880401,0.209677580214493,Herding
3835,W. South Africa (30),1660,0.00472591900999884,0.0043297036584974,0.00509319381951692,0.136426747833094,0.0813521123729219,0.187478596710886,Herding
3836,W. South Africa (30),1630,0.00465706064835634,0.00431048204558667,0.00508453044073609,0.126855313633298,0.0786802741415075,0.186274371719605,Herding
3837,W. South Africa (30),1600,0.00460883038337387,0.0041778759902597,0.00510203047985824,0.12015122139661,0.0602477976378349,0.188706908145916,Herding
3838,W. South Africa (30),1570,0.00470895469923009,0.00430364393867977,0.00517235178158626,0.134068678596551,0.0777297651728161,0.198481693608114,Herding
3839,W. South Africa (30),1540,0.00483837957834295,0.00441595682612319,0.00525544246755491,0.152058965973368,0.0933414554063867,0.210031446091247,Herding
3840,W. South Africa (30),1510,0.0049678044574558,0.00443703424720778,0.00547223299257116,0.170049253350185,0.0962712542601544,0.240165712952045,Herding
3841,W. South Africa (30),1480,0.00507062481418721,0.00456320266750838,0.00552871580402654,0.184341465005812,0.113808888095668,0.248016923761728,Herding
3842,W. South Africa (30),1450,0.00513021992423521,0.00479065377431198,0.00547276733955415,0.192625290830997,0.145424994702218,0.240239988128879,Herding
3843,W. South Africa (30),1420,0.00518921255446782,0.00490924328050852,0.00548362893134714,0.200825370894997,0.161909146056845,0.241749768621355,Herding
3844,W. South Africa (30),1390,0.00523678863371013,0.00492153189081955,0.0055779425837104,0.207438530155398,0.163617284650233,0.254859533306494,Herding
3845,W. South Africa (30),1360,0.00508211767116279,0.00476604888843425,0.00542948021129032,0.185938992476486,0.142004871995917,0.234223000649181,Herding
3846,W. South Africa (30),1330,0.00485331859999019,0.00450359470512104,0.00524098418833612,0.154135516435726,0.105523275772556,0.208021719677722,Herding
3847,W. South Africa (30),1300,0.00462451952881759,0.00415810254567488,0.00503644516277369,0.122332040394966,0.0574992538265619,0.179590432935444,Herding
3848,W. South Africa (30),1270,0.00440152753539239,0.00389629332595631,0.0048481692238972,0.0913357584440242,0.0211073086849302,0.153419744040501,Herding
3849,W. South Africa (30),1240,0.00419565562216195,0.00378686769699432,0.00455044573540679,0.0627191979556725,0.00589695249291416,0.112035651944108,Herding
3850,W. South Africa (30),1210,0.0039909017396201,0.00363720013593691,0.00432870243472017,0.0342580457127958,-0.0149071035190851,0.081212940494962,Herding
3851,W. South Africa (30),1180,0.00378770146540588,0.00343092614868349,0.00421088630647392,0.00601284777852382,-0.0435795530086084,0.0648362900448913,Herding
3852,W. South Africa (30),1150,0.00374444411878549,0.00338291890480578,0.00412215654593389,0,-0.0502526449168162,0.0525026962109006,Herding
3853,W. South Africa (30),1120,0.00380789761983053,0.00350382130707946,0.00414380380047395,0.00882014900604951,-0.0334469969118894,0.0555117029240157,Herding
3854,W. South Africa (30),1090,0.00387135112087556,0.00352466421077288,0.00424329451741711,0.0176402980120991,-0.030549796390766,0.0693410887530909,Herding
3855,W. South Africa (30),1060,0.00393510202334029,0.00353336461285621,0.0043883047842737,0.0265017863421113,-0.0293404250948777,0.0894977726242348,Herding
3856,W. South Africa (30),1030,0.00400049772109091,0.00364264047488453,0.00440312930602362,0.0355919041293985,-0.014150886771843,0.0915584073981138,Herding
3857,W. South Africa (30),1000,0.00406614509665338,0.00370816211010314,0.00441722523673212,0.044717005578192,-0.00504326345350156,0.0935177667270761,Herding
3858,W. South Africa (30),970,0.00413179247221585,0.00370720094707984,0.00456155606582111,0.0538421070269855,-0.00517686681572754,0.113580007545404,Herding
3859,W. South Africa (30),940,0.00422237466270074,0.00376517908098231,0.00473815575130023,0.066433191903516,0.00288219646195556,0.138127676542295,Herding
3860,W. South Africa (30),910,0.00434509288404693,0.00397945820113227,0.00476879139249576,0.0834912419749003,0.0326673735992507,0.142386084916777,Herding
3861,W. South Africa (30),880,0.00446793659158352,0.00411750143055297,0.00482589779210438,0.100566734848955,0.0518556269298694,0.150323975583985,Herding
3862,W. South Africa (30),850,0.00458493037534837,0.00418156195902187,0.00498415673455918,0.116829077959937,0.0607601538227355,0.172322248823479,Herding
3863,W. South Africa (30),820,0.00463107743779052,0.00433601738328191,0.00493969679935148,0.123243601354673,0.0822297312980469,0.166142239101826,Herding
3864,W. South Africa (30),790,0.0046564259490007,0.00437847436889309,0.00491367019808994,0.126767089298965,0.0881313274790441,0.162524495439661,Herding
3865,W. South Africa (30),760,0.00468177446021089,0.00432500428529298,0.00504069227676038,0.130290577243258,0.0806988911760556,0.180180789300205,Herding
3866,W. South Africa (30),730,0.0047860249582503,0.00437194182161771,0.00520625117535949,0.144781581073131,0.0872232918402073,0.203193769370212,Herding
3867,W. South Africa (30),700,0.0050770015543942,0.00470680134376467,0.00545786893542881,0.185227843186247,0.133769358373787,0.238169083573989,Polity
3868,W. South Africa (30),670,0.00537587584307794,0.00505684253523199,0.00572003322501468,0.226771898547301,0.182425703825957,0.274610384055919,Polity
3869,W. South Africa (30),640,0.0056787306993234,0.00530659180665691,0.00604133857772714,0.268869259848056,0.217141294799522,0.319272397036949,Polity
3870,W. South Africa (30),610,0.00615374583058835,0.00582258601223749,0.0064539963147347,0.334897204230692,0.28886540307605,0.376632553197957,Polity
3871,W. South Africa (30),580,0.00672045669888223,0.00638233690759775,0.00706546244000829,0.413671018431301,0.366671768714459,0.461627427369472,Polity
3872,W. South Africa (30),550,0.00728716756717611,0.00688597379363142,0.00778545038255745,0.492444832631909,0.436678187692145,0.561707026308159,Polity
3873,W. South Africa (30),520,0.00791200447670859,0.00741419432158634,0.0085405248174999,0.579298269491832,0.510101776428564,0.666663709819197,Polity
3874,W. South Africa (30),490,0.00878899987139037,0.00825682363457083,0.00939243038670225,0.701202182299143,0.627228743025939,0.785080092456861,Polity
3875,W. South Africa (30),460,0.00969512802997029,0.00909990558437911,0.0102801769434028,0.827155600875367,0.744418626943332,0.908478435822489,Polity
3876,W. South Africa (30),430,0.0106012561885502,0.00988586855566582,0.0113199525164991,0.953109019451591,0.853668871702344,1.0530090816737,Polity
3877,W. South Africa (30),400,0.0109385970748765,0.0103277202544663,0.011611262140773,1,0.91508704024801,1.0935016352866,Polity
3878,W. South Africa (30),370,0.0107033535620582,0.010228946190248,0.0112346775032647,0.967300735158938,0.901357270416702,1.04115570383272,Polity
3879,W. South Africa (30),340,0.0104681100492399,0.00973796698355466,0.0111123145218908,0.934601470317877,0.833110291281012,1.02414703274652,Polity
3880,W. South Africa (30),310,0.0101816087753858,0.00923308253094718,0.0111569490265803,0.894777285927761,0.762930458340427,1.03035130793526,Polity
3881,Yucatan (13),4690,0.000377731390498264,8.53466808982074E-07,0.000907009312350818,0,-0.0213529730937701,0.0299875808957222,Formative
3882,Yucatan (13),4660,0.000381679191096012,3.34174203651214E-06,0.000871204300298158,0.000223672639453366,-0.0212119935599645,0.027958957272724,Formative
3883,Yucatan (13),4630,0.000394114884059117,1.05069892804544E-05,0.000878656840237355,0.000928248313836706,-0.0208060283335792,0.0283811997942391,Formative
3884,Yucatan (13),4600,0.000432709776471131,3.63565550777185E-05,0.000930997451838217,0.00311493967310593,-0.019341455727279,0.0313466896809487,Formative
3885,Yucatan (13),4570,0.000517666664143265,8.74314857065087E-05,0.00101418633696761,0.00792838727129731,-0.016447676200989,0.0360599666181595,Formative
3886,Yucatan (13),4540,0.000667658160339978,0.000180419361175545,0.00123216580240205,0.0164265352955452,-0.0111792126531635,0.0484101451981429,Formative
3887,Yucatan (13),4510,0.000869241514668061,0.000316907468488461,0.00143020666380622,0.0278477506827014,-0.00344613331929642,0.0596306516784239,Formative
3888,Yucatan (13),4480,0.0010650055850423,0.000511568742144988,0.0016716558765153,0.0389392598019099,0.00758289405937741,0.0733105682201512,Formative
3889,Yucatan (13),4450,0.00118158294204628,0.000585633944486574,0.00184296188458624,0.0455442451591871,0.0117792456453313,0.083016343887064,Formative
3890,Yucatan (13),4420,0.00118714655250442,0.000581887674881536,0.00191351848614458,0.0458594655978217,0.011566991254585,0.0870139068111932,Formative
3891,Yucatan (13),4390,0.00111978337846867,0.000495863827998028,0.00177042514118568,0.0420428343963553,0.00669309238052798,0.0789065910127651,Formative
3892,Yucatan (13),4360,0.0010498073932433,0.000417431762582399,0.00172003691798896,0.0380781677608025,0.00224932510937971,0.0760517186349139,Formative
3893,Yucatan (13),4330,0.00102524202482504,0.000373766970787758,0.00180513629361768,0.0366863546088435,-0.000224614237369426,0.0808732392490921,Formative
3894,Yucatan (13),4300,0.00105078032333386,0.000350102852816149,0.00177999581827887,0.0381332915787286,-0.00156536476313428,0.0794488419582689,Formative
3895,Yucatan (13),4270,0.0011140896389381,0.000386492489115713,0.0018701647695072,0.0417202411656109,0.000496382226952894,0.0845575922151802,Formative
3896,Yucatan (13),4240,0.00120907874564911,0.000505581878565987,0.00196902669398978,0.0471020895369513,0.00724369314342279,0.0901588648840864,Formative
3897,Yucatan (13),4210,0.00134418213469483,0.000626243338851351,0.00218326106648257,0.0547567141510182,0.0140800737138395,0.102296855740168,Formative
3898,Yucatan (13),4180,0.00152128206795971,0.000755864253438731,0.00240203756396737,0.0647907593211228,0.0214240748547928,0.114692192189202,Formative
3899,Yucatan (13),4150,0.00171836224674191,0.000928895564248323,0.00249060322132537,0.0759568358948233,0.0312276019171609,0.119710103772043,Formative
3900,Yucatan (13),4120,0.0018801198741421,0.00110011265495344,0.00277164462827269,0.085121623876504,0.0409283397455568,0.135633216333364,Formative
3901,Yucatan (13),4090,0.00195169486815013,0.00111481644791789,0.00281423903644577,0.0891768864036355,0.0417614203687807,0.138046510385617,Formative
3902,Yucatan (13),4060,0.00193194873948103,0.00105469858906793,0.0027852677888873,0.0880581194829043,0.0383552908456923,0.136405070994439,Formative
3903,Yucatan (13),4030,0.00186838544935474,0.000993117183765409,0.00275326799492183,0.0844567803263632,0.0348662403923539,0.134592041637712,Formative
3904,Yucatan (13),4000,0.00181572175523943,0.00104887032112538,0.00278308081048671,0.0814729853816909,0.0380250755671153,0.136281162195305,Formative
3905,Yucatan (13),3970,0.00179458288923704,0.00097931120430855,0.00267698467977812,0.0802753094006642,0.0340840276668389,0.130270017254267,Formative
3906,Yucatan (13),3940,0.00178683737147784,0.000877855896410772,0.00268350653411209,0.0798364674788806,0.0283358202936007,0.130639529426144,Formative
3907,Yucatan (13),3910,0.00175667865158562,0.000916351135405903,0.00267180576743369,0.0781277488357265,0.0305168655361949,0.129976592861395,Formative
3908,Yucatan (13),3880,0.00167572680993849,0.000862145958106385,0.00251078280344859,0.073541217261626,0.0274457339583901,0.120853429095804,Formative
3909,Yucatan (13),3850,0.00154013067003345,0.000800461528995169,0.00236516836006337,0.0658586745998846,0.0239508464302942,0.112603274082129,Formative
3910,Yucatan (13),3820,0.00136873387568324,0.000629833174012698,0.00206566003739893,0.056147755206432,0.0142834649150564,0.0956338716490831,Formative
3911,Yucatan (13),3790,0.00120112466804068,0.000465366343016183,0.00190133322140793,0.0466514311287966,0.00496518014340295,0.0863235197821118,Formative
3912,Yucatan (13),3760,0.00107060775966148,0.00043924401132502,0.00166080838756251,0.0392566651907395,0.00348515329468836,0.0726959762656092,Formative
3913,Yucatan (13),3730,0.000984233373194438,0.000304219162599335,0.00166695724386466,0.0343629056089441,-0.00416502141866783,0.0730443552894907,Formative
3914,Yucatan (13),3700,0.000941681401931457,0.000272239650040256,0.00169775423852422,0.031952015927291,-0.00597690168095905,0.0747892370058226,Formative
3915,Yucatan (13),3670,0.000946697891080469,0.000323342548345442,0.00170991993943754,0.0322362378227405,-0.00308153757514331,0.0754785155969539,Formative
3916,Yucatan (13),3640,0.00100226408895721,0.000265213064295841,0.00185977409472138,0.0353844814677127,-0.00637501068897105,0.0839688822240093,Formative
3917,Yucatan (13),3610,0.00108792033189397,0.000355573405591278,0.00188098197853266,0.0402375528093234,-0.00125541674317094,0.085170468583765,Formative
3918,Yucatan (13),3580,0.00117042276510684,0.000420661360372223,0.00191496211197998,0.0449119370749755,0.00243230615012298,0.0870956990884347,Formative
3919,Yucatan (13),3550,0.00123461571350924,0.000515744117369289,0.0019129601673355,0.0485489511155653,0.00781946051556069,0.0869822738452942,Formative
3920,Yucatan (13),3520,0.00130718524770875,0.00065785732771094,0.00197545138940643,0.0526605618356114,0.01587124430536,0.0905228722714771,Formative
3921,Yucatan (13),3490,0.00143400273487741,0.000759474140441408,0.00221602088080542,0.0598457276973416,0.0216286021438554,0.104152945974759,Formative
3922,Yucatan (13),3460,0.00162452206126978,0.00086512690790491,0.00252293780641089,0.0706400825655602,0.0276146272175619,0.121542101567431,Formative
3923,Yucatan (13),3430,0.00184538706778094,0.00105631165067838,0.00271888127692278,0.0831537487819883,0.0384466829358137,0.132643775055714,Formative
3924,Yucatan (13),3400,0.00206184433259528,0.00125243798126455,0.00298092407446625,0.0954176832313361,0.049558716824641,0.147490473293139,Formative
3925,Yucatan (13),3370,0.00226958362306525,0.00143105330460934,0.00307459951855193,0.107187678768621,0.0596786202569811,0.152797892781996,Formative
3926,Yucatan (13),3340,0.00246349697746511,0.00169742035245042,0.00328192765219703,0.118174330887934,0.0747703198448477,0.16454459318824,Formative
3927,Yucatan (13),3310,0.00261136039196971,0.00167350536659529,0.00345916054938004,0.126551907055204,0.0734153557638967,0.174586171765816,Formative
3928,Yucatan (13),3280,0.00269028291346377,0.00178181629877668,0.00359287263184272,0.131023462357405,0.0795519858906779,0.182161968382366,Formative
3929,Yucatan (13),3250,0.00271471873735606,0.00170288252393505,0.00377333821915496,0.132407935836213,0.0750797930015747,0.192386703205005,Formative
3930,Yucatan (13),3220,0.00273374355263067,0.00159456054314448,0.00388141259782428,0.133485834920075,0.0689425368878633,0.198509930793561,Formative
3931,Yucatan (13),3190,0.00280381388104593,0.00168303665199296,0.00398737568293866,0.137455846807947,0.0739553748731437,0.204513537699562,Formative
3932,Yucatan (13),3160,0.00296282492498982,0.00176081975485529,0.00411158570275112,0.146465020149035,0.0783623735275368,0.211550970895619,Formative
3933,Yucatan (13),3130,0.00321178393440473,0.00202473261408559,0.00435586482856544,0.160570423239377,0.0933150248451835,0.225391223330207,Formative
3934,Yucatan (13),3100,0.00352598609486,0.00241759228470614,0.00478066301336816,0.178372342260075,0.115573484280192,0.249459240160647,Formative
3935,Yucatan (13),3070,0.0038668329359173,0.00275843215672524,0.005015483464128,0.197683883129722,0.134884630301332,0.262763587408844,Formative
3936,Yucatan (13),3040,0.00418489054137096,0.00292365777546127,0.00554079298280843,0.215704242149531,0.144245906113764,0.292526328374092,Formative
3937,Yucatan (13),3010,0.00444267383572637,0.0030936140454021,0.00562421562313868,0.230309607447958,0.153875208949119,0.29725284930412,Formative
3938,Yucatan (13),2980,0.0046461877344254,0.00328939242162652,0.0059916903914397,0.241840202714958,0.164967528602495,0.318073062818776,Formative
3939,Yucatan (13),2950,0.00482730056005476,0.00345228976982605,0.00634995326320214,0.252101608463385,0.174196890352054,0.338371353008751,Formative
3940,Yucatan (13),2920,0.00497804020836419,0.00375624761330395,0.00624098562743537,0.260642144940043,0.191418391653826,0.332197515677441,Formative
3941,Yucatan (13),2890,0.00505516692088569,0.0039176968510191,0.00610050350239994,0.265011954137571,0.200565707036999,0.324238145155886,Formative
3942,Yucatan (13),2860,0.00503682971771153,0.00399941265529074,0.00615729302221089,0.263973013458425,0.205195522848091,0.327455699202727,Formative
3943,Yucatan (13),2830,0.00498659864822214,0.00380263403875557,0.00611549176112131,0.261127045021806,0.194046532047109,0.32508734290689,Formative
3944,Yucatan (13),2800,0.0050703437697202,0.00384854299482878,0.00644032476625216,0.265871836938981,0.196647620203715,0.343491579352021,Formative
3945,Yucatan (13),2770,0.00553248338390792,0.00414368443984687,0.00715143965753713,0.292055527006886,0.213369606125935,0.383781594197002,Formative
3946,Yucatan (13),2740,0.00656576291794703,0.00494679451854684,0.00850743778857857,0.350598595469741,0.258871841263365,0.460609101958381,Formative
3947,Yucatan (13),2710,0.00809496758502771,0.00585890484026862,0.0102715344391849,0.437239558122577,0.310549761178707,0.560558464729394,Formative
3948,Yucatan (13),2680,0.00966845339985875,0.0070311135644371,0.0122541533558557,0.526389381329565,0.376964214703685,0.672888759824563,Formative
3949,Yucatan (13),2650,0.0107695893341379,0.0078632096493009,0.0135219296825109,0.588777025973435,0.424108725418451,0.744717837863917,Formative
3950,Yucatan (13),2620,0.0112287206927527,0.00853103996040751,0.0137284714605146,0.614790275704375,0.461946342768573,0.756419985300098,Formative
3951,Yucatan (13),2590,0.0112396827610642,0.00919429788335589,0.0134379513654573,0.615411359442621,0.499524899889427,0.739959833662046,Formative
3952,Yucatan (13),2560,0.0111237900056118,0.00910622808657577,0.0133582144634254,0.608845161919791,0.494535082543241,0.735442137568309,Formative
3953,Yucatan (13),2530,0.0110381064848814,0.00876166665099565,0.0133823905288609,0.603990545085711,0.475013081914838,0.736811893773987,Formative
3954,Yucatan (13),2500,0.0109620733476204,0.00853731181240243,0.0133011507015038,0.599682695163708,0.462301690424877,0.732209045640257,Formative
3955,Yucatan (13),2470,0.0107724712705443,0.00829770680663534,0.0131949717235318,0.588940309378156,0.448726262097333,0.726193206777722,Formative
3956,Yucatan (13),2440,0.0103853436212395,0.00811072034715205,0.0125876055144776,0.567006612125366,0.438132070749745,0.691781336236079,Formative
3957,Yucatan (13),2410,0.0098472272273626,0.00769293852684899,0.0121849458006869,0.5365182652164,0.414461583816813,0.668967630539681,Formative
3958,Yucatan (13),2380,0.00931202470987722,0.00732596879303213,0.0115281412246237,0.506195011352887,0.393669984309702,0.631754704127715,Formative
3959,Yucatan (13),2350,0.0089164550337978,0.00681614558497948,0.0114032496269067,0.483783009696354,0.364784659487378,0.624678654409593,Formative
3960,Yucatan (13),2320,0.0087046757521705,0.00651914375705321,0.0110676376689425,0.471784118230018,0.347957268860649,0.605663709097311,Formative
3961,Yucatan (13),2290,0.00863821296559697,0.00670102460299282,0.0107720023051254,0.468018500760178,0.358262188744528,0.588913738954837,Formative
3962,Yucatan (13),2260,0.0086546904031065,0.00704648506885384,0.0107265005609979,0.468952071706311,0.377835126210012,0.586335722422153,Formative
3963,Yucatan (13),2230,0.00866494753297599,0.00712667379641103,0.0103735661484137,0.469533215372086,0.382378421622995,0.5663393295796,Formative
3964,Yucatan (13),2200,0.00856013570975406,0.0068747089521508,0.0102473958916952,0.463594836123817,0.368102715348143,0.559190834197936,Formative
3965,Yucatan (13),2170,0.00826614290249808,0.00649790179621434,0.0099383285307189,0.446937929182581,0.346753751780606,0.541679840244016,Formative
3966,Yucatan (13),2140,0.00779180864135644,0.00589379018279919,0.00949694646898147,0.420063320512317,0.312526278596151,0.516672221872284,Formative
3967,Yucatan (13),2110,0.00728211609840695,0.00559786633373393,0.00873019766311264,0.391185398852283,0.295759963591442,0.473230126720816,Formative
3968,Yucatan (13),2080,0.00695918836005813,0.00521607507304245,0.00862246037205443,0.372889110121188,0.274128612948301,0.467125997684438,Formative
3969,Yucatan (13),2050,0.00698041020344441,0.00522192349714639,0.00855737997913563,0.374091487396014,0.274459970225241,0.463438703227592,Formative
3970,Yucatan (13),2020,0.0073741947669313,0.00570176613352176,0.00895578694890238,0.396402348978371,0.301646669842633,0.486011458942553,Formative
3971,Yucatan (13),1990,0.00802338526180345,0.00625097165176373,0.00976232056781681,0.433183880340142,0.332763299172292,0.531707663419893,Formative
3972,Yucatan (13),1960,0.00874713318842712,0.00693837954908545,0.0104550324257015,0.474189651791505,0.371710134243633,0.570955007807574,Formative
3973,Yucatan (13),1930,0.00939693155237787,0.00756551249859339,0.0113738139374463,0.511005623515165,0.40724193951886,0.623010900886404,Formative
3974,Yucatan (13),1900,0.00990774427913737,0.0082756107647816,0.0118380094206394,0.539947012025476,0.447474354894696,0.649311071418659,Formative
3975,Yucatan (13),1870,0.01025794461741,0.00871564178471915,0.0119543985326722,0.559788498964705,0.472405426572159,0.655905391280423,Formative
3976,Yucatan (13),1840,0.0104349000243064,0.0090530993678184,0.0119538775541876,0.569814355627436,0.49152494044994,0.655875873925163,Formative
3977,Yucatan (13),1810,0.0104333230632813,0.00898681396469384,0.0120823144293809,0.569725008907393,0.487769373088571,0.663152790316027,Formative
3978,Yucatan (13),1780,0.0103441064338361,0.00874134737531353,0.0120179798880754,0.564670214852565,0.473861841898766,0.659507753970975,Formative
3979,Yucatan (13),1750,0.0103559785359466,0.00872549570519506,0.0120803142381678,0.565342858860073,0.472963725388737,0.663039464417981,Formative
3980,Yucatan (13),1720,0.010644654266262,0.00875720744650993,0.0124570868207648,0.581698513343381,0.474760434393139,0.684386469145425,Formative
3981,Yucatan (13),1690,0.0112160261673916,0.0093638058176062,0.0131831365512635,0.614071035225068,0.509128801130965,0.725522655123941,Classic
3982,Yucatan (13),1660,0.0118438672254712,0.00983882435056304,0.0137791880694837,0.649642960184494,0.536042178953625,0.759293463205419,Classic
3983,Yucatan (13),1630,0.0122822769040828,0.0105698950875325,0.0140011904104567,0.674482170663583,0.57746284276789,0.771871567985728,Classic
3984,Yucatan (13),1600,0.0124618254572972,0.0108455811013517,0.0140448742394158,0.684654948597307,0.593082531970655,0.774346585931235,Classic
3985,Yucatan (13),1570,0.0124579628829814,0.0105972794696246,0.0142952961713136,0.684436104668664,0.579014374277821,0.788534874599246,Classic
3986,Yucatan (13),1540,0.0123644726665351,0.0102742334556191,0.0143804364310049,0.679139179720746,0.5607113843399,0.793358711603517,Classic
3987,Yucatan (13),1510,0.0122326578050069,0.0101304017148694,0.0141406482982531,0.671670874960367,0.552562232858186,0.779772907752944,Classic
3988,Yucatan (13),1480,0.0120832053702783,0.010420989145697,0.0136674465131693,0.663203268828602,0.569026199574806,0.752962462381382,Classic
3989,Yucatan (13),1450,0.0119356241599937,0.0106997073174919,0.0132211837963009,0.654841681656014,0.584817683365692,0.727678318134448,Classic
3990,Yucatan (13),1420,0.011820609890286,0.010406882403878,0.013196120929135,0.648325256967544,0.568226946396079,0.726258317931184,Classic
3991,Yucatan (13),1390,0.0117884122109303,0.0103374925293485,0.0132595543830038,0.64650101591295,0.564295487346142,0.729852300885785,Classic
3992,Yucatan (13),1360,0.011973371111815,0.0105263206544783,0.0133625449344763,0.656980330793965,0.574994022924386,0.73568749137128,Classic
3993,Yucatan (13),1330,0.0125926038867797,0.0113321911526138,0.0137891485964004,0.69206453167569,0.620652656614847,0.759857802079848,Classic
3994,Yucatan (13),1300,0.013831907493206,0.0123520562607604,0.0152588070315823,0.762280415652092,0.678435696810863,0.843125022181983,Classic
3995,Yucatan (13),1270,0.0154991424988978,0.0139538316101504,0.0172521250547167,0.856741836658217,0.769188335232814,0.956061502246033,Classic
3996,Yucatan (13),1240,0.0170460904551584,0.0152886031571809,0.018899274125597,0.944388090288955,0.84481319712727,1.04938490375398,Classic
3997,Yucatan (13),1210,0.0179439945977359,0.0160491302072709,0.0199774226721025,0.995261123152107,0.887902782950415,1.11047013973506,Classic
3998,Yucatan (13),1180,0.0180276353188294,0.0159680435021733,0.0201228654040549,1,0.883308610346024,1.1187105660027,Post-Classic
3999,Yucatan (13),1150,0.0174531912879996,0.0154698714095495,0.0194947991599622,0.967453418830927,0.85508340897118,1.0831258825595,Post-Classic
4000,Yucatan (13),1120,0.0164239945678442,0.0141298038904273,0.0184001371026052,0.909141672527116,0.779158490367452,1.02110503180574,Post-Classic
4001,Yucatan (13),1090,0.0150291917453027,0.0130958988264434,0.0171832653707785,0.830115586707885,0.72057998092161,0.952160082486593,Post-Classic
4002,Yucatan (13),1060,0.0134054286649825,0.011323726349441,0.0155231288312727,0.738117177712936,0.620173061756589,0.858100843056913,Post-Classic
4003,Yucatan (13),1030,0.011818718672654,0.00986958733063224,0.0137952150317779,0.648218105243677,0.537785133487209,0.760201511337537,Post-Classic
4004,Yucatan (13),1000,0.0105103411458658,0.00883007521497874,0.0122292707850973,0.574088663400766,0.478888942330899,0.67147897477081,Post-Classic
4005,Yucatan (13),970,0.00952210005227872,0.00801964352391331,0.0110391949072892,0.518097361827685,0.432971882705178,0.604052212413317,Post-Classic
4006,Yucatan (13),940,0.00872564483868194,0.0071585435046775,0.0102386609285843,0.47297217492407,0.384184080645043,0.558695932744289,Post-Classic
4007,Yucatan (13),910,0.00806100215773826,0.00653720018332732,0.00952761634299976,0.43531516083252,0.348980301413541,0.518409901246791,Post-Classic
4008,Yucatan (13),880,0.00755910801466148,0.00629550264729507,0.00891649444133294,0.406879077264317,0.335286315485138,0.483785242430044,Post-Classic
4009,Yucatan (13),850,0.0072399850707607,0.0060892666150568,0.00853285336345484,0.388798358797145,0.323601490849507,0.462049085710104,Post-Classic
4010,Yucatan (13),820,0.00701521185331798,0.0059493276015638,0.00804817762959313,0.37606326299405,0.315672891687652,0.434588554716294,Post-Classic
4011,Yucatan (13),790,0.00677535136583661,0.00567185082130521,0.00790467241009824,0.362473359703056,0.299951742077699,0.426457903123084,Post-Classic
4012,Yucatan (13),760,0.00649697308210179,0.00547064080765917,0.00766957016543526,0.346701133130877,0.288551679252254,0.413137590127748,Post-Classic
4013,Yucatan (13),730,0.00622595594942773,0.00514860788485883,0.00724257205715438,0.331345971211892,0.270306088561904,0.388944931062025,Post-Classic
4014,Yucatan (13),700,0.0059906170962428,0.00492545435104933,0.00709200623859671,0.318012252561607,0.257662760036398,0.380414243350123,Post-Classic
4015,Yucatan (13),670,0.00577575782982001,0.00465462933304478,0.00680830433845072,0.30583885675757,0.242318482860485,0.364340393809752,Post-Classic
4016,Yucatan (13),640,0.00556251488678271,0.00459905022931845,0.00646680820332721,0.29375703784778,0.239169508001924,0.344992065540647,Post-Classic
4017,Yucatan (13),610,0.00534997974567285,0.00472302206348094,0.00608680825893318,0.281715321248478,0.24619344618685,0.323462206458295,Post-Classic
4018,Yucatan (13),580,0.00512890829217881,0.00457884247387771,0.00571736368214426,0.269189958255472,0.238024586447518,0.302530388455824,Post-Classic
4019,Yucatan (13),550,0.00486343905834626,0.00412078850066121,0.00568588388791119,0.254149126593696,0.212072378714464,0.300746821000676,Post-Classic
4020,Yucatan (13),520,0.0045432605610826,0.00368803591610929,0.00559189328307145,0.236008603077887,0.187553685224168,0.29542154528125,Post-Classic
